,Date,Home Team,Away Team,Result,HTeam,HM,HG,HGA,HPTS,HxG,HxGA,HPPDA,HOPPDA,HDC,HODC,HPTS/M,ATeam,AM,AG,AGA,APTS,AxG,AxGA,APPDA,AOPPDA,ADC,AODC,APTS/M
0,12/09/2020,Fulham,Arsenal,"['0 ', ' 3']",Fulham,0,0,0,0,0.0,0.0,0.0,0.0,0.0,0.0,0.0,Arsenal,0,0,0,0,0.0,0.0,0.0,0.0,0.0,0.0,0.0
1,12/09/2020,Crystal Palace,Southampton,"['1 ', ' 0']",Crystal Palace,0,0,0,0,0.0,0.0,0.0,0.0,0.0,0.0,0.0,Southampton,0,0,0,0,0.0,0.0,0.0,0.0,0.0,0.0,0.0
2,12/09/2020,Liverpool,Leeds,"['4 ', ' 3']",Liverpool,0,0,0,0,0.0,0.0,0.0,0.0,0.0,0.0,0.0,Leeds,0,0,0,0,0.0,0.0,0.0,0.0,0.0,0.0,0.0
3,12/09/2020,West Ham,Newcastle United,"['0 ', ' 2']",West Ham,0,0,0,0,0.0,0.0,0.0,0.0,0.0,0.0,0.0,Newcastle United,0,0,0,0,0.0,0.0,0.0,0.0,0.0,0.0,0.0
4,13/09/2020,West Bromwich Albion,Leicester,"['0 ', ' 3']",West Bromwich Albion,0,0,0,0,0.0,0.0,0.0,0.0,0.0,0.0,0.0,Leicester,0,0,0,0,0.0,0.0,0.0,0.0,0.0,0.0,0.0
5,13/09/2020,Tottenham,Everton,"['0 ', ' 1']",Tottenham,0,0,0,0,0.0,0.0,0.0,0.0,0.0,0.0,0.0,Everton,0,0,0,0,0.0,0.0,0.0,0.0,0.0,0.0,0.0
6,14/09/2020,Sheffield United,Wolverhampton Wanderers,"['0 ', ' 2']",Sheffield United,0,0,0,0,0.0,0.0,0.0,0.0,0.0,0.0,0.0,Wolverhampton Wanderers,0,0,0,0,0.0,0.0,0.0,0.0,0.0,0.0,0.0
7,14/09/2020,Brighton,Chelsea,"['1 ', ' 3']",Brighton,0,0,0,0,0.0,0.0,0.0,0.0,0.0,0.0,0.0,Chelsea,0,0,0,0,0.0,0.0,0.0,0.0,0.0,0.0,0.0
8,19/09/2020,Everton,West Bromwich Albion,"['5 ', ' 2']",Everton,1,1,0,3,1.27,0.82,16.26,11.33,0.0,0.0,0.0,West Bromwich Albion,1,0,3,0,0.35,2.96,19.11,10.53,6.0,3.0,0.0
9,19/09/2020,Leeds,Fulham,"['4 ', ' 3']",Leeds,1,3,4,0,0.27,3.15,9.33,9.94,0.0,0.0,0.0,Fulham,1,0,3,0,0.13,2.16,32.69,21.93,0.0,11.0,0.0
10,19/09/2020,Manchester United,Crystal Palace,"['1 ', ' 3']",Manchester United,0,0,0,0,0.0,0.0,0.0,0.0,0.0,0.0,0.0,Crystal Palace,1,1,0,3,1.4,1.26,17.33,3.61,1.0,14.0,3.0
11,19/09/2020,Arsenal,West Ham,"['2 ', ' 1']",Arsenal,1,3,0,3,2.16,0.13,21.93,32.69,0.0,0.0,0.0,West Ham,1,0,2,0,0.86,1.66,6.41,24.18,5.0,10.0,0.0
12,20/09/2020,Southampton,Tottenham,"['2 ', ' 5']",Southampton,1,0,1,0,1.26,1.4,3.61,17.33,14.0,1.0,0.0,Tottenham,1,0,1,0,0.82,1.27,11.33,16.26,0.0,0.0,0.0
13,20/09/2020,Newcastle United,Brighton,"['0 ', ' 3']",Newcastle United,1,2,0,3,1.66,0.86,24.18,6.41,10.0,5.0,3.0,Brighton,1,1,3,0,1.44,1.27,9.34,12.7,0.0,0.0,0.0
14,20/09/2020,Chelsea,Liverpool,"['0 ', ' 2']",Chelsea,1,3,1,3,1.27,1.44,12.7,9.34,6.0,3.0,3.0,Liverpool,1,4,3,3,3.15,0.27,9.94,9.33,0.0,0.0,0.0
15,20/09/2020,Leicester,Burnley,"['4 ', ' 2']",Leicester,1,3,0,3,2.96,0.35,10.53,19.11,3.0,6.0,3.0,Burnley,0,0,0,0,0.0,0.0,0.0,0.0,0.0,0.0,0.0
16,21/09/2020,Aston Villa,Sheffield United,"['1 ', ' 0']",Aston Villa,0,0,0,0,0.0,0.0,0.0,0.0,0.0,0.0,0.0,Sheffield United,1,0,2,0,0.95,1.61,8.23,31.33,0.0,0.0,0.0
17,21/09/2020,Wolverhampton Wanderers,Manchester City,"['1 ', ' 3']",Wolverhampton Wanderers,1,2,0,3,1.61,0.95,31.33,8.23,0.0,0.0,0.0,Manchester City,0,0,0,0,0.0,0.0,0.0,0.0,0.0,0.0,0.0
18,26/09/2020,Brighton,Manchester United,"['2 ', ' 3']",Brighton,2,4,3,3,3.32,1.79,9.94,12.34,3.0,4.5,1.5,Manchester United,1,1,3,0,1.1,1.91,3.31,13.59,9.0,4.0,0.0
19,26/09/2020,Crystal Palace,Everton,"['1 ', ' 2']",Crystal Palace,2,4,1,6,3.31,2.36,15.28,3.45,2.5,11.5,3.0,Everton,2,6,2,6,5.43,1.14,12.5,20.32,5.5,7.5,3.0
20,26/09/2020,West Bromwich Albion,Chelsea,"['3 ', ' 3']",West Bromwich Albion,2,2,8,0,0.67,7.12,28.61,9.74,6.0,4.5,0.0,Chelsea,2,3,3,3,2.17,3.69,20.76,10.44,3.5,8.0,1.5
21,26/09/2020,Burnley,Southampton,"['0 ', ' 1']",Burnley,1,2,4,0,1.52,0.99,16.1,7.47,6.0,14.0,0.0,Southampton,2,2,6,0,3.54,3.68,6.34,13.66,9.0,2.0,0.0
22,27/09/2020,Sheffield United,Leeds,"['0 ', ' 1']",Sheffield United,2,0,3,0,1.8,2.42,11.23,10.65,6.0,10.0,0.0,Leeds,2,7,7,3,1.72,4.71,8.27,9.7,3.5,11.5,1.5
23,27/09/2020,Tottenham,Newcastle United,"['1 ', ' 1']",Tottenham,2,5,3,3,3.1,3.55,11.11,11.8,6.0,4.5,1.5,Newcastle United,2,2,3,3,2.18,2.74,16.16,8.24,6.5,4.0,1.5
24,27/09/2020,Manchester City,Leicester,"['2 ', ' 5']",Manchester City,1,3,1,3,2.08,0.73,7.6,30.71,9.0,3.0,3.0,Leicester,2,7,2,6,3.94,1.88,9.0,17.52,8.5,6.0,3.0
25,27/09/2020,West Ham,Wolverhampton Wanderers,"['4 ', ' 0']",West Ham,2,1,4,0,2.93,2.99,11.86,17.25,4.5,13.0,0.0,Wolverhampton Wanderers,2,3,3,3,2.34,3.03,30.9,7.92,3.0,9.5,1.5
26,28/09/2020,Fulham,Aston Villa,"['0 ', ' 3']",Fulham,2,3,7,0,1.68,3.62,17.18,11.79,2.0,8.0,0.0,Aston Villa,1,1,0,3,0.81,0.85,4.45,17.64,17.0,2.0,3.0
27,28/09/2020,Liverpool,Arsenal,"['3 ', ' 1']",Liverpool,2,6,3,6,5.41,1.17,10.7,19.06,16.0,1.5,3.0,Arsenal,2,5,1,6,3.49,2.19,16.9,23.47,13.5,2.0,3.0
28,03/10/2020,Chelsea,Crystal Palace,"['4 ', ' 0']",Chelsea,3,6,6,4,4.54,4.61,13.88,15.08,6.333333333333333,6.333333333333333,1.3333333333333333,Crystal Palace,3,5,3,6,3.75,4.63,13.91,4.68,3.0,8.666666666666666,2.0
29,03/10/2020,Everton,Brighton,"['4 ', ' 2']",Everton,3,8,3,9,7.7,1.58,10.6,17.16,4.666666666666667,6.333333333333333,3.0,Brighton,3,6,6,3,6.3,3.37,8.52,11.91,5.333333333333333,5.0,1.0
30,03/10/2020,Leeds,Manchester City,"['1 ', ' 1']",Leeds,3,8,7,6,3.19,6.24,8.43,10.33,3.0,11.333333333333334,2.0,Manchester City,2,5,6,3,3.52,3.59,6.53,28.12,7.0,3.0,1.5
31,03/10/2020,Newcastle United,Burnley,"['3 ', ' 1']",Newcastle United,3,3,4,4,3.12,5.93,20.81,8.66,5.666666666666667,4.666666666666667,1.3333333333333333,Burnley,2,2,5,0,1.87,1.69,11.59,10.86,7.5,10.0,0.0
32,04/10/2020,Leicester,West Ham,"['0 ', ' 3']",Leicester,3,12,4,9,6.81,3.32,13.2,12.61,6.666666666666667,5.666666666666667,3.0,West Ham,3,5,4,3,5.98,3.37,14.37,12.8,3.3333333333333335,10.0,1.0
33,04/10/2020,Southampton,West Bromwich Albion,"['2 ', ' 0']",Southampton,3,3,6,3,4.25,4.02,8.46,11.45,8.0,4.333333333333333,1.0,West Bromwich Albion,3,5,11,1,1.58,9.48,31.66,7.67,5.0,7.0,0.3333333333333333
34,04/10/2020,Arsenal,Sheffield United,"['2 ', ' 1']",Arsenal,3,6,4,6,4.67,4.93,22.8,16.94,10.0,5.0,2.0,Sheffield United,3,0,4,0,3.33,3.88,11.36,9.98,7.666666666666667,7.333333333333333,0.0
35,04/10/2020,Wolverhampton Wanderers,Fulham,"['1 ', ' 0']",Wolverhampton Wanderers,3,3,7,3,2.73,6.08,17.85,10.97,3.3333333333333335,6.666666666666667,1.0,Fulham,3,3,10,0,2.22,5.65,12.9,10.78,3.0,8.666666666666666,0.0
36,04/10/2020,Manchester United,Tottenham,"['1 ', ' 6']",Manchester United,2,4,5,3,2.67,4.89,7.06,9.28,7.5,7.0,1.5,Tottenham,3,6,4,4,6.29,4.49,10.75,16.07,6.0,4.333333333333333,1.3333333333333333
37,04/10/2020,Aston Villa,Liverpool,"['7 ', ' 2']",Aston Villa,2,4,0,6,2.84,1.38,7.47,10.26,13.5,3.5,3.0,Liverpool,3,9,4,9,8.14,2.35,10.11,24.17,14.333333333333334,2.0,3.0
38,17/10/2020,Everton,Liverpool,"['2 ', ' 2']",Everton,4,12,5,12,10.04,2.75,10.07,14.9,6.0,6.5,3.0,Liverpool,4,11,11,9,9.8,5.43,8.97,20.8,15.25,3.25,2.25
39,17/10/2020,Chelsea,Southampton,"['3 ', ' 3']",Chelsea,4,10,6,7,7.05,4.71,10.63,17.15,6.0,5.25,1.75,Southampton,4,5,6,6,5.2,4.18,7.4,12.4,7.5,3.5,1.5
40,17/10/2020,Manchester City,Arsenal,"['1 ', ' 0']",Manchester City,3,6,7,4,4.94,6.16,7.96,18.38,8.0,3.6666666666666665,1.3333333333333333,Arsenal,4,8,5,9,5.34,5.07,20.93,17.57,8.5,4.5,2.25
41,17/10/2020,Newcastle United,Manchester United,"['1 ', ' 4']",Newcastle United,4,6,5,7,5.08,6.36,20.8,8.87,5.25,6.0,1.75,Manchester United,3,5,11,3,3.55,8.19,11.22,8.32,6.0,7.333333333333333,1.0
42,18/10/2020,Sheffield United,Fulham,"['1 ', ' 1']",Sheffield United,4,1,6,0,3.48,4.55,13.27,10.84,6.5,6.5,0.0,Fulham,4,3,11,0,3.19,6.54,14.42,11.59,3.75,7.0,0.0
43,18/10/2020,Crystal Palace,Brighton,"['1 ', ' 1']",Crystal Palace,4,5,7,6,3.86,7.15,16.28,4.61,2.75,7.75,1.5,Brighton,4,8,10,3,7.46,5.71,8.69,10.98,5.75,6.25,0.75
44,18/10/2020,Tottenham,West Ham,"['3 ', ' 3']",Tottenham,4,12,5,7,9.59,5.36,9.48,17.21,6.5,4.0,1.75,West Ham,4,8,4,6,8.01,3.83,17.17,11.23,3.25,8.0,1.5
45,18/10/2020,Leicester,Aston Villa,"['0 ', ' 1']",Leicester,4,12,7,9,7.27,5.36,11.29,15.65,5.5,5.0,2.25,Aston Villa,3,11,2,9,5.91,3.04,9.76,8.08,11.333333333333334,8.333333333333334,3.0
46,19/10/2020,West Bromwich Albion,Burnley,"['0 ', ' 0']",West Bromwich Albion,4,5,13,1,1.74,10.43,26.89,6.8,4.0,6.75,0.25,Burnley,3,3,8,0,2.31,3.65,10.88,13.29,8.333333333333334,8.0,0.0
47,19/10/2020,Leeds,Wolverhampton Wanderers,"['0 ', ' 1']",Leeds,4,9,8,7,5.76,7.66,8.28,10.55,3.5,11.0,1.75,Wolverhampton Wanderers,4,4,7,6,3.62,7.05,16.81,12.55,3.0,6.5,1.5
48,23/10/2020,Aston Villa,Leeds,"['0 ', ' 3']",Aston Villa,4,12,2,12,6.79,3.71,9.63,8.26,10.25,7.25,3.0,Leeds,5,9,9,7,6.84,8.28,7.72,10.83,5.6,9.2,1.4
49,24/10/2020,West Ham,Manchester City,"['1 ', ' 1']",West Ham,5,11,7,7,9.51,5.61,17.33,11.45,4.0,6.6,1.4,Manchester City,4,7,7,7,6.37,7.0,9.19,18.88,7.75,3.5,1.75
50,24/10/2020,Fulham,Crystal Palace,"['1 ', ' 2']",Fulham,5,4,12,1,4.54,8.2,14.11,12.25,3.2,5.8,0.2,Crystal Palace,5,6,8,7,4.62,8.24,15.73,4.94,2.4,7.6,1.4
51,24/10/2020,Manchester United,Chelsea,"['0 ', ' 0']",Manchester United,4,9,12,6,5.76,9.06,9.59,9.21,7.5,6.25,1.5,Chelsea,5,13,9,8,9.04,6.13,10.69,16.62,7.0,5.2,1.6
52,24/10/2020,Liverpool,Sheffield United,"['2 ', ' 1']",Liverpool,5,13,13,10,12.3,6.79,8.92,19.33,14.8,3.0,2.0,Sheffield United,5,2,7,1,5.14,5.91,13.64,11.28,5.4,5.4,0.2
53,25/10/2020,Southampton,Everton,"['2 ', ' 0']",Southampton,5,8,9,7,6.62,6.17,8.73,12.09,7.0,5.0,1.4,Everton,5,14,7,13,11.4,5.24,10.77,13.72,5.2,7.8,2.6
54,25/10/2020,Wolverhampton Wanderers,Newcastle United,"['1 ', ' 1']",Wolverhampton Wanderers,5,5,7,9,4.24,8.14,15.49,11.08,2.8,8.0,1.8,Newcastle United,5,7,9,7,5.95,8.58,17.84,8.09,4.8,7.2,1.4
55,25/10/2020,Arsenal,Leicester,"['0 ', ' 1']",Arsenal,5,8,6,9,6.18,6.5,20.8,16.73,7.4,5.0,1.8,Leicester,5,12,8,9,7.94,6.23,10.63,14.19,5.2,5.4,1.8
56,26/10/2020,Brighton,West Bromwich Albion,"['1 ', ' 1']",Brighton,5,9,11,4,8.56,6.47,8.31,11.45,6.0,5.2,0.8,West Bromwich Albion,5,5,13,2,2.47,11.51,22.4,7.89,3.8,5.8,0.4
57,26/10/2020,Burnley,Tottenham,"['0 ', ' 1']",Burnley,4,3,8,1,3.4,4.38,11.38,11.83,6.75,6.75,0.25,Tottenham,5,15,8,8,11.37,6.86,9.91,17.36,5.4,4.6,1.6
58,30/10/2020,Wolverhampton Wanderers,Crystal Palace,"['2 ', ' 0']",Wolverhampton Wanderers,6,6,8,10,5.0,8.39,14.36,13.13,3.1666666666666665,7.333333333333333,1.6666666666666667,Crystal Palace,6,8,9,10,7.43,9.29,16.44,5.18,3.5,7.666666666666667,1.6666666666666667
59,31/10/2020,Sheffield United,Manchester City,"['0 ', ' 1']",Sheffield United,6,3,9,1,6.54,8.31,14.5,11.69,5.833333333333333,5.666666666666667,0.16666666666666666,Manchester City,5,8,8,8,7.26,7.26,9.59,19.21,8.8,3.2,1.6
60,31/10/2020,Burnley,Chelsea,"['0 ', ' 3']",Burnley,5,3,9,1,4.35,5.18,12.08,11.4,6.2,6.6,0.2,Chelsea,6,13,9,9,9.26,6.78,11.34,17.34,6.0,5.333333333333333,1.5
61,31/10/2020,Liverpool,West Ham,"['2 ', ' 1']",Liverpool,6,15,14,13,14.7,8.19,9.33,19.39,13.5,3.8333333333333335,2.1666666666666665,West Ham,6,12,8,8,9.78,6.5,17.84,11.63,3.6666666666666665,7.666666666666667,1.3333333333333333
62,01/11/2020,Aston Villa,Southampton,"['3 ', ' 4']",Aston Villa,5,12,5,12,8.29,6.09,10.15,6.97,9.6,9.8,2.4,Southampton,6,10,9,10,7.36,6.46,9.56,11.99,6.833333333333333,5.166666666666667,1.6666666666666667
63,01/11/2020,Newcastle United,Everton,"['2 ', ' 1']",Newcastle United,6,8,10,8,6.2,9.34,19.68,8.46,4.666666666666667,6.833333333333333,1.3333333333333333,Everton,6,14,9,13,11.69,5.98,10.98,13.74,5.333333333333333,7.5,2.1666666666666665
64,01/11/2020,Manchester United,Arsenal,"['0 ', ' 1']",Manchester United,5,9,12,7,6.41,9.28,11.29,10.06,7.2,5.2,1.4,Arsenal,6,8,7,9,6.91,7.24,18.4,17.79,7.0,4.5,1.5
65,01/11/2020,Tottenham,Brighton,"['2 ', ' 1']",Tottenham,6,16,8,11,12.17,7.81,9.9,16.88,5.5,4.5,1.8333333333333333,Brighton,6,10,12,5,9.1,6.76,8.66,11.85,5.666666666666667,5.0,0.8333333333333334
66,02/11/2020,Fulham,West Bromwich Albion,"['2 ', ' 0']",Fulham,6,5,14,1,5.59,11.02,12.25,13.23,4.0,6.333333333333333,0.16666666666666666,West Bromwich Albion,6,6,14,3,2.77,12.06,20.91,8.38,3.8333333333333335,5.5,0.5
67,02/11/2020,Leeds,Leicester,"['1 ', ' 4']",Leeds,6,12,9,10,9.22,9.78,6.82,11.1,8.0,8.833333333333334,1.6666666666666667,Leicester,6,13,8,12,8.67,6.97,12.69,13.58,4.666666666666667,5.333333333333333,2.0
68,06/11/2020,Brighton,Burnley,"['0 ', ' 0']",Brighton,7,11,14,5,9.43,8.74,9.15,11.45,5.857142857142857,4.714285714285714,0.7142857142857143,Burnley,6,3,12,1,4.75,6.41,12.97,10.89,5.333333333333333,7.5,0.16666666666666666
69,06/11/2020,Southampton,Newcastle United,"['2 ', ' 0']",Southampton,7,14,12,13,8.36,8.91,9.29,11.31,6.142857142857143,5.142857142857143,1.8571428571428572,Newcastle United,7,10,11,11,8.83,10.56,21.32,8.5,4.714285714285714,7.0,1.5714285714285714
70,07/11/2020,Everton,Manchester United,"['1 ', ' 3']",Everton,7,15,11,13,12.91,8.61,10.68,15.22,5.714285714285714,7.142857142857143,1.8571428571428572,Manchester United,6,9,13,7,6.81,10.28,12.05,10.34,7.666666666666667,5.5,1.1666666666666667
71,07/11/2020,Crystal Palace,Leeds,"['4 ', ' 1']",Crystal Palace,7,8,11,10,8.23,10.64,16.47,6.47,3.5714285714285716,7.714285714285714,1.4285714285714286,Leeds,7,13,13,10,10.96,12.85,6.81,12.68,7.857142857142857,8.285714285714286,1.4285714285714286
72,07/11/2020,Chelsea,Sheffield United,"['4 ', ' 1']",Chelsea,7,16,9,12,10.49,7.19,10.99,17.27,6.857142857142857,4.714285714285714,1.7142857142857142,Sheffield United,7,3,10,1,7.23,10.21,15.12,12.19,5.428571428571429,6.142857142857143,0.14285714285714285
73,07/11/2020,West Ham,Fulham,"['1 ', ' 0']",West Ham,7,13,10,8,10.05,8.06,19.62,10.81,3.142857142857143,8.285714285714286,1.1428571428571428,Fulham,7,7,14,4,7.22,11.5,12.29,11.53,4.0,5.857142857142857,0.5714285714285714
74,08/11/2020,West Bromwich Albion,Tottenham,"['0 ', ' 1']",West Bromwich Albion,7,6,16,3,3.25,13.68,16.69,8.96,3.7142857142857144,5.285714285714286,0.42857142857142855,Tottenham,7,18,9,14,14.14,8.14,9.84,16.66,5.142857142857143,4.857142857142857,2.0
75,08/11/2020,Leicester,Wolverhampton Wanderers,"['1 ', ' 0']",Leicester,7,17,9,15,11.75,8.72,14.78,12.51,4.714285714285714,5.571428571428571,2.142857142857143,Wolverhampton Wanderers,7,8,8,13,6.35,9.19,14.26,13.49,3.857142857142857,6.857142857142857,1.8571428571428572
76,08/11/2020,Manchester City,Liverpool,"['1 ', ' 1']",Manchester City,6,9,8,11,9.16,7.95,10.16,19.1,8.833333333333334,3.1666666666666665,1.8333333333333333,Liverpool,7,17,15,16,16.26,8.46,9.02,21.06,13.285714285714286,3.2857142857142856,2.2857142857142856
77,08/11/2020,Arsenal,Aston Villa,"['0 ', ' 3']",Arsenal,7,9,7,12,7.91,7.63,16.98,17.77,7.0,5.285714285714286,1.7142857142857142,Aston Villa,6,15,9,12,10.74,7.09,9.64,7.04,8.833333333333334,8.5,2.0
78,21/11/2020,Newcastle United,Chelsea,"['0 ', ' 2']",Newcastle United,8,10,13,11,9.01,11.54,20.6,8.03,4.125,6.625,1.375,Chelsea,8,20,10,15,13.36,7.93,11.2,18.4,7.75,4.75,1.875
79,21/11/2020,Aston Villa,Brighton,"['1 ', ' 2']",Aston Villa,7,18,9,15,12.72,8.48,10.24,7.44,9.857142857142858,8.142857142857142,2.142857142857143,Brighton,8,11,14,6,11.02,9.06,9.25,11.7,7.125,4.375,0.75
80,21/11/2020,Tottenham,Manchester City,"['2 ', ' 0']",Tottenham,8,19,9,17,16.01,8.94,9.61,16.64,5.0,5.0,2.125,Manchester City,7,10,9,12,10.74,9.14,10.32,20.19,8.142857142857142,3.857142857142857,1.7142857142857142
81,21/11/2020,Manchester United,West Bromwich Albion,"['1 ', ' 0']",Manchester United,7,12,14,10,8.4,10.65,12.08,10.59,7.571428571428571,6.0,1.4285714285714286,West Bromwich Albion,8,6,17,3,4.05,15.55,16.66,8.81,4.0,5.125,0.375
82,22/11/2020,Fulham,Everton,"['2 ', ' 3']",Fulham,8,7,15,4,9.07,12.92,13.62,11.49,4.125,5.875,0.5,Everton,8,16,14,13,13.28,10.21,10.89,14.82,6.125,7.125,1.625
83,22/11/2020,Sheffield United,West Ham,"['0 ', ' 1']",Sheffield United,8,4,14,1,7.97,13.08,16.4,12.41,5.375,7.125,0.125,West Ham,8,14,10,11,11.47,9.91,18.47,12.36,3.5,7.875,1.375
84,22/11/2020,Leeds,Arsenal,"['0 ', ' 0']",Leeds,8,14,17,10,11.81,14.15,6.35,13.44,7.625,8.25,1.25,Arsenal,8,9,10,12,9.3,9.62,16.37,17.2,6.875,6.625,1.5
85,22/11/2020,Liverpool,Leicester,"['3 ', ' 0']",Liverpool,8,18,16,17,17.45,10.04,10.37,19.34,12.625,3.375,2.125,Leicester,8,18,9,18,13.81,9.3,14.78,13.37,4.25,5.625,2.25
86,23/11/2020,Burnley,Crystal Palace,"['1 ', ' 0']",Burnley,7,3,12,2,5.08,8.0,13.08,10.75,4.857142857142857,8.714285714285714,0.2857142857142857,Crystal Palace,8,12,12,13,9.53,11.49,16.94,6.07,4.125,7.5,1.625
87,23/11/2020,Wolverhampton Wanderers,Southampton,"['1 ', ' 1']",Wolverhampton Wanderers,8,8,9,13,6.92,11.25,15.01,13.65,4.125,6.125,1.625,Southampton,8,16,12,16,9.35,9.08,8.67,11.89,5.875,4.5,2.0
88,27/11/2020,Crystal Palace,Newcastle United,"['0 ', ' 2']",Crystal Palace,9,12,13,13,10.82,13.24,16.86,6.57,4.444444444444445,7.444444444444445,1.4444444444444444,Newcastle United,9,10,15,11,9.38,13.36,21.54,7.97,4.0,6.777777777777778,1.2222222222222223
89,28/11/2020,Brighton,Liverpool,"['1 ', ' 1']",Brighton,9,13,15,9,12.52,10.83,9.49,12.15,6.777777777777778,4.555555555555555,1.0,Liverpool,9,21,16,20,21.22,12.02,10.09,19.19,12.222222222222221,3.888888888888889,2.2222222222222223
90,28/11/2020,Manchester City,Burnley,"['5 ', ' 0']",Manchester City,8,10,11,12,12.41,9.9,9.8,19.43,8.25,3.625,1.5,Burnley,8,4,12,5,6.83,9.28,12.9,11.25,5.125,8.5,0.625
91,28/11/2020,Everton,Leeds,"['0 ', ' 1']",Everton,9,19,16,16,15.54,12.08,11.15,14.3,6.444444444444445,7.333333333333333,1.7777777777777777,Leeds,9,14,17,11,13.77,14.87,6.4,13.65,8.0,7.777777777777778,1.2222222222222223
92,28/11/2020,West Bromwich Albion,Sheffield United,"['1 ', ' 0']",West Bromwich Albion,9,6,18,3,4.49,17.98,15.71,8.64,3.7777777777777777,6.777777777777778,0.3333333333333333,Sheffield United,9,4,15,1,8.66,15.2,16.24,12.76,5.555555555555555,7.444444444444445,0.1111111111111111
93,29/11/2020,Southampton,Manchester United,"['2 ', ' 3']",Southampton,9,17,13,17,10.43,10.66,8.99,11.95,6.333333333333333,4.555555555555555,1.8888888888888888,Manchester United,8,13,14,13,10.83,11.09,11.43,10.62,9.125,5.5,1.625
94,29/11/2020,Chelsea,Tottenham,"['0 ', ' 0']",Chelsea,9,22,10,18,15.18,8.3,10.84,19.3,7.777777777777778,4.555555555555555,2.0,Tottenham,9,21,9,20,16.77,10.6,10.09,15.2,4.666666666666667,5.444444444444445,2.2222222222222223
95,29/11/2020,Arsenal,Wolverhampton Wanderers,"['1 ', ' 2']",Arsenal,9,9,10,13,10.01,11.58,16.27,15.8,6.555555555555555,7.111111111111111,1.4444444444444444,Wolverhampton Wanderers,9,9,10,14,8.5,12.33,14.63,13.51,4.222222222222222,6.555555555555555,1.5555555555555556
96,30/11/2020,Leicester,Fulham,"['1 ', ' 2']",Leicester,9,18,12,18,15.79,13.07,15.22,12.58,4.666666666666667,6.0,2.0,Fulham,9,9,18,4,10.94,15.17,13.17,11.69,4.666666666666667,6.222222222222222,0.4444444444444444
97,30/11/2020,West Ham,Aston Villa,"['2 ', ' 1']",West Ham,9,15,10,14,13.59,10.6,18.11,12.58,4.222222222222222,7.777777777777778,1.5555555555555556,Aston Villa,8,19,11,15,14.49,9.98,10.88,7.91,9.375,7.625,1.875
98,05/12/2020,Burnley,Everton,"['1 ', ' 1']",Burnley,9,4,17,5,7.25,11.54,14.26,10.98,5.0,9.0,0.5555555555555556,Everton,10,19,17,16,16.83,15.19,11.57,13.3,6.4,7.8,1.6
99,05/12/2020,Manchester City,Fulham,"['2 ', ' 0']",Manchester City,9,15,11,15,14.67,10.32,9.69,20.55,8.777777777777779,3.6666666666666665,1.6666666666666667,Fulham,10,11,19,7,12.97,16.45,13.63,11.1,4.9,6.5,0.7
100,05/12/2020,West Ham,Manchester United,"['1 ', ' 3']",West Ham,10,17,11,17,14.16,12.99,17.43,12.61,4.0,7.8,1.7,Manchester United,9,16,16,16,13.31,11.59,11.49,10.62,9.11111111111111,4.888888888888889,1.7777777777777777
101,05/12/2020,Chelsea,Leeds,"['3 ', ' 1']",Chelsea,10,22,10,19,16.16,8.53,10.73,20.09,7.4,4.5,1.9,Leeds,10,15,17,14,16.89,16.16,6.4,13.89,8.4,7.6,1.4
102,06/12/2020,West Bromwich Albion,Crystal Palace,"['1 ', ' 5']",West Bromwich Albion,10,7,18,6,6.21,21.35,15.14,8.95,4.0,7.2,0.6,Crystal Palace,10,12,15,13,11.35,14.52,16.86,6.69,5.2,7.1,1.3
103,06/12/2020,Sheffield United,Leicester,"['1 ', ' 2']",Sheffield United,10,4,16,1,12.03,16.91,16.02,12.33,6.1,7.3,0.1,Leicester,10,19,14,18,17.07,15.11,13.96,13.1,5.1,6.1,1.8
104,06/12/2020,Tottenham,Arsenal,"['2 ', ' 0']",Tottenham,10,21,9,21,17.0,11.57,11.26,14.56,4.6,5.3,2.1,Arsenal,10,10,12,13,11.13,13.59,15.05,15.93,7.1,7.0,1.3
105,06/12/2020,Liverpool,Wolverhampton Wanderers,"['4 ', ' 0']",Liverpool,10,22,17,21,21.5,14.33,10.03,18.4,11.1,3.8,2.1,Wolverhampton Wanderers,10,11,11,17,10.51,13.44,14.84,12.78,4.4,7.1,1.7
106,07/12/2020,Brighton,Southampton,"['1 ', ' 2']",Brighton,10,14,16,10,14.82,11.11,9.79,11.89,6.4,4.2,1.0,Southampton,10,19,16,17,10.93,13.13,9.16,11.95,5.7,5.0,1.7
107,11/12/2020,Leeds,West Ham,"['1 ', ' 2']",Leeds,11,16,20,14,17.91,21.05,6.61,13.36,8.272727272727273,7.7272727272727275,1.2727272727272727,West Ham,11,18,14,17,16.69,14.78,17.44,12.67,4.090909090909091,7.636363636363637,1.5454545454545454
108,12/12/2020,Wolverhampton Wanderers,Aston Villa,"['0 ', ' 1']",Wolverhampton Wanderers,11,11,15,17,10.86,15.04,15.4,13.08,4.090909090909091,7.2727272727272725,1.5454545454545454,Aston Villa,9,20,13,15,16.88,10.56,11.01,8.45,9.222222222222221,7.0,1.6666666666666667
109,12/12/2020,Newcastle United,West Bromwich Albion,"['2 ', ' 1']",Newcastle United,10,12,15,14,10.65,13.9,18.7,8.39,4.0,7.3,1.4,West Bromwich Albion,11,8,23,6,6.77,23.04,15.15,9.28,4.2727272727272725,7.818181818181818,0.5454545454545454
110,12/12/2020,Manchester United,Manchester City,"['0 ', ' 0']",Manchester United,10,19,17,19,15.1,14.12,11.61,11.21,8.8,4.9,1.9,Manchester City,10,17,11,18,17.93,10.61,9.25,21.06,9.3,3.3,1.8
111,12/12/2020,Everton,Chelsea,"['1 ', ' 0']",Everton,11,20,18,17,19.11,15.92,11.14,13.56,6.7272727272727275,7.636363636363637,1.5454545454545454,Chelsea,11,25,11,22,21.05,9.56,10.58,19.0,7.545454545454546,4.7272727272727275,2.0
112,13/12/2020,Southampton,Sheffield United,"['3 ', ' 0']",Southampton,11,21,17,20,12.27,15.17,8.82,11.74,5.636363636363637,5.363636363636363,1.8181818181818181,Sheffield United,11,5,18,1,12.32,18.3,16.15,11.49,5.818181818181818,7.090909090909091,0.09090909090909091
113,13/12/2020,Crystal Palace,Tottenham,"['1 ', ' 1']",Crystal Palace,11,17,16,16,13.04,15.09,16.3,7.18,6.0,7.090909090909091,1.4545454545454546,Tottenham,11,23,9,24,17.39,12.17,11.82,13.32,4.2727272727272725,5.818181818181818,2.1818181818181817
114,13/12/2020,Fulham,Liverpool,"['1 ', ' 1']",Fulham,11,11,21,7,13.26,19.72,14.65,10.58,4.454545454545454,7.181818181818182,0.6363636363636364,Liverpool,11,26,17,24,23.1,14.69,10.43,18.62,10.909090909090908,3.5454545454545454,2.1818181818181817
115,13/12/2020,Arsenal,Burnley,"['0 ', ' 1']",Arsenal,11,10,14,13,11.73,13.98,13.68,16.2,7.454545454545454,6.454545454545454,1.1818181818181819,Burnley,10,5,18,6,7.98,13.83,14.48,10.46,5.1,9.1,0.6
116,13/12/2020,Leicester,Brighton,"['3 ', ' 0']",Leicester,11,21,15,21,18.46,15.4,13.12,13.49,5.090909090909091,5.818181818181818,1.9090909090909092,Brighton,11,15,18,10,16.86,12.46,9.75,11.19,6.636363636363637,4.2727272727272725,0.9090909090909091
117,15/12/2020,Wolverhampton Wanderers,Chelsea,"['2 ', ' 1']",Wolverhampton Wanderers,12,11,16,17,12.0,16.31,14.81,12.26,4.25,7.083333333333333,1.4166666666666667,Chelsea,12,25,12,22,22.06,10.78,9.97,18.98,7.416666666666667,4.5,1.8333333333333333
118,15/12/2020,Manchester City,West Bromwich Albion,"['1 ', ' 1']",Manchester City,11,17,11,19,19.21,11.2,9.97,20.5,9.454545454545455,3.4545454545454546,1.7272727272727273,West Bromwich Albion,12,9,25,6,7.35,23.94,14.85,9.9,4.25,7.583333333333333,0.5
119,16/12/2020,Arsenal,Southampton,"['1 ', ' 1']",Arsenal,12,10,15,13,13.58,14.79,13.39,16.09,7.75,6.166666666666667,1.0833333333333333,Southampton,12,24,17,23,14.55,15.39,8.61,11.88,5.75,5.0,1.9166666666666667
120,16/12/2020,Leeds,Newcastle United,"['5 ', ' 2']",Leeds,12,17,22,14,19.48,22.84,6.52,13.94,8.25,7.666666666666667,1.1666666666666667,Newcastle United,11,14,16,17,11.56,14.47,19.05,8.63,4.090909090909091,7.0,1.5454545454545454
121,16/12/2020,Leicester,Everton,"['0 ', ' 2']",Leicester,12,24,15,24,20.1,16.19,13.11,13.05,5.583333333333333,5.75,2.0,Everton,12,21,18,20,20.33,16.93,11.68,12.77,6.333333333333333,7.5,1.6666666666666667
122,16/12/2020,Fulham,Brighton,"['0 ', ' 0']",Fulham,12,12,22,8,14.99,21.54,15.56,10.37,4.5,7.416666666666667,0.6666666666666666,Brighton,12,15,21,10,17.65,14.1,9.72,11.32,6.5,4.833333333333333,0.8333333333333334
123,16/12/2020,West Ham,Crystal Palace,"['1 ', ' 1']",West Ham,12,20,15,20,18.47,16.35,17.88,11.83,4.333333333333333,7.666666666666667,1.6666666666666667,Crystal Palace,12,18,17,17,14.88,16.5,15.8,7.39,6.333333333333333,6.833333333333333,1.4166666666666667
124,16/12/2020,Liverpool,Tottenham,"['2 ', ' 1']",Liverpool,12,27,18,25,24.92,16.41,10.21,19.35,10.833333333333334,3.6666666666666665,2.0833333333333335,Tottenham,12,24,10,25,18.8,14.01,11.74,13.11,4.25,6.166666666666667,2.0833333333333335
125,17/12/2020,Aston Villa,Burnley,"['0 ', ' 0']",Aston Villa,10,21,13,18,18.15,11.69,10.33,8.44,8.8,6.9,1.8,Burnley,11,6,18,9,8.8,15.68,14.51,10.39,4.909090909090909,9.272727272727273,0.8181818181818182
126,17/12/2020,Sheffield United,Manchester United,"['2 ', ' 3']",Sheffield United,12,5,21,1,12.54,20.58,15.83,10.87,5.416666666666667,7.083333333333333,0.08333333333333333,Manchester United,11,19,17,20,15.69,15.41,11.98,11.69,8.454545454545455,5.454545454545454,1.8181818181818181
127,19/12/2020,Crystal Palace,Liverpool,"['0 ', ' 7']",Crystal Palace,13,19,18,18,15.97,16.95,15.3,7.62,6.153846153846154,6.538461538461538,1.3846153846153846,Liverpool,13,29,19,28,26.14,17.93,10.04,19.24,11.384615384615385,3.3846153846153846,2.1538461538461537
128,19/12/2020,Southampton,Manchester City,"['0 ', ' 1']",Southampton,13,25,18,24,15.67,16.05,8.66,12.21,6.153846153846154,5.076923076923077,1.8461538461538463,Manchester City,12,18,12,20,21.8,11.41,9.81,21.13,10.0,3.1666666666666665,1.6666666666666667
129,19/12/2020,Everton,Arsenal,"['2 ', ' 1']",Everton,13,23,18,23,21.85,17.77,12.34,12.27,6.076923076923077,7.384615384615385,1.7692307692307692,Arsenal,13,11,16,14,14.24,15.91,13.69,15.53,7.615384615384615,6.538461538461538,1.0769230769230769
130,19/12/2020,Newcastle United,Fulham,"['1 ', ' 1']",Newcastle United,12,16,21,17,13.0,17.42,18.79,8.25,4.0,7.75,1.4166666666666667,Fulham,13,12,22,9,15.99,22.0,15.2,10.12,4.538461538461538,7.153846153846154,0.6923076923076923
131,20/12/2020,Brighton,Sheffield United,"['1 ', ' 1']",Brighton,13,15,21,11,18.11,15.11,9.53,11.32,6.3076923076923075,4.846153846153846,0.8461538461538461,Sheffield United,13,7,24,1,13.77,22.37,15.32,10.84,5.769230769230769,7.0,0.07692307692307693
132,20/12/2020,Tottenham,Leicester,"['0 ', ' 2']",Tottenham,13,25,12,25,20.31,15.23,12.21,12.74,3.923076923076923,7.076923076923077,1.9230769230769231,Leicester,13,24,17,24,20.94,17.7,12.42,13.7,5.615384615384615,5.538461538461538,1.8461538461538463
133,20/12/2020,Manchester United,Leeds,"['6 ', ' 2']",Manchester United,12,22,19,23,17.47,16.64,11.9,11.61,8.25,5.833333333333333,1.9166666666666667,Leeds,13,22,24,17,22.43,24.28,6.36,14.04,8.846153846153847,7.3076923076923075,1.3076923076923077
134,20/12/2020,West Bromwich Albion,Aston Villa,"['0 ', ' 3']",West Bromwich Albion,13,10,26,7,7.56,26.53,15.57,9.75,3.923076923076923,8.23076923076923,0.5384615384615384,Aston Villa,11,21,13,19,19.96,12.01,9.89,8.1,8.818181818181818,6.363636363636363,1.7272727272727273
135,21/12/2020,Burnley,Wolverhampton Wanderers,"['2 ', ' 1']",Burnley,12,6,18,10,9.12,17.49,13.51,9.92,4.583333333333333,9.25,0.8333333333333334,Wolverhampton Wanderers,13,13,17,20,12.68,17.87,15.06,11.8,4.230769230769231,7.0,1.5384615384615385
136,21/12/2020,Chelsea,West Ham,"['3 ', ' 0']",Chelsea,13,26,14,22,23.63,11.46,9.76,19.02,7.3076923076923075,4.461538461538462,1.6923076923076923,West Ham,13,21,16,21,18.92,17.44,17.5,11.71,4.230769230769231,7.384615384615385,1.6153846153846154
137,26/12/2020,Leicester,Manchester United,"['2 ', ' 2']",Leicester,14,26,17,27,22.69,18.65,12.37,13.4,6.142857142857143,5.5,1.9285714285714286,Manchester United,13,28,21,26,22.25,18.28,12.14,11.61,8.538461538461538,5.769230769230769,2.0
138,26/12/2020,Aston Villa,Crystal Palace,"['3 ', ' 0']",Aston Villa,12,24,13,22,22.58,12.05,9.79,8.54,9.083333333333334,5.916666666666667,1.8333333333333333,Crystal Palace,14,19,25,18,16.46,19.82,15.88,7.59,6.0,6.714285714285714,1.2857142857142858
139,26/12/2020,Fulham,Southampton,"['0 ', ' 0']",Fulham,14,13,23,10,17.1,23.27,15.3,10.38,4.5,7.071428571428571,0.7142857142857143,Southampton,14,25,19,24,16.25,17.2,8.94,12.28,6.214285714285714,5.285714285714286,1.7142857142857142
140,26/12/2020,Arsenal,Chelsea,"['3 ', ' 1']",Arsenal,14,12,18,14,15.49,16.57,13.67,16.11,7.857142857142857,6.142857142857143,1.0,Chelsea,14,29,14,25,26.04,11.74,9.96,18.82,7.428571428571429,4.785714285714286,1.7857142857142858
141,26/12/2020,Manchester City,Newcastle United,"['2 ', ' 0']",Manchester City,13,19,12,23,22.96,12.0,10.09,20.06,9.846153846153847,3.4615384615384617,1.7692307692307692,Newcastle United,13,17,22,18,14.27,18.53,18.43,8.72,4.153846153846154,7.461538461538462,1.3846153846153846
142,26/12/2020,Sheffield United,Everton,"['0 ', ' 1']",Sheffield United,14,8,25,2,14.81,25.27,15.65,10.68,5.642857142857143,7.5,0.14285714285714285,Everton,14,25,19,26,22.51,19.02,12.96,12.33,5.714285714285714,7.642857142857143,1.8571428571428572
143,27/12/2020,Leeds,Burnley,"['1 ', ' 0']",Leeds,14,24,30,17,24.07,29.06,6.58,14.14,8.571428571428571,7.642857142857143,1.2142857142857142,Burnley,13,8,19,13,10.32,18.95,13.55,9.48,4.6923076923076925,8.846153846153847,1.0
144,27/12/2020,West Ham,Brighton,"['2 ', ' 2']",West Ham,14,21,19,21,19.2,19.85,17.41,11.81,4.571428571428571,7.5,1.5,Brighton,14,16,22,12,21.01,16.14,9.47,11.77,6.857142857142857,4.785714285714286,0.8571428571428571
145,27/12/2020,Liverpool,West Bromwich Albion,"['1 ', ' 1']",Liverpool,14,36,19,31,29.01,18.42,9.79,19.52,11.214285714285714,3.4285714285714284,2.2142857142857144,West Bromwich Albion,14,10,29,7,7.59,29.14,15.48,9.67,3.7142857142857144,8.5,0.5
146,27/12/2020,Wolverhampton Wanderers,Tottenham,"['1 ', ' 1']",Wolverhampton Wanderers,14,14,19,20,14.14,19.08,14.29,11.94,4.214285714285714,6.928571428571429,1.4285714285714286,Tottenham,14,25,14,25,21.26,16.98,12.02,12.66,4.0,7.5,1.7857142857142858
147,28/12/2020,Crystal Palace,Leicester,"['1 ', ' 1']",Crystal Palace,15,19,28,18,17.31,24.4,15.47,7.74,6.4,6.866666666666666,1.2,Leicester,15,28,19,28,23.73,20.73,12.18,13.0,5.8,5.533333333333333,1.8666666666666667
148,28/12/2020,Chelsea,Aston Villa,"['1 ', ' 1']",Chelsea,15,30,17,25,28.29,13.68,9.9,18.67,7.4,4.866666666666666,1.6666666666666667,Aston Villa,13,27,13,25,27.16,12.9,9.79,8.5,9.076923076923077,6.384615384615385,1.9230769230769231
149,29/12/2020,Brighton,Arsenal,"['0 ', ' 1']",Brighton,15,18,24,13,22.52,17.53,9.52,12.14,6.733333333333333,4.866666666666666,0.8666666666666667,Arsenal,15,15,19,17,17.44,18.82,13.81,15.66,7.733333333333333,6.2,1.1333333333333333
150,29/12/2020,Burnley,Sheffield United,"['1 ', ' 0']",Burnley,14,8,20,13,11.87,21.08,13.43,9.52,5.071428571428571,8.642857142857142,0.9285714285714286,Sheffield United,15,8,26,2,16.06,25.84,15.2,10.72,5.466666666666667,7.533333333333333,0.13333333333333333
151,29/12/2020,Southampton,West Ham,"['0 ', ' 0']",Southampton,15,25,19,25,16.37,17.98,8.54,12.01,5.8,5.333333333333333,1.6666666666666667,West Ham,15,23,21,22,20.59,21.35,17.48,11.71,4.666666666666667,7.333333333333333,1.4666666666666666
152,29/12/2020,West Bromwich Albion,Leeds,"['0 ', ' 5']",West Bromwich Albion,15,11,30,8,8.33,30.6,16.16,9.2,3.533333333333333,9.133333333333333,0.5333333333333333,Leeds,15,25,30,20,26.2,30.61,6.72,13.99,8.4,7.8,1.3333333333333333
153,29/12/2020,Manchester United,Wolverhampton Wanderers,"['1 ', ' 0']",Manchester United,14,30,23,27,24.34,19.32,11.86,11.51,8.357142857142858,5.428571428571429,1.9285714285714286,Wolverhampton Wanderers,15,15,20,21,14.88,19.49,13.29,12.21,4.266666666666667,6.8,1.4
154,30/12/2020,Newcastle United,Liverpool,"['0 ', ' 0']",Newcastle United,14,17,24,18,14.47,21.73,19.1,8.89,4.0,8.214285714285714,1.2857142857142858,Liverpool,15,37,20,32,30.46,19.16,9.34,20.08,11.666666666666666,3.2666666666666666,2.1333333333333333
155,01/01/2021,Everton,West Ham,"['0 ', ' 1']",Everton,15,26,19,29,23.08,20.27,12.86,12.21,5.866666666666666,7.333333333333333,1.9333333333333333,West Ham,16,23,21,23,21.66,22.03,17.44,11.46,4.8125,7.3125,1.4375
156,01/01/2021,Manchester United,Aston Villa,"['2 ', ' 1']",Manchester United,15,31,23,30,25.82,19.73,11.8,11.95,8.466666666666667,5.266666666666667,2.0,Aston Villa,14,28,14,26,27.89,14.43,10.25,8.19,8.857142857142858,6.5,1.8571428571428572
157,02/01/2021,Tottenham,Leeds,"['3 ', ' 0']",Tottenham,15,26,15,26,21.67,17.72,12.28,11.92,4.066666666666666,7.333333333333333,1.7333333333333334,Leeds,16,30,30,23,27.74,31.04,6.74,14.85,8.6875,7.375,1.4375
158,02/01/2021,Crystal Palace,Sheffield United,"['2 ', ' 0']",Crystal Palace,16,20,29,19,17.63,26.12,15.9,7.6,6.0625,6.6875,1.1875,Sheffield United,16,8,27,2,16.55,26.81,14.82,10.86,5.3125,7.5,0.125
159,02/01/2021,Brighton,Wolverhampton Wanderers,"['3 ', ' 3']",Brighton,16,18,25,13,23.32,18.85,10.04,12.5,6.6875,4.75,0.8125,Wolverhampton Wanderers,16,15,21,21,15.29,20.97,13.73,12.12,4.1875,7.0,1.3125
160,02/01/2021,West Bromwich Albion,Arsenal,"['0 ', ' 4']",West Bromwich Albion,16,11,35,8,8.77,32.14,17.04,9.1,3.375,9.375,0.5,Arsenal,16,16,19,20,18.75,19.62,14.14,15.97,7.4375,6.1875,1.25
161,03/01/2021,Newcastle United,Leicester,"['1 ', ' 2']",Newcastle United,15,17,24,19,15.29,23.05,19.55,8.65,3.933333333333333,8.333333333333334,1.2666666666666666,Leicester,16,29,20,29,25.45,21.05,11.67,13.49,5.6875,5.25,1.8125
162,03/01/2021,Chelsea,Manchester City,"['1 ', ' 3']",Chelsea,16,31,18,26,29.83,14.41,9.53,18.56,7.4375,4.9375,1.625,Manchester City,14,21,12,26,26.15,12.2,10.21,20.58,10.428571428571429,3.357142857142857,1.8571428571428572
163,04/01/2021,Southampton,Liverpool,"['1 ', ' 0']",Southampton,16,25,19,26,17.05,19.06,8.51,12.26,5.875,5.4375,1.625,Liverpool,16,37,20,33,31.79,19.98,9.1,20.43,11.5625,3.25,2.0625
164,12/01/2021,Sheffield United,Newcastle United,"['1 ', ' 0']",Sheffield United,17,8,29,2,16.88,27.41,14.22,11.01,5.411764705882353,7.352941176470588,0.11764705882352941,Newcastle United,16,18,26,19,15.55,23.75,19.05,8.46,3.75,8.1875,1.1875
165,12/01/2021,Burnley,Manchester United,"['0 ', ' 1']",Burnley,15,9,20,16,12.84,21.57,13.37,9.43,5.2,8.266666666666667,1.0666666666666667,Manchester United,16,33,24,33,28.28,21.29,11.49,11.89,8.5625,5.25,2.0625
166,12/01/2021,Wolverhampton Wanderers,Everton,"['1 ', ' 2']",Wolverhampton Wanderers,17,18,24,22,17.11,23.39,14.18,11.66,4.0,7.294117647058823,1.2941176470588236,Everton,16,26,20,29,23.45,21.47,12.77,12.47,5.8125,7.125,1.8125
167,13/01/2021,Manchester City,Brighton,"['1 ', ' 0']",Manchester City,15,24,13,29,29.33,12.89,10.51,19.95,10.466666666666667,3.533333333333333,1.9333333333333333,Brighton,17,21,28,14,25.74,20.66,9.79,12.98,7.0,4.529411764705882,0.8235294117647058
168,13/01/2021,Tottenham,Fulham,"['1 ', ' 1']",Tottenham,16,29,15,29,24.19,18.88,12.27,11.44,4.25,7.5625,1.8125,Fulham,15,13,23,11,17.88,23.39,14.72,9.82,4.6,6.6,0.7333333333333333
169,14/01/2021,Arsenal,Crystal Palace,"['0 ', ' 0']",Arsenal,17,20,19,23,22.79,20.49,14.2,16.02,7.411764705882353,6.0588235294117645,1.3529411764705883,Crystal Palace,17,22,29,22,18.23,26.44,15.65,7.54,6.0,6.705882352941177,1.2941176470588236
170,16/01/2021,Wolverhampton Wanderers,West Bromwich Albion,"['2 ', ' 3']",Wolverhampton Wanderers,18,19,26,22,17.97,23.72,14.24,11.97,4.0,7.388888888888889,1.2222222222222223,West Bromwich Albion,17,11,39,8,9.64,36.18,17.02,9.31,3.411764705882353,9.235294117647058,0.47058823529411764
171,16/01/2021,Leeds,Brighton,"['0 ', ' 1']",Leeds,17,30,33,23,28.9,33.57,6.65,14.63,8.823529411764707,7.352941176470588,1.3529411764705883,Brighton,18,21,29,14,25.92,23.57,10.19,12.87,6.833333333333333,5.0,0.7777777777777778
172,16/01/2021,West Ham,Burnley,"['1 ', ' 0']",West Ham,17,24,21,26,22.86,22.4,17.44,11.45,4.764705882352941,7.176470588235294,1.5294117647058822,Burnley,16,9,21,16,13.49,22.81,13.2,9.39,5.1875,8.6875,1.0
173,16/01/2021,Fulham,Chelsea,"['0 ', ' 1']",Fulham,16,14,24,12,18.93,26.53,14.2,9.7,4.75,6.375,0.75,Chelsea,17,32,21,26,30.52,17.59,9.79,18.1,7.352941176470588,5.294117647058823,1.5294117647058822
174,16/01/2021,Leicester,Southampton,"['2 ', ' 0']",Leicester,17,31,21,32,26.15,21.32,11.22,13.49,5.705882352941177,5.0,1.8823529411764706,Southampton,17,26,19,29,17.55,20.43,9.0,11.79,5.647058823529412,6.352941176470588,1.7058823529411764
175,17/01/2021,Sheffield United,Tottenham,"['1 ', ' 3']",Sheffield United,18,9,29,5,18.89,28.46,13.95,11.48,5.777777777777778,7.055555555555555,0.2777777777777778,Tottenham,17,30,16,30,27.34,19.93,11.95,11.26,4.176470588235294,7.529411764705882,1.7647058823529411
176,17/01/2021,Liverpool,Manchester United,"['0 ', ' 0']",Liverpool,17,37,21,33,33.16,20.48,8.84,20.36,12.117647058823529,3.176470588235294,1.9411764705882353,Manchester United,17,34,24,36,29.52,21.94,11.36,11.83,8.941176470588236,5.235294117647059,2.1176470588235294
177,17/01/2021,Manchester City,Crystal Palace,"['4 ', ' 0']",Manchester City,16,25,13,32,32.24,13.07,10.53,19.79,10.625,3.5625,2.0,Crystal Palace,18,22,29,23,18.94,26.81,16.04,7.44,5.777777777777778,6.666666666666667,1.2777777777777777
178,18/01/2021,Arsenal,Newcastle United,"['3 ', ' 0']",Arsenal,18,20,19,24,23.16,21.2,13.48,16.38,7.333333333333333,5.833333333333333,1.3333333333333333,Newcastle United,17,18,27,19,16.6,25.76,19.22,8.44,3.6470588235294117,8.411764705882353,1.1176470588235294
179,19/01/2021,West Ham,West Bromwich Albion,"['2 ', ' 1']",West Ham,18,25,21,29,24.59,22.79,16.95,11.31,4.722222222222222,7.055555555555555,1.6111111111111112,West Bromwich Albion,18,14,41,11,12.1,38.12,17.02,9.19,3.611111111111111,9.0,0.6111111111111112
180,19/01/2021,Leicester,Chelsea,"['2 ', ' 0']",Leicester,18,33,21,35,28.27,21.7,11.12,13.25,5.888888888888889,5.0,1.9444444444444444,Chelsea,18,33,21,29,31.9,18.06,9.6,18.22,7.666666666666667,5.333333333333333,1.6111111111111112
181,20/01/2021,Manchester City,Aston Villa,"['2 ', ' 0']",Manchester City,17,29,13,35,33.2,13.12,10.1,20.81,10.294117647058824,3.5294117647058822,2.0588235294117645,Aston Villa,15,29,16,26,29.46,16.9,10.28,8.14,8.6,6.733333333333333,1.7333333333333334
182,20/01/2021,Fulham,Manchester United,"['1 ', ' 2']",Fulham,17,14,25,12,19.39,27.91,14.56,9.52,4.823529411764706,6.764705882352941,0.7058823529411765,Manchester United,18,34,24,37,30.71,23.14,11.73,11.33,8.722222222222221,5.888888888888889,2.0555555555555554
183,21/01/2021,Liverpool,Burnley,"['0 ', ' 1']",Liverpool,18,37,21,34,34.36,21.67,8.56,20.3,12.38888888888889,3.2777777777777777,1.8888888888888888,Burnley,17,9,22,16,13.88,24.55,12.99,9.4,5.176470588235294,8.411764705882353,0.9411764705882353
184,23/01/2021,Aston Villa,Newcastle United,"['2 ', ' 0']",Aston Villa,16,29,18,26,30.06,20.24,10.78,8.15,8.25,7.625,1.625,Newcastle United,18,18,30,19,16.77,28.07,19.62,8.47,3.5555555555555554,8.666666666666666,1.0555555555555556
185,26/01/2021,Newcastle United,Leeds,"['1 ', ' 2']",Newcastle United,19,18,32,19,17.17,30.67,19.4,8.44,3.473684210526316,8.578947368421053,1.0,Leeds,18,30,34,23,29.14,34.71,6.71,14.77,8.777777777777779,7.555555555555555,1.2777777777777777
186,26/01/2021,Crystal Palace,West Ham,"['2 ', ' 3']",Crystal Palace,19,22,33,23,18.99,27.77,17.0,7.3,5.631578947368421,6.578947368421052,1.2105263157894737,West Ham,19,27,22,32,26.77,23.26,16.84,11.57,4.7894736842105265,6.947368421052632,1.6842105263157894
187,26/01/2021,West Bromwich Albion,Manchester City,"['0 ', ' 5']",West Bromwich Albion,19,15,43,11,12.57,40.29,17.0,9.35,3.6842105263157894,8.842105263157896,0.5789473684210527,Manchester City,18,31,13,38,36.55,13.72,10.02,20.87,10.88888888888889,3.5,2.111111111111111
188,26/01/2021,Southampton,Arsenal,"['1 ', ' 3']",Southampton,18,26,21,29,17.92,22.55,9.02,11.66,5.611111111111111,6.5,1.6111111111111112,Arsenal,19,23,19,27,25.46,21.37,13.23,16.83,7.631578947368421,5.631578947368421,1.4210526315789473
189,27/01/2021,Burnley,Aston Villa,"['3 ', ' 2']",Burnley,18,10,22,19,14.97,26.2,13.45,9.38,5.111111111111111,9.055555555555555,1.0555555555555556,Aston Villa,17,31,18,29,32.66,20.64,10.59,8.59,8.176470588235293,7.294117647058823,1.7058823529411764
190,27/01/2021,Chelsea,Wolverhampton Wanderers,"['0 ', ' 0']",Chelsea,19,33,23,29,32.52,19.2,9.55,18.21,7.631578947368421,5.526315789473684,1.5263157894736843,Wolverhampton Wanderers,19,21,29,22,19.91,26.18,13.9,12.2,4.052631578947368,7.368421052631579,1.1578947368421053
191,27/01/2021,Brighton,Fulham,"['0 ', ' 0']",Brighton,19,22,29,17,27.06,23.82,10.52,12.67,7.052631578947368,5.157894736842105,0.8947368421052632,Fulham,18,15,27,12,20.15,29.6,14.73,9.37,4.777777777777778,6.777777777777778,0.6666666666666666
192,27/01/2021,Everton,Leicester,"['1 ', ' 1']",Everton,17,28,21,32,23.77,22.32,13.06,12.6,6.0,6.9411764705882355,1.8823529411764706,Leicester,19,35,21,38,29.42,22.31,11.5,13.0,6.052631578947368,5.105263157894737,2.0
193,27/01/2021,Manchester United,Sheffield United,"['1 ', ' 2']",Manchester United,19,36,25,40,32.4,23.9,11.4,11.59,8.631578947368421,5.7894736842105265,2.1052631578947367,Sheffield United,19,10,32,5,19.87,29.74,13.87,11.41,5.7368421052631575,7.105263157894737,0.2631578947368421
194,28/01/2021,Tottenham,Liverpool,"['1 ', ' 3']",Tottenham,18,33,17,33,28.62,20.91,11.88,11.37,4.388888888888889,7.388888888888889,1.8333333333333333,Liverpool,19,37,22,34,36.01,22.75,8.57,20.58,12.789473684210526,3.3157894736842106,1.7894736842105263
195,30/01/2021,Everton,Newcastle United,"['0 ', ' 2']",Everton,18,29,22,33,24.25,23.11,13.48,12.24,5.777777777777778,7.0,1.8333333333333333,Newcastle United,20,19,34,19,18.31,31.46,18.76,8.25,3.55,8.85,0.95
196,30/01/2021,Crystal Palace,Wolverhampton Wanderers,"['1 ', ' 0']",Crystal Palace,20,24,36,23,19.62,31.08,16.7,7.57,5.95,6.5,1.15,Wolverhampton Wanderers,20,21,29,23,20.54,26.84,14.92,11.63,3.9,7.3,1.15
197,30/01/2021,Manchester City,Sheffield United,"['1 ', ' 0']",Manchester City,19,36,13,41,38.79,14.29,9.94,21.2,11.105263157894736,3.473684210526316,2.1578947368421053,Sheffield United,20,12,33,8,20.56,30.74,14.06,11.06,5.6,7.3,0.4
198,30/01/2021,West Bromwich Albion,Fulham,"['2 ', ' 2']",West Bromwich Albion,20,15,48,11,13.14,42.54,17.49,9.29,3.65,9.15,0.55,Fulham,19,15,27,13,20.66,31.89,14.44,9.19,4.631578947368421,7.052631578947368,0.6842105263157895
199,30/01/2021,Arsenal,Manchester United,"['0 ', ' 0']",Arsenal,20,26,20,30,27.9,22.37,13.39,16.17,7.6,5.4,1.5,Manchester United,20,37,27,40,33.39,24.59,11.17,11.88,8.75,5.65,2.0
200,30/01/2021,Southampton,Aston Villa,"['0 ', ' 1']",Southampton,19,27,24,29,18.92,24.98,8.9,11.86,5.368421052631579,6.526315789473684,1.5263157894736843,Aston Villa,18,33,21,29,35.37,21.36,10.62,8.55,8.11111111111111,7.0,1.6111111111111112
201,31/01/2021,Chelsea,Burnley,"['2 ', ' 0']",Chelsea,20,33,23,30,33.18,19.83,9.18,19.16,7.55,5.3,1.5,Burnley,19,13,24,22,15.68,28.9,13.06,9.44,4.947368421052632,8.947368421052632,1.1578947368421053
202,31/01/2021,Leicester,Leeds,"['1 ', ' 3']",Leicester,20,36,22,39,30.21,22.79,11.19,13.38,6.15,4.95,1.95,Leeds,19,32,35,26,29.93,35.85,6.63,14.5,9.052631578947368,7.421052631578948,1.368421052631579
203,31/01/2021,West Ham,Liverpool,"['1 ', ' 3']",West Ham,20,30,24,35,30.07,23.89,16.72,11.57,4.8,7.2,1.75,Liverpool,20,40,23,37,38.6,22.85,8.89,20.24,12.7,3.15,1.85
204,31/01/2021,Brighton,Tottenham,"['1 ', ' 0']",Brighton,20,22,29,18,29.35,24.33,10.25,12.49,7.3,5.0,0.9,Tottenham,19,34,20,33,28.73,23.5,12.03,11.55,4.157894736842105,7.578947368421052,1.736842105263158
205,02/02/2021,Sheffield United,West Bromwich Albion,"['2 ', ' 1']",Sheffield United,21,12,34,8,20.71,32.27,14.62,11.03,5.619047619047619,7.238095238095238,0.38095238095238093,West Bromwich Albion,21,17,50,12,14.13,44.06,17.32,9.27,3.4761904761904763,9.047619047619047,0.5714285714285714
206,02/02/2021,Wolverhampton Wanderers,Arsenal,"['2 ', ' 1']",Wolverhampton Wanderers,21,21,30,23,20.99,28.21,15.09,11.93,3.8095238095238093,7.190476190476191,1.0952380952380953,Arsenal,21,26,20,31,28.64,23.88,13.6,15.94,7.333333333333333,5.523809523809524,1.4761904761904763
207,02/02/2021,Manchester United,Southampton,"['9 ', ' 0']",Manchester United,21,37,27,41,34.9,25.33,11.19,12.1,8.714285714285714,5.476190476190476,1.9523809523809523,Southampton,20,27,25,29,21.14,25.78,8.9,11.79,5.95,6.4,1.45
208,02/02/2021,Newcastle United,Crystal Palace,"['1 ', ' 2']",Newcastle United,21,21,34,22,20.39,32.42,19.05,8.18,3.619047619047619,8.857142857142858,1.0476190476190477,Crystal Palace,21,25,36,26,20.99,31.53,16.83,7.93,5.904761904761905,6.285714285714286,1.2380952380952381
209,03/02/2021,Burnley,Manchester City,"['0 ', ' 2']",Burnley,20,13,26,22,16.07,30.34,13.27,9.27,4.9,9.65,1.1,Manchester City,20,37,13,44,40.33,14.44,9.95,21.69,10.85,3.6,2.2
210,03/02/2021,Fulham,Leicester,"['0 ', ' 2']",Fulham,20,17,29,14,22.18,32.88,14.2,9.42,4.75,6.7,0.7,Leicester,21,37,25,39,31.94,24.6,11.01,12.97,6.142857142857143,4.904761904761905,1.8571428571428572
211,03/02/2021,Leeds,Everton,"['1 ', ' 2']",Leeds,20,35,36,29,31.74,37.58,6.66,14.1,8.8,7.35,1.45,Everton,19,29,24,33,25.21,25.2,13.13,12.63,5.947368421052632,6.894736842105263,1.736842105263158
212,03/02/2021,Aston Villa,West Ham,"['1 ', ' 3']",Aston Villa,19,34,21,32,36.16,23.59,10.61,8.57,7.894736842105263,7.526315789473684,1.6842105263157894,West Ham,21,31,27,35,30.96,25.94,17.45,11.6,4.666666666666667,7.476190476190476,1.6666666666666667
213,03/02/2021,Liverpool,Brighton,"['0 ', ' 1']",Liverpool,21,43,24,40,40.65,23.74,9.01,20.88,12.714285714285714,3.0952380952380953,1.9047619047619047,Brighton,21,23,29,21,31.13,24.7,10.2,12.48,7.9523809523809526,5.0476190476190474,1.0
214,04/02/2021,Tottenham,Chelsea,"['0 ', ' 1']",Tottenham,20,34,21,33,29.1,25.27,12.03,11.41,4.25,8.25,1.65,Chelsea,21,35,23,33,34.62,20.22,9.06,19.05,8.285714285714286,5.238095238095238,1.5714285714285714
215,06/02/2021,Aston Villa,Arsenal,"['1 ', ' 0']",Aston Villa,20,35,24,32,36.9,25.38,10.46,8.87,7.85,7.45,1.6,Arsenal,22,27,22,31,29.36,25.44,13.69,16.23,7.2272727272727275,5.363636363636363,1.4090909090909092
216,06/02/2021,Burnley,Brighton,"['1 ', ' 1']",Burnley,21,13,28,22,16.12,32.47,13.83,9.36,4.904761904761905,9.761904761904763,1.0476190476190477,Brighton,22,24,29,24,32.32,25.8,10.65,12.4,7.636363636363637,5.318181818181818,1.0909090909090908
217,06/02/2021,Newcastle United,Southampton,"['3 ', ' 2']",Newcastle United,22,22,36,22,22.3,33.23,18.52,8.61,3.8636363636363638,8.727272727272727,1.0,Southampton,21,27,34,29,21.65,30.81,9.08,11.41,5.761904761904762,7.190476190476191,1.380952380952381
218,06/02/2021,Fulham,West Ham,"['0 ', ' 0']",Fulham,21,17,31,14,22.91,34.6,13.71,9.76,5.0,6.666666666666667,0.6666666666666666,West Ham,22,34,28,38,32.75,26.68,17.45,11.39,4.7272727272727275,7.454545454545454,1.7272727272727273
219,06/02/2021,Manchester United,Everton,"['3 ', ' 3']",Manchester United,22,46,27,44,39.93,25.84,10.84,12.17,9.363636363636363,5.318181818181818,2.0,Everton,20,31,25,36,27.13,26.35,13.2,12.18,5.75,7.05,1.8
220,07/02/2021,Tottenham,West Bromwich Albion,"['2 ', ' 0']",Tottenham,21,34,22,33,29.67,27.66,12.05,11.28,4.142857142857143,8.476190476190476,1.5714285714285714,West Bromwich Albion,22,18,52,12,15.75,45.42,17.34,9.04,3.409090909090909,9.181818181818182,0.5454545454545454
221,07/02/2021,Wolverhampton Wanderers,Leicester,"['0 ', ' 0']",Wolverhampton Wanderers,22,23,31,26,22.55,28.93,15.4,12.09,3.727272727272727,7.090909090909091,1.1818181818181819,Leicester,22,39,25,42,33.66,25.33,11.33,12.61,6.136363636363637,5.136363636363637,1.9090909090909092
222,07/02/2021,Liverpool,Manchester City,"['1 ', ' 4']",Liverpool,22,43,25,40,41.75,24.93,9.08,21.14,12.636363636363637,3.0,1.8181818181818181,Manchester City,21,39,13,47,42.45,14.49,10.01,22.06,10.904761904761905,3.6666666666666665,2.238095238095238
223,07/02/2021,Sheffield United,Chelsea,"['1 ', ' 2']",Sheffield United,22,14,35,11,22.07,33.89,14.16,11.36,5.909090909090909,7.0,0.5,Chelsea,22,36,23,36,37.01,20.79,9.07,18.6,8.5,5.090909090909091,1.6363636363636365
224,08/02/2021,Leeds,Crystal Palace,"['2 ', ' 0']",Leeds,21,36,38,29,32.89,39.5,6.6,14.12,8.857142857142858,7.095238095238095,1.380952380952381,Crystal Palace,22,27,37,29,21.8,33.43,17.0,7.99,5.909090909090909,6.409090909090909,1.3181818181818181
225,13/02/2021,Leicester,Liverpool,"['3 ', ' 1']",Leicester,23,39,25,43,34.29,26.69,11.07,12.71,6.304347826086956,5.217391304347826,1.8695652173913044,Liverpool,23,44,29,40,42.93,28.48,9.19,21.12,12.347826086956522,3.0434782608695654,1.7391304347826086
226,13/02/2021,Crystal Palace,Burnley,"['0 ', ' 3']",Crystal Palace,23,27,39,29,22.17,36.08,17.65,7.94,5.826086956521739,6.434782608695652,1.2608695652173914,Burnley,22,14,29,23,18.01,33.08,13.93,9.52,5.2727272727272725,9.545454545454545,1.0454545454545454
227,13/02/2021,Manchester City,Tottenham,"['3 ', ' 0']",Manchester City,22,43,14,50,46.0,15.67,10.45,21.2,10.590909090909092,3.772727272727273,2.272727272727273,Tottenham,22,36,22,36,31.6,28.36,11.85,11.64,4.409090909090909,8.227272727272727,1.6363636363636365
228,13/02/2021,Brighton,Aston Villa,"['0 ', ' 0']",Brighton,23,25,30,25,32.93,27.69,10.72,12.54,7.521739130434782,5.6521739130434785,1.0869565217391304,Aston Villa,21,36,24,35,38.1,26.06,10.82,8.74,7.714285714285714,7.761904761904762,1.6666666666666667
229,14/02/2021,Southampton,Wolverhampton Wanderers,"['1 ', ' 2']",Southampton,22,29,37,29,23.09,31.72,8.78,11.6,5.863636363636363,7.136363636363637,1.3181818181818181,Wolverhampton Wanderers,23,23,31,27,23.91,29.56,15.37,11.78,3.869565217391304,7.217391304347826,1.173913043478261
230,14/02/2021,West Bromwich Albion,Manchester United,"['1 ', ' 1']",West Bromwich Albion,23,18,54,12,16.45,47.35,17.57,8.97,3.391304347826087,9.217391304347826,0.5217391304347826,Manchester United,23,49,30,45,41.65,27.4,10.83,12.6,9.217391304347826,5.217391304347826,1.9565217391304348
231,14/02/2021,Arsenal,Leeds,"['4 ', ' 2']",Arsenal,23,27,23,31,30.04,26.64,13.32,16.38,7.521739130434782,5.3478260869565215,1.3478260869565217,Leeds,22,38,38,32,35.53,39.87,6.61,14.77,8.772727272727273,6.954545454545454,1.4545454545454546
232,14/02/2021,Everton,Fulham,"['0 ', ' 2']",Everton,21,34,28,37,28.68,28.06,13.72,12.11,5.619047619047619,7.0,1.7619047619047619,Fulham,22,17,31,15,24.52,35.54,13.61,10.14,5.318181818181818,6.454545454545454,0.6818181818181818
233,15/02/2021,West Ham,Sheffield United,"['3 ', ' 0']",West Ham,23,34,28,39,33.69,28.29,17.66,11.37,4.608695652173913,7.6521739130434785,1.6956521739130435,Sheffield United,23,15,37,11,22.69,35.53,14.41,11.33,5.826086956521739,7.086956521739131,0.4782608695652174
234,15/02/2021,Chelsea,Newcastle United,"['2 ', ' 0']",Chelsea,23,38,24,39,38.65,21.42,9.11,18.66,8.521739130434783,5.043478260869565,1.6956521739130435,Newcastle United,23,25,38,25,23.21,34.67,18.5,8.32,3.9565217391304346,8.695652173913043,1.0869565217391304
235,17/02/2021,Burnley,Fulham,"['1 ', ' 1']",Burnley,23,17,29,26,19.97,33.72,13.62,9.26,5.217391304347826,9.565217391304348,1.1304347826086956,Fulham,23,19,31,18,27.07,35.85,13.5,10.25,5.478260869565218,6.217391304347826,0.782608695652174
236,17/02/2021,Everton,Manchester City,"['1 ', ' 3']",Everton,22,34,30,37,29.0,30.61,13.69,12.09,5.409090909090909,7.090909090909091,1.6818181818181819,Manchester City,23,46,14,53,48.46,16.09,10.4,21.13,10.869565217391305,3.652173913043478,2.3043478260869565
237,19/02/2021,Wolverhampton Wanderers,Leeds,"['1 ', ' 0']",Wolverhampton Wanderers,24,25,32,30,25.0,30.41,15.37,11.77,3.8333333333333335,7.166666666666667,1.25,Leeds,23,40,42,32,36.3,42.38,6.75,14.7,8.695652173913043,7.217391304347826,1.391304347826087
238,20/02/2021,Southampton,Chelsea,"['1 ', ' 1']",Southampton,23,30,39,29,23.94,32.82,8.88,11.73,5.869565217391305,6.956521739130435,1.2608695652173914,Chelsea,24,40,24,42,41.2,21.85,9.01,18.12,8.5,4.875,1.75
239,20/02/2021,Burnley,West Bromwich Albion,"['0 ', ' 0']",Burnley,24,18,30,27,21.17,34.32,13.47,9.37,5.208333333333333,9.333333333333334,1.125,West Bromwich Albion,24,19,55,13,17.39,47.78,17.8,8.94,3.375,9.208333333333334,0.5416666666666666
240,20/02/2021,Liverpool,Everton,"['0 ', ' 2']",Liverpool,24,45,32,40,44.61,30.55,9.1,20.7,12.333333333333334,3.0,1.6666666666666667,Everton,23,35,33,37,30.04,31.85,14.15,12.03,5.260869565217392,7.173913043478261,1.608695652173913
241,20/02/2021,Fulham,Sheffield United,"['1 ', ' 0']",Fulham,24,20,32,19,27.67,37.06,13.48,10.27,5.416666666666667,6.166666666666667,0.7916666666666666,Sheffield United,24,15,40,11,23.62,37.86,14.41,11.57,5.958333333333333,6.875,0.4583333333333333
242,21/02/2021,West Ham,Tottenham,"['2 ', ' 1']",West Ham,24,37,28,42,36.02,29.22,17.66,11.49,4.5,7.708333333333333,1.75,Tottenham,23,36,25,36,32.02,30.82,12.16,11.52,4.260869565217392,8.608695652173912,1.565217391304348
243,21/02/2021,Aston Villa,Leicester,"['1 ', ' 2']",Aston Villa,22,36,24,36,38.25,28.39,11.0,8.74,7.545454545454546,8.136363636363637,1.6363636363636365,Leicester,24,42,26,46,36.36,28.37,11.17,12.42,6.125,5.5,1.9166666666666667
244,21/02/2021,Arsenal,Manchester City,"['0 ', ' 1']",Arsenal,24,31,25,34,32.55,27.41,13.3,16.04,7.75,5.416666666666667,1.4166666666666667,Manchester City,24,49,15,56,49.69,17.14,10.39,21.35,10.791666666666666,3.5833333333333335,2.3333333333333335
245,21/02/2021,Manchester United,Newcastle United,"['3 ', ' 1']",Manchester United,24,50,31,46,42.08,28.34,10.75,12.88,9.208333333333334,5.125,1.9166666666666667,Newcastle United,24,25,40,25,23.65,37.21,17.89,8.24,3.8333333333333335,8.666666666666666,1.0416666666666667
246,22/02/2021,Brighton,Crystal Palace,"['1 ', ' 2']",Brighton,24,25,30,26,35.26,27.83,10.64,12.66,7.875,5.583333333333333,1.0833333333333333,Crystal Palace,24,27,42,29,22.82,38.04,16.87,7.94,6.0,6.333333333333333,1.2083333333333333
247,23/02/2021,Leeds,Southampton,"['3 ', ' 0']",Leeds,24,40,43,32,38.78,42.97,6.78,14.44,8.583333333333334,6.958333333333333,1.3333333333333333,Southampton,24,31,40,30,24.44,34.26,9.27,11.28,5.625,7.083333333333333,1.25
248,27/02/2021,Manchester City,West Ham,"['2 ', ' 1']",Manchester City,25,50,15,59,51.78,17.47,10.61,21.16,10.64,3.68,2.36,West Ham,25,39,29,45,37.11,29.99,17.3,11.29,4.4,7.72,1.8
249,27/02/2021,West Bromwich Albion,Brighton,"['1 ', ' 0']",West Bromwich Albion,25,19,55,14,19.11,48.31,17.82,8.71,3.4,8.96,0.56,Brighton,25,26,32,26,37.85,28.01,10.44,13.2,8.08,5.36,1.04
250,27/02/2021,Leeds,Aston Villa,"['0 ', ' 1']",Leeds,25,43,43,35,40.63,44.45,6.78,14.03,8.64,6.88,1.4,Aston Villa,23,37,26,36,39.95,29.63,11.11,8.75,7.434782608695652,8.043478260869565,1.565217391304348
251,27/02/2021,Newcastle United,Wolverhampton Wanderers,"['1 ', ' 1']",Newcastle United,25,26,43,25,23.99,38.94,18.06,8.18,3.72,8.72,1.0,Wolverhampton Wanderers,25,26,32,33,25.59,32.89,15.06,11.64,3.72,7.12,1.32
252,28/02/2021,Crystal Palace,Fulham,"['0 ', ' 0']",Crystal Palace,25,29,43,32,23.0,40.63,17.36,7.85,5.76,6.6,1.28,Fulham,25,21,32,22,28.88,38.04,13.36,10.27,5.48,6.0,0.88
253,28/02/2021,Leicester,Arsenal,"['1 ', ' 3']",Leicester,25,44,27,49,37.6,30.08,11.08,12.46,6.12,5.48,1.96,Arsenal,25,31,26,34,32.88,29.5,13.43,16.06,7.68,5.48,1.36
254,28/02/2021,Tottenham,Burnley,"['4 ', ' 0']",Tottenham,24,37,27,36,32.79,31.92,11.97,11.52,4.416666666666667,8.333333333333334,1.5,Burnley,25,18,30,28,21.71,36.04,13.05,9.59,5.12,9.12,1.12
255,28/02/2021,Chelsea,Manchester United,"['0 ', ' 0']",Chelsea,25,41,25,43,42.64,22.35,8.71,18.05,8.56,4.68,1.72,Manchester United,25,53,32,49,43.8,28.69,10.62,13.17,9.24,4.96,1.96
256,28/02/2021,Sheffield United,Liverpool,"['0 ', ' 2']",Sheffield United,25,15,41,11,24.6,39.07,14.18,11.49,5.8,6.88,0.44,Liverpool,25,45,34,40,46.15,32.57,9.01,20.72,12.4,2.92,1.6
257,01/03/2021,Everton,Southampton,"['1 ', ' 0']",Everton,24,37,33,40,32.06,33.39,14.41,11.84,5.083333333333333,7.458333333333333,1.6666666666666667,Southampton,25,31,43,30,25.92,36.11,9.14,11.06,5.6,7.2,1.2
258,02/03/2021,Manchester City,Wolverhampton Wanderers,"['4 ', ' 1']",Manchester City,26,52,16,62,52.54,19.4,10.66,21.2,10.423076923076923,3.6153846153846154,2.3846153846153846,Wolverhampton Wanderers,26,27,33,34,26.87,34.84,14.99,11.31,3.769230769230769,7.076923076923077,1.3076923076923077
259,03/03/2021,Burnley,Leicester,"['1 ', ' 1']",Burnley,26,18,34,28,22.31,38.4,13.01,9.87,5.1923076923076925,8.923076923076923,1.0769230769230769,Leicester,26,45,30,49,38.13,32.19,11.07,12.68,6.0,5.538461538461538,1.8846153846153846
260,03/03/2021,Sheffield United,Aston Villa,"['1 ', ' 0']",Sheffield United,26,15,43,11,25.37,41.87,14.33,11.54,5.6923076923076925,6.846153846153846,0.4230769230769231,Aston Villa,24,38,26,39,40.83,30.63,11.12,8.59,7.166666666666667,7.958333333333333,1.625
261,03/03/2021,Crystal Palace,Manchester United,"['0 ', ' 0']",Crystal Palace,26,29,43,33,23.08,41.44,16.83,7.81,5.576923076923077,6.538461538461538,1.2692307692307692,Manchester United,26,53,32,50,44.16,29.86,10.6,12.97,9.038461538461538,4.8076923076923075,1.9230769230769231
262,04/03/2021,West Bromwich Albion,Everton,"['0 ', ' 1']",West Bromwich Albion,26,20,55,17,19.8,51.43,17.66,8.47,3.3461538461538463,9.0,0.6538461538461539,Everton,25,38,33,43,33.48,34.05,14.19,11.64,5.08,7.28,1.72
263,04/03/2021,Fulham,Tottenham,"['0 ', ' 1']",Fulham,26,21,32,23,29.69,38.13,13.01,10.24,5.461538461538462,5.8076923076923075,0.8846153846153846,Tottenham,25,41,27,39,35.15,32.52,12.16,11.57,4.4,8.28,1.56
264,04/03/2021,Liverpool,Chelsea,"['0 ', ' 1']",Liverpool,26,47,34,43,48.96,33.34,9.1,20.64,12.153846153846153,2.923076923076923,1.6538461538461537,Chelsea,26,41,25,44,43.82,22.7,8.72,17.57,8.26923076923077,4.653846153846154,1.6923076923076923
265,06/03/2021,Burnley,Arsenal,"['1 ', ' 1']",Burnley,27,19,35,29,23.58,39.64,13.19,9.86,5.2592592592592595,8.814814814814815,1.0740740740740742,Arsenal,26,34,27,37,34.98,30.03,13.66,15.81,7.653846153846154,5.384615384615385,1.4230769230769231
266,06/03/2021,Sheffield United,Southampton,"['0 ', ' 2']",Sheffield United,27,16,43,14,26.09,43.31,14.34,11.6,5.666666666666667,7.185185185185185,0.5185185185185185,Southampton,26,31,44,30,26.58,37.53,9.09,11.02,5.5,7.115384615384615,1.1538461538461537
267,06/03/2021,Aston Villa,Wolverhampton Wanderers,"['0 ', ' 0']",Aston Villa,25,38,27,39,42.27,31.34,11.18,8.84,7.52,7.84,1.56,Wolverhampton Wanderers,27,28,37,34,27.19,38.11,15.49,11.12,3.6666666666666665,7.555555555555555,1.2592592592592593
268,06/03/2021,Brighton,Leicester,"['1 ', ' 2']",Brighton,26,26,33,26,40.98,28.7,10.16,13.25,8.153846153846153,5.230769230769231,1.0,Leicester,27,46,31,50,39.37,33.45,11.04,12.87,6.0,5.592592592592593,1.8518518518518519
269,07/03/2021,West Bromwich Albion,Newcastle United,"['0 ', ' 0']",West Bromwich Albion,27,20,56,17,20.82,52.84,17.61,8.6,3.4814814814814814,8.962962962962964,0.6296296296296297,Newcastle United,26,27,44,26,25.94,40.21,17.2,8.32,3.8076923076923075,8.576923076923077,1.0
270,07/03/2021,Liverpool,Fulham,"['0 ', ' 1']",Liverpool,27,47,35,43,49.2,34.57,9.25,20.15,12.074074074074074,3.259259259259259,1.5925925925925926,Fulham,27,21,33,23,30.86,39.68,12.73,10.29,5.592592592592593,5.851851851851852,0.8518518518518519
271,07/03/2021,Manchester City,Manchester United,"['0 ', ' 2']",Manchester City,27,56,17,65,55.8,19.72,10.49,21.57,10.777777777777779,3.5185185185185186,2.4074074074074074,Manchester United,27,53,32,51,44.75,30.6,10.6,13.08,9.0,4.7407407407407405,1.8888888888888888
272,07/03/2021,Tottenham,Crystal Palace,"['4 ', ' 1']",Tottenham,26,42,27,42,36.7,33.69,12.13,11.38,4.5,8.307692307692308,1.6153846153846154,Crystal Palace,27,29,43,34,23.83,42.03,16.81,7.89,5.481481481481482,6.592592592592593,1.2592592592592593
273,08/03/2021,Chelsea,Everton,"['2 ', ' 0']",Chelsea,27,42,25,47,45.04,22.95,8.89,17.27,8.407407407407407,4.851851851851852,1.7407407407407407,Everton,26,39,33,46,34.89,35.07,14.09,11.79,5.1923076923076925,7.269230769230769,1.7692307692307692
274,08/03/2021,West Ham,Leeds,"['2 ', ' 0']",West Ham,26,40,31,45,39.04,30.75,17.47,11.32,4.3076923076923075,7.615384615384615,1.7307692307692308,Leeds,26,43,44,35,41.63,45.32,6.71,13.92,8.538461538461538,6.653846153846154,1.3461538461538463
275,10/03/2021,Manchester City,Southampton,"['5 ', ' 2']",Manchester City,28,56,19,65,57.08,21.83,10.38,21.66,10.857142857142858,3.5357142857142856,2.3214285714285716,Southampton,27,33,44,33,28.96,38.44,9.02,10.88,5.481481481481482,7.037037037037037,1.2222222222222223
276,12/03/2021,Newcastle United,Aston Villa,"['1 ', ' 1']",Newcastle United,27,27,44,27,26.39,41.68,16.88,8.37,3.888888888888889,8.74074074074074,1.0,Aston Villa,26,38,27,40,43.23,33.49,11.08,8.96,7.269230769230769,7.538461538461538,1.5384615384615385
277,13/03/2021,Leeds,Chelsea,"['0 ', ' 0']",Leeds,27,43,46,35,42.98,47.7,6.7,13.93,8.62962962962963,6.481481481481482,1.2962962962962963,Chelsea,28,44,25,50,47.62,23.22,8.9,17.31,8.321428571428571,4.678571428571429,1.7857142857142858
278,13/03/2021,Crystal Palace,West Bromwich Albion,"['1 ', ' 0']",Crystal Palace,28,30,47,34,24.39,44.27,16.68,7.79,5.321428571428571,6.535714285714286,1.2142857142857142,West Bromwich Albion,28,20,56,18,22.29,53.29,17.32,8.59,3.8214285714285716,8.857142857142858,0.6428571428571429
279,13/03/2021,Everton,Burnley,"['1 ', ' 2']",Everton,27,39,35,46,35.16,37.65,14.28,11.69,5.0,7.222222222222222,1.7037037037037037,Burnley,28,20,36,30,24.68,42.17,13.52,9.91,5.25,8.785714285714286,1.0714285714285714
280,13/03/2021,Fulham,Manchester City,"['0 ', ' 3']",Fulham,28,22,33,26,32.23,40.38,12.96,10.28,5.464285714285714,5.821428571428571,0.9285714285714286,Manchester City,29,61,21,68,60.19,23.44,10.64,21.51,10.827586206896552,3.586206896551724,2.3448275862068964
281,14/03/2021,Southampton,Brighton,"['1 ', ' 2']",Southampton,28,35,49,33,30.56,41.55,9.34,11.1,5.464285714285714,7.142857142857143,1.1785714285714286,Brighton,27,27,35,26,41.73,29.74,10.24,12.99,8.25925925925926,5.296296296296297,0.9629629629629629
282,14/03/2021,Leicester,Sheffield United,"['5 ', ' 0']",Leicester,28,48,32,53,40.41,34.21,10.9,12.81,6.035714285714286,5.785714285714286,1.8928571428571428,Sheffield United,28,16,45,14,27.0,45.69,14.04,11.36,5.642857142857143,7.107142857142857,0.5
283,14/03/2021,Arsenal,Tottenham,"['2 ', ' 1']",Arsenal,27,35,28,38,37.52,31.14,13.57,16.13,7.666666666666667,5.37037037037037,1.4074074074074074,Tottenham,27,46,28,45,38.94,34.25,11.75,11.53,4.518518518518518,8.037037037037036,1.6666666666666667
284,14/03/2021,Manchester United,West Ham,"['1 ', ' 0']",Manchester United,28,55,32,54,46.86,31.88,10.91,12.88,8.821428571428571,5.035714285714286,1.9285714285714286,West Ham,27,42,31,48,41.41,32.1,17.32,11.1,4.222222222222222,7.7407407407407405,1.7777777777777777
285,15/03/2021,Wolverhampton Wanderers,Liverpool,"['0 ', ' 1']",Wolverhampton Wanderers,28,28,37,35,29.34,39.06,15.39,11.04,3.5357142857142856,7.321428571428571,1.25,Liverpool,28,47,36,43,49.9,35.94,9.28,20.16,11.821428571428571,3.2142857142857144,1.5357142857142858
286,19/03/2021,Fulham,Leeds,"['1 ', ' 2']",Fulham,29,22,36,26,32.68,43.11,12.81,10.21,5.517241379310345,5.827586206896552,0.896551724137931,Leeds,28,43,46,36,43.37,48.67,6.85,13.69,8.428571428571429,6.678571428571429,1.2857142857142858
287,20/03/2021,Brighton,Newcastle United,"['3 ', ' 0']",Brighton,28,29,36,29,42.63,30.77,10.13,13.04,8.035714285714286,5.357142857142857,1.0357142857142858,Newcastle United,28,28,45,28,27.27,42.43,16.34,8.34,3.9285714285714284,8.607142857142858,1.0
288,21/03/2021,West Ham,Arsenal,"['3 ', ' 3']",West Ham,28,42,32,48,41.88,33.8,17.41,11.05,4.285714285714286,7.892857142857143,1.7142857142857142,Arsenal,28,37,29,41,39.09,31.84,13.34,16.06,7.75,5.321428571428571,1.4642857142857142
289,21/03/2021,Aston Villa,Tottenham,"['0 ', ' 2']",Aston Villa,27,39,28,41,43.98,34.37,10.94,8.86,7.185185185185185,7.444444444444445,1.5185185185185186,Tottenham,28,47,30,45,39.65,35.82,11.83,11.45,4.5,8.107142857142858,1.6071428571428572
290,03/04/2021,Chelsea,West Bromwich Albion,"['2 ', ' 5']",Chelsea,29,44,25,51,48.59,23.61,8.87,17.0,8.448275862068966,4.620689655172414,1.7586206896551724,West Bromwich Albion,29,20,57,18,22.8,54.6,16.67,8.61,3.9655172413793105,8.620689655172415,0.6206896551724138
291,03/04/2021,Leeds,Sheffield United,"['2 ', ' 1']",Leeds,29,45,47,39,44.77,50.15,6.75,13.5,8.344827586206897,6.724137931034483,1.3448275862068966,Sheffield United,29,16,50,14,27.09,50.23,14.32,11.06,5.517241379310345,7.275862068965517,0.4827586206896552
292,03/04/2021,Leicester,Manchester City,"['0 ', ' 2']",Leicester,29,53,32,56,44.96,34.3,10.71,13.14,6.241379310344827,5.655172413793103,1.9310344827586208,Manchester City,30,64,21,71,62.91,23.89,10.54,20.83,10.666666666666666,3.7,2.3666666666666667
293,03/04/2021,Arsenal,Liverpool,"['0 ', ' 3']",Arsenal,29,40,32,42,40.44,34.35,13.32,16.0,7.827586206896552,5.310344827586207,1.4482758620689655,Liverpool,29,48,36,46,50.96,37.23,9.39,19.36,11.758620689655173,3.2413793103448274,1.5862068965517242
294,04/04/2021,Southampton,Burnley,"['3 ', ' 2']",Southampton,29,36,51,33,31.6,42.44,9.42,10.95,5.517241379310345,6.9655172413793105,1.1379310344827587,Burnley,29,22,37,33,25.43,43.87,13.69,9.81,5.379310344827586,8.793103448275861,1.1379310344827587
295,04/04/2021,Newcastle United,Tottenham,"['2 ', ' 2']",Newcastle United,29,28,48,28,27.37,43.38,16.7,8.31,3.8275862068965516,8.586206896551724,0.9655172413793104,Tottenham,29,49,30,48,41.37,36.26,11.79,11.18,4.551724137931035,8.10344827586207,1.6551724137931034
296,04/04/2021,Aston Villa,Fulham,"['3 ', ' 1']",Aston Villa,28,39,30,41,44.42,36.09,10.64,8.93,7.214285714285714,7.392857142857143,1.4642857142857142,Fulham,30,23,38,26,34.16,44.51,12.65,9.97,5.6,5.833333333333333,0.8666666666666667
297,04/04/2021,Manchester United,Brighton,"['2 ', ' 1']",Manchester United,29,56,32,57,48.56,32.34,10.88,13.05,8.931034482758621,5.068965517241379,1.9655172413793103,Brighton,29,32,36,32,43.58,30.87,10.02,13.5,8.03448275862069,5.206896551724138,1.103448275862069
298,05/04/2021,Everton,Crystal Palace,"['1 ', ' 1']",Everton,28,40,37,46,36.86,38.39,14.06,11.9,5.142857142857143,7.285714285714286,1.6428571428571428,Crystal Palace,29,31,47,37,25.69,44.78,16.39,7.69,5.206896551724138,6.586206896551724,1.2758620689655173
299,05/04/2021,Wolverhampton Wanderers,West Ham,"['2 ', ' 3']",Wolverhampton Wanderers,29,28,38,35,30.63,40.12,14.9,11.08,3.5517241379310347,7.413793103448276,1.206896551724138,West Ham,29,45,35,49,44.38,35.15,17.29,11.08,4.310344827586207,7.9655172413793105,1.6896551724137931
300,09/04/2021,Fulham,Wolverhampton Wanderers,"['0 ', ' 1']",Fulham,31,24,41,26,35.68,46.03,12.56,9.87,5.516129032258065,5.774193548387097,0.8387096774193549,Wolverhampton Wanderers,30,30,41,35,32.59,41.71,14.65,11.33,3.566666666666667,7.3,1.1666666666666667
301,10/04/2021,Manchester City,Leeds,"['1 ', ' 2']",Manchester City,31,66,21,74,64.9,24.17,10.42,20.83,10.709677419354838,3.6451612903225805,2.3870967741935485,Leeds,30,47,48,42,47.28,51.01,6.87,13.33,8.366666666666667,6.633333333333334,1.4
302,10/04/2021,Liverpool,Aston Villa,"['2 ', ' 1']",Liverpool,30,51,36,49,53.4,37.39,9.31,19.37,11.833333333333334,3.1666666666666665,1.6333333333333333,Aston Villa,29,42,31,44,45.94,37.61,10.47,8.96,7.103448275862069,7.241379310344827,1.5172413793103448
303,10/04/2021,Crystal Palace,Chelsea,"['1 ', ' 4']",Crystal Palace,30,32,48,38,26.3,47.31,16.34,7.84,5.433333333333334,6.7,1.2666666666666666,Chelsea,30,46,30,51,51.15,24.99,8.77,16.96,8.566666666666666,4.666666666666667,1.7
304,11/04/2021,Burnley,Newcastle United,"['1 ', ' 2']",Burnley,30,24,40,33,26.93,46.28,13.58,9.75,5.433333333333334,8.966666666666667,1.1,Newcastle United,30,30,50,29,30.67,45.82,16.66,8.3,3.933333333333333,8.533333333333333,0.9666666666666667
305,11/04/2021,West Ham,Leicester,"['3 ', ' 2']",West Ham,30,48,37,52,45.98,37.11,17.39,10.95,4.3,7.833333333333333,1.7333333333333334,Leicester,30,53,34,56,45.24,36.29,10.94,12.88,6.1,5.866666666666666,1.8666666666666667
306,11/04/2021,Tottenham,Manchester United,"['1 ', ' 3']",Tottenham,30,51,32,49,43.81,39.56,11.68,11.3,4.633333333333334,8.066666666666666,1.6333333333333333,Manchester United,30,58,33,60,50.3,33.75,10.82,13.05,9.0,5.033333333333333,2.0
307,11/04/2021,Sheffield United,Arsenal,"['0 ', ' 3']",Sheffield United,30,17,52,14,27.96,52.74,14.12,11.07,5.466666666666667,7.333333333333333,0.4666666666666667,Arsenal,30,40,35,42,40.6,36.78,13.56,15.59,7.6,5.6,1.4
308,12/04/2021,West Bromwich Albion,Southampton,"['3 ', ' 0']",West Bromwich Albion,30,25,59,21,24.18,57.16,16.62,8.51,4.033333333333333,8.733333333333333,0.7,Southampton,30,39,53,36,34.0,43.94,9.39,10.93,5.8,6.966666666666667,1.2
309,12/04/2021,Brighton,Everton,"['0 ', ' 0']",Brighton,30,33,38,32,44.99,32.61,10.1,13.3,7.9,5.4,1.0666666666666667,Everton,29,41,38,47,39.39,39.0,14.0,11.97,5.310344827586207,7.448275862068965,1.6206896551724137
310,16/04/2021,Everton,Tottenham,"['2 ', ' 2']",Everton,30,41,38,48,39.7,40.16,14.13,11.83,5.233333333333333,7.566666666666666,1.6,Tottenham,31,52,35,49,44.73,41.65,11.54,11.16,4.645161290322581,8.064516129032258,1.5806451612903225
311,17/04/2021,Newcastle United,West Ham,"['3 ', ' 2']",Newcastle United,31,32,51,32,32.01,47.66,16.61,8.32,3.903225806451613,8.67741935483871,1.032258064516129,West Ham,31,51,39,55,47.0,38.28,17.59,10.73,4.290322580645161,7.806451612903226,1.7741935483870968
312,17/04/2021,Wolverhampton Wanderers,Sheffield United,"['1 ', ' 0']",Wolverhampton Wanderers,31,31,41,38,33.02,42.45,14.78,11.34,3.4838709677419355,7.451612903225806,1.2258064516129032,Sheffield United,31,17,55,14,28.28,54.68,14.31,11.39,5.387096774193548,7.419354838709677,0.45161290322580644
313,18/04/2021,Arsenal,Fulham,"['1 ', ' 1']",Arsenal,31,43,35,45,42.54,37.1,13.77,15.77,7.67741935483871,5.516129032258065,1.4516129032258065,Fulham,32,24,42,26,36.41,46.46,12.53,10.04,5.71875,5.625,0.8125
314,18/04/2021,Manchester United,Burnley,"['3 ', ' 1']",Manchester United,31,61,34,63,52.39,34.67,10.69,12.85,8.96774193548387,5.032258064516129,2.032258064516129,Burnley,31,25,42,33,28.78,47.62,13.45,9.86,5.67741935483871,8.774193548387096,1.064516129032258
315,19/04/2021,Leeds,Liverpool,"['1 ', ' 1']",Leeds,31,49,49,45,47.45,53.0,7.01,13.0,8.193548387096774,6.903225806451613,1.4516129032258065,Liverpool,31,53,37,52,55.54,38.15,9.19,18.89,11.870967741935484,3.2580645161290325,1.6774193548387097
316,20/04/2021,Chelsea,Brighton,"['0 ', ' 0']",Chelsea,31,50,31,54,55.0,25.59,8.76,17.11,8.516129032258064,4.516129032258065,1.7419354838709677,Brighton,31,33,38,33,46.15,32.91,10.04,13.46,8.0,5.32258064516129,1.064516129032258
317,21/04/2021,Tottenham,Southampton,"['2 ', ' 1']",Tottenham,32,54,37,50,46.21,43.91,11.64,11.15,4.5625,8.0,1.5625,Southampton,31,39,56,36,35.5,46.71,9.26,10.83,5.903225806451613,7.129032258064516,1.1612903225806452
318,21/04/2021,Aston Villa,Manchester City,"['1 ', ' 2']",Aston Villa,30,43,33,44,46.7,39.76,10.45,8.85,7.066666666666666,7.433333333333334,1.4666666666666666,Manchester City,32,67,23,74,66.88,24.35,10.21,20.58,10.84375,3.625,2.3125
319,22/04/2021,Leicester,West Bromwich Albion,"['3 ', ' 0']",Leicester,31,55,37,56,46.41,37.31,10.76,13.14,6.129032258064516,5.806451612903226,1.8064516129032258,West Bromwich Albion,31,28,59,24,26.95,58.66,16.25,8.39,4.290322580645161,8.741935483870968,0.7741935483870968
320,23/04/2021,Arsenal,Everton,"['0 ', ' 1']",Arsenal,32,44,36,46,45.39,37.94,13.5,15.8,7.75,5.4375,1.4375,Everton,31,43,40,49,41.96,41.64,14.01,11.93,5.258064516129032,7.387096774193548,1.5806451612903225
321,24/04/2021,Liverpool,Newcastle United,"['1 ', ' 1']",Liverpool,32,54,38,53,57.14,40.75,9.3,18.61,11.90625,3.46875,1.65625,Newcastle United,32,35,53,35,34.44,49.73,16.67,8.35,3.8125,8.5,1.09375
322,24/04/2021,West Ham,Chelsea,"['0 ', ' 1']",West Ham,32,53,42,55,49.07,40.71,17.37,10.95,4.25,7.59375,1.71875,Chelsea,32,50,31,55,55.81,26.05,8.84,17.02,8.375,4.5625,1.71875
323,24/04/2021,Sheffield United,Brighton,"['1 ', ' 0']",Sheffield United,32,17,56,14,28.57,55.9,14.15,11.74,5.375,7.28125,0.4375,Brighton,32,33,38,34,46.61,33.72,10.26,13.43,7.9375,5.28125,1.0625
324,25/04/2021,Wolverhampton Wanderers,Burnley,"['0 ', ' 4']",Wolverhampton Wanderers,32,32,41,41,34.24,42.74,15.03,11.3,3.46875,7.375,1.28125,Burnley,32,26,45,33,29.74,50.49,13.47,9.85,5.65625,8.90625,1.03125
325,25/04/2021,Leeds,Manchester United,"['0 ', ' 0']",Leeds,32,50,50,46,50.05,54.6,7.06,12.97,8.25,7.09375,1.4375,Manchester United,32,64,35,66,55.27,35.63,10.67,12.88,9.09375,5.03125,2.0625
326,25/04/2021,Aston Villa,West Bromwich Albion,"['2 ', ' 2']",Aston Villa,31,44,35,44,47.5,41.32,10.76,8.96,6.967741935483871,7.741935483870968,1.4193548387096775,West Bromwich Albion,32,28,62,24,27.23,61.33,16.38,8.25,4.28125,8.75,0.75
327,26/04/2021,Leicester,Crystal Palace,"['2 ', ' 1']",Leicester,32,58,37,59,49.09,37.59,10.55,13.33,6.21875,5.75,1.84375,Crystal Palace,31,33,52,38,26.9,51.17,16.54,7.87,5.258064516129032,6.709677419354839,1.2258064516129032
328,30/04/2021,Southampton,Leicester,"['1 ', ' 1']",Southampton,32,40,58,36,36.56,48.0,9.52,10.69,5.78125,7.25,1.125,Leicester,33,60,38,62,50.32,38.31,10.33,13.43,6.393939393939394,5.606060606060606,1.878787878787879
329,01/05/2021,Crystal Palace,Manchester City,"['0 ', ' 2']",Crystal Palace,32,34,54,38,27.62,52.4,16.57,7.75,5.125,6.875,1.1875,Manchester City,33,69,24,77,68.45,25.15,10.29,20.69,11.030303030303031,3.6363636363636362,2.3333333333333335
330,01/05/2021,Brighton,Leeds,"['2 ', ' 0']",Brighton,33,33,39,34,48.67,34.51,10.15,13.38,8.0,5.242424242424242,1.0303030303030303,Leeds,33,50,50,47,50.27,55.72,7.16,12.71,8.06060606060606,7.242424242424242,1.4242424242424243
331,01/05/2021,Chelsea,Fulham,"['2 ', ' 0']",Chelsea,33,51,31,58,58.33,26.32,8.89,16.86,8.333333333333334,4.454545454545454,1.7575757575757576,Fulham,33,25,43,27,37.25,49.32,12.64,9.95,5.636363636363637,5.757575757575758,0.8181818181818182
332,01/05/2021,Everton,Aston Villa,"['1 ', ' 2']",Everton,32,44,40,52,42.49,42.38,14.16,12.01,5.1875,7.40625,1.625,Aston Villa,32,46,37,45,50.16,42.89,10.61,9.1,7.09375,7.59375,1.40625
333,02/05/2021,Newcastle United,Arsenal,"['0 ', ' 2']",Newcastle United,33,36,54,36,35.3,52.57,17.09,8.28,3.8484848484848486,8.575757575757576,1.0909090909090908,Arsenal,33,44,37,46,46.13,38.47,13.55,15.91,7.757575757575758,5.363636363636363,1.393939393939394
334,02/05/2021,Tottenham,Sheffield United,"['4 ', ' 0']",Tottenham,33,56,38,53,47.5,44.98,11.47,11.33,4.757575757575758,7.818181818181818,1.606060606060606,Sheffield United,33,18,56,17,29.36,57.96,14.07,11.53,5.333333333333333,7.363636363636363,0.5151515151515151
335,03/05/2021,West Bromwich Albion,Wolverhampton Wanderers,"['1 ', ' 1']",West Bromwich Albion,33,30,64,25,28.8,63.99,16.38,8.16,4.242424242424242,8.818181818181818,0.7575757575757576,Wolverhampton Wanderers,33,32,45,41,34.6,44.98,14.84,11.31,3.3636363636363638,7.242424242424242,1.2424242424242424
336,03/05/2021,Burnley,West Ham,"['1 ', ' 2']",Burnley,33,30,45,36,31.98,50.84,13.4,9.8,5.575757575757576,8.636363636363637,1.0909090909090908,West Ham,33,53,43,55,49.34,43.23,17.15,10.95,4.151515151515151,7.575757575757576,1.6666666666666667
337,07/05/2021,Leicester,Newcastle United,"['2 ', ' 4']",Leicester,34,61,39,63,52.84,39.27,10.05,13.56,6.4411764705882355,5.5,1.8529411764705883,Newcastle United,34,36,56,36,35.48,54.36,17.3,8.41,3.735294117647059,8.529411764705882,1.0588235294117647
338,08/05/2021,Leeds,Tottenham,"['3 ', ' 1']",Leeds,34,50,52,47,50.78,58.24,7.28,12.56,7.882352941176471,7.323529411764706,1.3823529411764706,Tottenham,34,60,38,56,49.76,45.45,11.36,11.7,4.823529411764706,7.764705882352941,1.6470588235294117
339,08/05/2021,Sheffield United,Crystal Palace,"['0 ', ' 2']",Sheffield United,34,18,60,17,29.83,60.22,14.43,11.37,5.352941176470588,7.352941176470588,0.5,Crystal Palace,33,34,56,38,27.98,54.45,16.71,7.68,5.0606060606060606,6.909090909090909,1.1515151515151516
340,08/05/2021,Manchester City,Chelsea,"['1 ', ' 2']",Manchester City,34,71,24,80,70.49,25.51,10.12,20.7,10.941176470588236,3.6176470588235294,2.3529411764705883,Chelsea,34,53,31,61,60.17,26.61,8.97,16.72,8.382352941176471,4.588235294117647,1.7941176470588236
341,08/05/2021,Liverpool,Southampton,"['2 ', ' 0']",Liverpool,33,55,39,54,59.99,41.61,9.2,18.97,11.878787878787879,3.515151515151515,1.6363636363636365,Southampton,33,41,59,37,37.52,50.52,9.71,10.41,5.666666666666667,7.2727272727272725,1.121212121212121
342,09/05/2021,Wolverhampton Wanderers,Brighton,"['2 ', ' 1']",Wolverhampton Wanderers,34,33,46,42,35.44,46.06,14.63,11.24,3.5,7.176470588235294,1.2352941176470589,Brighton,34,35,39,37,51.2,35.02,10.1,13.39,8.058823529411764,5.147058823529412,1.088235294117647
343,09/05/2021,Aston Villa,Manchester United,"['1 ', ' 3']",Aston Villa,33,48,38,48,51.74,44.11,10.62,9.27,7.0606060606060606,7.606060606060606,1.4545454545454546,Manchester United,33,64,35,67,56.38,35.85,10.52,12.8,9.181818181818182,4.9393939393939394,2.0303030303030303
344,09/05/2021,West Ham,Everton,"['0 ', ' 1']",West Ham,34,55,44,58,51.76,44.92,16.99,11.05,4.235294117647059,7.470588235294118,1.7058823529411764,Everton,33,45,42,52,43.71,43.97,14.21,11.98,5.2727272727272725,7.363636363636363,1.5757575757575757
345,09/05/2021,Arsenal,West Bromwich Albion,"['3 ', ' 1']",Arsenal,34,46,37,49,47.92,38.64,13.53,16.13,7.735294117647059,5.205882352941177,1.4411764705882353,West Bromwich Albion,34,31,65,26,29.87,64.83,16.09,8.16,4.264705882352941,8.794117647058824,0.7647058823529411
346,10/05/2021,Fulham,Burnley,"['0 ', ' 2']",Fulham,34,25,45,27,37.54,51.16,12.63,9.99,5.735294117647059,5.882352941176471,0.7941176470588235,Burnley,34,31,47,36,33.66,53.27,13.43,9.83,5.529411764705882,8.588235294117647,1.0588235294117647
347,11/05/2021,Manchester United,Leicester,"['1 ', ' 2']",Manchester United,34,67,36,70,58.27,36.41,10.48,12.79,9.323529411764707,5.029411764705882,2.0588235294117645,Leicester,35,63,43,63,55.15,42.14,9.86,13.63,6.514285714285714,5.428571428571429,1.8
348,11/05/2021,Southampton,Crystal Palace,"['3 ', ' 1']",Southampton,34,41,61,37,38.74,52.78,9.93,10.43,5.647058823529412,7.352941176470588,1.088235294117647,Crystal Palace,34,36,56,41,30.24,55.09,16.66,7.68,5.205882352941177,6.764705882352941,1.2058823529411764
349,12/05/2021,Chelsea,Arsenal,"['0 ', ' 1']",Chelsea,35,55,32,64,60.79,28.4,9.19,16.59,8.371428571428572,4.742857142857143,1.8285714285714285,Arsenal,35,49,38,52,48.99,40.47,13.45,16.15,7.685714285714286,5.114285714285714,1.4857142857142858
350,13/05/2021,Aston Villa,Everton,"['0 ', ' 0']",Aston Villa,34,49,41,48,52.31,46.0,10.68,9.27,7.088235294117647,7.794117647058823,1.411764705882353,Everton,34,46,42,55,45.27,45.07,14.24,11.79,5.294117647058823,7.352941176470588,1.6176470588235294
351,13/05/2021,Manchester United,Liverpool,"['2 ', ' 4']",Manchester United,35,68,38,70,58.48,37.41,10.64,12.76,9.114285714285714,4.942857142857143,2.0,Liverpool,34,57,39,57,62.25,42.84,9.26,19.0,11.823529411764707,3.5588235294117645,1.6764705882352942
352,14/05/2021,Newcastle United,Manchester City,"['3 ', ' 4']",Newcastle United,35,40,58,39,38.35,56.68,17.27,8.27,3.7142857142857144,8.542857142857143,1.1142857142857143,Manchester City,35,72,26,80,72.28,26.13,10.23,20.63,10.914285714285715,3.742857142857143,2.2857142857142856
353,15/05/2021,Burnley,Leeds,"['0 ', ' 4']",Burnley,35,33,47,39,35.32,54.05,13.33,9.61,5.685714285714286,8.742857142857142,1.1142857142857143,Leeds,35,53,53,50,53.33,59.28,7.19,12.44,8.0,7.257142857142857,1.4285714285714286
354,15/05/2021,Southampton,Fulham,"['3 ', ' 1']",Southampton,35,44,62,40,40.33,54.11,9.8,10.49,5.628571428571429,7.371428571428571,1.1428571428571428,Fulham,35,25,47,27,38.32,52.82,12.38,10.0,5.9714285714285715,6.0285714285714285,0.7714285714285715
355,15/05/2021,Brighton,West Ham,"['1 ', ' 1']",Brighton,35,36,41,37,51.47,36.14,10.16,13.26,8.085714285714285,5.257142857142857,1.0571428571428572,West Ham,35,55,45,58,52.86,46.48,16.54,11.2,4.314285714285714,7.428571428571429,1.6571428571428573
356,16/05/2021,Crystal Palace,Aston Villa,"['3 ', ' 2']",Crystal Palace,35,37,59,41,31.56,56.68,16.47,7.62,5.285714285714286,6.714285714285714,1.1714285714285715,Aston Villa,35,49,41,49,52.87,46.97,10.78,9.43,7.0285714285714285,7.8,1.4
357,16/05/2021,Tottenham,Wolverhampton Wanderers,"['2 ', ' 0']",Tottenham,35,61,41,56,50.79,48.0,11.27,11.43,4.828571428571428,7.885714285714286,1.6,Wolverhampton Wanderers,35,35,47,45,36.56,46.33,14.46,11.26,3.657142857142857,7.228571428571429,1.2857142857142858
358,16/05/2021,West Bromwich Albion,Liverpool,"['1 ', ' 2']",West Bromwich Albion,35,32,68,26,31.7,65.9,16.1,8.2,4.2,8.714285714285714,0.7428571428571429,Liverpool,35,61,41,60,65.19,44.55,9.28,18.81,11.657142857142857,3.6857142857142855,1.7142857142857142
359,16/05/2021,Everton,Sheffield United,"['0 ', ' 1']",Everton,35,46,42,56,46.25,45.62,14.26,11.86,5.371428571428571,7.285714285714286,1.6,Sheffield United,35,18,62,17,30.47,62.48,14.17,11.48,5.257142857142857,7.428571428571429,0.4857142857142857
360,18/05/2021,Manchester United,Fulham,"['1 ', ' 1']",Manchester United,36,70,42,70,60.2,40.34,10.69,12.66,9.083333333333334,4.972222222222222,1.9444444444444444,Fulham,36,26,50,27,39.19,55.11,12.29,10.09,6.027777777777778,6.055555555555555,0.75
361,18/05/2021,Southampton,Leeds,"['0 ', ' 2']",Southampton,36,47,63,43,42.62,54.98,9.91,10.47,5.666666666666667,7.388888888888889,1.1944444444444444,Leeds,36,57,53,53,55.19,60.69,7.29,12.42,8.027777777777779,7.416666666666667,1.4722222222222223
362,18/05/2021,Brighton,Manchester City,"['3 ', ' 2']",Brighton,36,37,42,38,52.4,38.06,10.24,13.41,8.13888888888889,5.388888888888889,1.0555555555555556,Manchester City,36,76,29,83,73.76,28.31,9.91,21.0,10.972222222222221,3.6944444444444446,2.3055555555555554
363,18/05/2021,Chelsea,Leicester,"['2 ', ' 1']",Chelsea,36,55,33,64,62.36,29.09,9.34,16.67,8.527777777777779,4.694444444444445,1.7777777777777777,Leicester,36,65,44,66,56.14,42.35,9.93,13.75,6.388888888888889,5.333333333333333,1.8333333333333333
364,19/05/2021,Everton,Wolverhampton Wanderers,"['1 ', ' 0']",Everton,36,46,43,56,47.49,47.02,14.14,11.94,5.555555555555555,7.222222222222222,1.5555555555555556,Wolverhampton Wanderers,36,35,49,45,37.65,49.47,14.58,11.27,3.6944444444444446,7.222222222222222,1.25
365,19/05/2021,Newcastle United,Sheffield United,"['1 ', ' 0']",Newcastle United,36,43,62,39,40.53,58.15,17.7,8.03,3.6666666666666665,8.666666666666666,1.0833333333333333,Sheffield United,36,19,62,20,31.86,63.72,14.18,11.42,5.25,7.555555555555555,0.5555555555555556
366,19/05/2021,Tottenham,Aston Villa,"['1 ', ' 2']",Tottenham,36,63,41,59,53.93,49.09,11.28,11.58,4.888888888888889,7.805555555555555,1.6388888888888888,Aston Villa,36,51,44,49,54.1,48.93,10.71,9.35,7.194444444444445,7.833333333333333,1.3611111111111112
367,19/05/2021,Crystal Palace,Arsenal,"['1 ', ' 3']",Crystal Palace,36,40,61,44,33.52,57.91,16.12,7.63,5.388888888888889,6.888888888888889,1.2222222222222223,Arsenal,36,50,38,55,49.68,42.04,13.62,16.22,7.555555555555555,5.361111111111111,1.5277777777777777
368,19/05/2021,Burnley,Liverpool,"['0 ', ' 3']",Burnley,36,33,51,39,36.73,55.9,13.29,9.69,5.888888888888889,8.75,1.0833333333333333,Liverpool,36,63,42,63,67.27,45.7,9.16,18.88,11.88888888888889,3.6666666666666665,1.75
369,19/05/2021,West Bromwich Albion,West Ham,"['1 ', ' 3']",West Bromwich Albion,36,33,70,26,32.84,67.98,16.22,8.09,4.166666666666667,9.027777777777779,0.7222222222222222,West Ham,36,56,46,59,54.78,47.4,16.6,11.27,4.472222222222222,7.5,1.6388888888888888
370,23/05/2021,Arsenal,Brighton,"['2 ', ' 0']",Arsenal,37,53,39,58,51.47,43.04,13.55,16.21,7.54054054054054,5.378378378378378,1.5675675675675675,Brighton,37,40,44,41,53.63,39.13,10.15,13.54,8.297297297297296,5.27027027027027,1.1081081081081081
371,23/05/2021,Aston Villa,Chelsea,"['2 ', ' 1']",Aston Villa,37,53,45,52,55.74,49.82,10.69,9.34,7.27027027027027,7.918918918918919,1.4054054054054055,Chelsea,37,57,34,67,65.22,29.92,9.26,16.46,8.594594594594595,4.702702702702703,1.8108108108108107
372,23/05/2021,Fulham,Newcastle United,"['0 ', ' 2']",Fulham,37,27,51,28,40.07,56.03,12.25,10.12,5.918918918918919,6.054054054054054,0.7567567567567568,Newcastle United,37,44,62,42,42.36,59.03,17.72,8.25,3.6486486486486487,8.567567567567568,1.135135135135135
373,23/05/2021,Leeds,West Bromwich Albion,"['3 ', ' 1']",Leeds,37,59,53,56,56.77,62.0,7.25,12.24,8.0,7.4324324324324325,1.5135135135135136,West Bromwich Albion,37,34,73,26,33.95,71.55,16.04,8.12,4.216216216216216,9.027027027027026,0.7027027027027027
374,23/05/2021,Leicester,Tottenham,"['2 ', ' 4']",Leicester,37,66,46,66,56.97,45.21,9.97,13.51,6.351351351351352,5.486486486486487,1.7837837837837838,Tottenham,37,64,43,59,54.82,50.73,11.22,11.54,5.054054054054054,7.864864864864865,1.5945945945945945
375,23/05/2021,Liverpool,Crystal Palace,"['2 ', ' 0']",Liverpool,37,66,42,66,70.0,46.53,9.22,18.62,11.91891891891892,3.864864864864865,1.7837837837837838,Crystal Palace,37,41,64,44,34.51,59.7,16.12,7.66,5.405405405405405,6.891891891891892,1.1891891891891893
376,23/05/2021,Manchester City,Everton,"['5 ', ' 0']",Manchester City,37,78,32,83,74.83,29.54,10.12,20.43,10.702702702702704,3.972972972972973,2.2432432432432434,Everton,37,47,43,59,48.16,47.28,14.04,11.86,5.513513513513513,7.054054054054054,1.5945945945945945
377,23/05/2021,Sheffield United,Burnley,"['1 ', ' 0']",Sheffield United,37,19,63,20,32.74,65.55,14.27,11.55,5.243243243243243,7.4324324324324325,0.5405405405405406,Burnley,37,33,54,39,37.57,58.64,13.24,9.76,6.027027027027027,8.864864864864865,1.054054054054054
378,23/05/2021,West Ham,Southampton,"['3 ', ' 0']",West Ham,37,59,47,62,58.35,48.51,16.42,11.21,4.594594594594595,7.45945945945946,1.6756756756756757,Southampton,37,47,65,43,43.93,56.57,9.81,10.33,5.72972972972973,7.378378378378378,1.162162162162162
379,23/05/2021,Wolverhampton Wanderers,Manchester United,"['1 ', ' 2']",Wolverhampton Wanderers,37,35,50,45,37.92,50.14,14.39,11.28,3.6216216216216215,7.135135135135135,1.2162162162162162,Manchester United,37,71,43,71,61.12,41.22,10.71,12.61,9.0,4.891891891891892,1.9189189189189189
