,Date,HomeTeam,AwayTeam,Result,B365H,B365D,B365A,BbAv>2.5,BbAv<2.5,HTeam,HM,HG,HGA,HPTS,HxG,HxGA,HPPDA,HOPPDA,HDC,HODC,HPTS/M,ATeam,AM,AG,AGA,APTS,AxG,AxGA,APPDA,AOPPDA,ADC,AODC,APTS/M
0,09/08/2019,Liverpool,Norwich,"['4 ', ' 1']",1.14,10.0,19.0,1.4,3.0,Liverpool,0,0,0,0,0.0,0.0,0.0,0.0,0.0,0.0,0.0,Norwich,0,0,0,0,0.0,0.0,0.0,0.0,0.0,0.0,0.0
1,10/08/2019,West Ham,Manchester City,"['0 ', ' 5']",12.0,6.5,1.22,1.44,2.75,West Ham,0,0,0,0,0.0,0.0,0.0,0.0,0.0,0.0,0.0,Manchester City,0,0,0,0,0.0,0.0,0.0,0.0,0.0,0.0,0.0
2,10/08/2019,Bournemouth,Sheffield United,"['1 ', ' 1']",1.95,3.6,3.6,1.9,1.9,Bournemouth,0,0,0,0,0.0,0.0,0.0,0.0,0.0,0.0,0.0,Sheffield United,0,0,0,0,0.0,0.0,0.0,0.0,0.0,0.0,0.0
3,10/08/2019,Burnley,Southampton,"['3 ', ' 0']",2.62,3.2,2.75,2.1,1.72,Burnley,0,0,0,0,0.0,0.0,0.0,0.0,0.0,0.0,0.0,Southampton,0,0,0,0,0.0,0.0,0.0,0.0,0.0,0.0,0.0
4,10/08/2019,Crystal Palace,Everton,"['0 ', ' 0']",3.0,3.25,2.37,2.2,1.66,Crystal Palace,0,0,0,0,0.0,0.0,0.0,0.0,0.0,0.0,0.0,Everton,0,0,0,0,0.0,0.0,0.0,0.0,0.0,0.0,0.0
5,10/08/2019,Watford,Brighton,"['0 ', ' 3']",1.9,3.4,4.0,2.1,1.72,Watford,0,0,0,0,0.0,0.0,0.0,0.0,0.0,0.0,0.0,Brighton,0,0,0,0,0.0,0.0,0.0,0.0,0.0,0.0,0.0
6,10/08/2019,Tottenham,Aston Villa,"['3 ', ' 1']",1.3,5.25,10.0,1.66,2.2,Tottenham,0,0,0,0,0.0,0.0,0.0,0.0,0.0,0.0,0.0,Aston Villa,0,0,0,0,0.0,0.0,0.0,0.0,0.0,0.0,0.0
7,11/08/2019,Leicester,Wolverhampton Wanderers,"['0 ', ' 0']",2.2,3.2,3.4,2.2,1.66,Leicester,0,0,0,0,0.0,0.0,0.0,0.0,0.0,0.0,0.0,Wolverhampton Wanderers,0,0,0,0,0.0,0.0,0.0,0.0,0.0,0.0,0.0
8,11/08/2019,Newcastle United,Arsenal,"['0 ', ' 1']",4.5,3.75,1.72,1.8,2.0,Newcastle United,0,0,0,0,0.0,0.0,0.0,0.0,0.0,0.0,0.0,Arsenal,0,0,0,0,0.0,0.0,0.0,0.0,0.0,0.0,0.0
9,11/08/2019,Manchester United,Chelsea,"['4 ', ' 0']",2.1,3.3,3.5,2.0,1.8,Manchester United,0,0,0,0,0.0,0.0,0.0,0.0,0.0,0.0,0.0,Chelsea,0,0,0,0,0.0,0.0,0.0,0.0,0.0,0.0,0.0
10,17/08/2019,Arsenal,Burnley,"['2 ', ' 1']",1.3,5.5,10.0,1.57,2.37,Arsenal,1,1,0,3,1.13,0.38,11.05,13.21,10.0,1.0,3.0,Burnley,1,3,0,3,0.91,1.09,9.28,5.5,0.0,9.0,3.0
11,17/08/2019,Aston Villa,Bournemouth,"['1 ', ' 2']",2.3,3.4,3.1,1.8,2.0,Aston Villa,1,1,3,0,0.64,2.57,13.42,5.25,2.0,15.0,0.0,Bournemouth,1,1,1,1,1.34,1.6,13.6,9.13,4.0,6.0,1.0
12,17/08/2019,Brighton,West Ham,"['1 ', ' 1']",2.55,3.25,2.87,1.9,1.9,Brighton,1,3,0,3,0.86,0.67,11.5,9.79,5.0,7.0,3.0,West Ham,1,0,5,0,1.2,3.18,16.4,6.94,1.0,9.0,0.0
13,17/08/2019,Everton,Watford,"['1 ', ' 0']",1.72,3.8,4.75,1.72,2.1,Everton,1,0,0,1,1.22,0.87,4.07,11.31,5.0,5.0,1.0,Watford,1,0,3,0,0.67,0.86,9.79,11.5,7.0,5.0,0.0
14,17/08/2019,Norwich,Newcastle United,"['3 ', ' 1']",2.25,3.3,3.3,1.9,1.9,Norwich,1,1,4,0,0.84,2.23,21.45,5.94,5.0,11.0,0.0,Newcastle United,1,0,1,0,0.38,1.13,13.21,11.05,1.0,10.0,0.0
15,17/08/2019,Southampton,Liverpool,"['1 ', ' 2']",6.5,4.75,1.44,1.66,2.2,Southampton,1,0,3,0,1.09,0.91,5.5,9.28,9.0,0.0,0.0,Liverpool,1,4,1,3,2.23,0.84,5.94,21.45,11.0,5.0,3.0
16,17/08/2019,Manchester City,Tottenham,"['2 ', ' 2']",1.36,5.25,8.0,1.53,2.5,Manchester City,1,5,0,3,3.18,1.2,6.94,16.4,9.0,1.0,3.0,Tottenham,1,3,1,3,2.57,0.64,5.25,13.42,15.0,2.0,3.0
17,18/08/2019,Sheffield United,Crystal Palace,"['1 ', ' 0']",2.55,3.1,2.9,2.3,1.61,Sheffield United,1,1,1,1,1.6,1.34,9.13,13.6,6.0,4.0,1.0,Crystal Palace,1,0,0,1,0.87,1.22,11.31,4.07,5.0,5.0,1.0
18,18/08/2019,Chelsea,Leicester,"['1 ', ' 1']",1.7,3.75,5.0,1.9,1.9,Chelsea,1,0,4,0,1.1,2.37,6.45,9.06,4.0,8.0,0.0,Leicester,1,0,0,1,0.54,0.81,6.43,18.67,7.0,3.0,1.0
19,19/08/2019,Wolverhampton Wanderers,Manchester United,"['1 ', ' 1']",3.3,3.3,2.25,2.1,1.72,Wolverhampton Wanderers,1,0,0,1,0.81,0.54,18.67,6.43,3.0,7.0,1.0,Manchester United,1,4,0,3,2.37,1.1,9.06,6.45,8.0,4.0,3.0
20,23/08/2019,Aston Villa,Everton,"['2 ', ' 0']",3.25,3.5,2.15,1.72,2.1,Aston Villa,2,2,5,0,2.29,4.2,13.29,7.83,7.0,12.0,0.0,Everton,2,1,0,4,2.06,2.04,6.22,6.83,4.5,4.0,2.0
21,24/08/2019,Norwich,Chelsea,"['2 ', ' 3']",4.33,3.75,1.8,1.53,2.5,Norwich,2,4,5,3,2.94,3.15,17.24,10.15,7.0,8.5,1.5,Chelsea,2,1,5,1,2.32,3.32,8.03,7.56,4.0,6.5,0.5
22,24/08/2019,Brighton,Southampton,"['0 ', ' 2']",2.4,3.3,3.0,2.1,1.72,Brighton,2,4,1,4,3.26,1.68,7.67,9.31,6.5,5.5,2.0,Southampton,2,1,5,0,3.23,2.43,8.62,9.34,5.0,3.0,0.0
23,24/08/2019,Manchester United,Crystal Palace,"['1 ', ' 2']",1.33,5.25,9.0,1.72,2.1,Manchester United,2,5,1,4,3.52,1.4,8.77,10.81,8.5,4.5,2.0,Crystal Palace,2,0,1,1,1.11,3.07,11.41,7.46,5.0,3.5,0.5
24,24/08/2019,Sheffield United,Leicester,"['1 ', ' 2']",3.3,3.3,2.25,2.3,1.61,Sheffield United,2,2,1,4,3.45,1.58,10.04,12.6,4.0,4.5,2.0,Leicester,2,1,1,2,1.49,2.04,6.35,14.19,6.0,3.5,1.0
25,24/08/2019,Watford,West Ham,"['1 ', ' 3']",2.05,3.5,3.5,1.72,2.1,Watford,2,0,4,0,1.84,1.69,6.34,10.12,5.0,4.5,0.0,West Ham,2,1,6,1,2.21,5.59,11.82,6.17,2.5,8.5,0.5
26,24/08/2019,Liverpool,Arsenal,"['3 ', ' 1']",1.5,4.6,6.0,1.44,2.75,Liverpool,2,6,2,6,3.75,2.98,6.94,14.97,8.5,3.0,3.0,Arsenal,2,3,1,6,2.3,1.77,8.43,12.35,9.0,2.5,3.0
27,25/08/2019,Bournemouth,Manchester City,"['1 ', ' 3']",15.0,7.5,1.16,1.36,3.2,Bournemouth,2,3,2,4,2.97,3.25,11.8,10.03,6.5,9.0,2.0,Manchester City,2,7,2,4,6.38,1.27,8.12,24.37,9.5,1.5,2.0
28,25/08/2019,Tottenham,Newcastle United,"['0 ', ' 1']",1.2,6.5,14.0,1.53,2.5,Tottenham,2,5,3,4,2.65,3.84,13.63,10.34,8.5,6.0,2.0,Newcastle United,2,1,4,0,1.3,3.23,14.96,12.27,3.5,9.5,0.0
29,25/08/2019,Wolverhampton Wanderers,Burnley,"['1 ', ' 1']",1.85,3.4,4.5,2.3,1.61,Wolverhampton Wanderers,2,1,1,2,1.12,1.69,19.29,7.38,4.0,8.0,1.0,Burnley,2,4,2,3,2.3,2.25,10.52,5.43,2.0,8.5,1.5
30,31/08/2019,Southampton,Manchester United,"['1 ', ' 1']",3.8,3.3,2.05,1.9,1.9,Southampton,3,3,5,3,5.31,3.43,9.23,9.27,5.333333333333333,4.0,1.0,Manchester United,3,6,3,4,5.75,2.08,8.37,11.81,8.0,3.6666666666666665,1.3333333333333333
31,31/08/2019,Chelsea,Sheffield United,"['2 ', ' 2']",1.36,4.75,9.0,1.72,2.1,Chelsea,3,4,7,4,4.22,4.4,9.42,8.29,6.666666666666667,6.0,1.3333333333333333,Sheffield United,3,3,3,4,4.1,2.29,10.44,11.28,4.0,6.0,1.3333333333333333
32,31/08/2019,Crystal Palace,Aston Villa,"['1 ', ' 0']",2.15,3.3,3.5,1.9,1.9,Crystal Palace,3,2,2,4,1.79,5.31,12.59,7.33,4.0,4.666666666666667,1.3333333333333333,Aston Villa,3,4,5,3,3.15,5.46,13.27,7.01,6.666666666666667,12.0,1.0
33,31/08/2019,Leicester,Bournemouth,"['3 ', ' 1']",1.7,4.0,4.75,1.66,2.2,Leicester,3,3,2,5,2.2,2.69,6.92,13.27,7.0,3.6666666666666665,1.6666666666666667,Bournemouth,3,4,5,4,4.86,6.38,15.5,8.23,5.333333333333333,11.666666666666666,1.3333333333333333
34,31/08/2019,Manchester City,Brighton,"['4 ', ' 0']",1.08,10.0,26.0,1.3,3.5,Manchester City,3,10,3,7,9.51,3.17,7.42,23.74,12.0,2.0,2.3333333333333335,Brighton,3,4,3,4,4.26,3.76,8.12,9.67,6.333333333333333,5.666666666666667,1.3333333333333333
35,31/08/2019,Newcastle United,Watford,"['1 ', ' 1']",2.5,3.25,2.87,2.0,1.8,Newcastle United,3,2,4,3,1.82,4.49,17.9,9.56,4.0,9.0,1.0,Watford,3,1,7,0,4.14,5.15,7.03,11.0,10.0,6.333333333333333,0.0
36,31/08/2019,West Ham,Norwich,"['2 ', ' 0']",1.85,3.9,3.9,1.44,2.75,West Ham,3,4,7,4,5.67,7.88,12.13,6.92,5.0,12.333333333333334,1.3333333333333333,Norwich,3,6,8,3,4.02,5.05,13.35,11.17,6.333333333333333,9.666666666666666,1.0
37,31/08/2019,Burnley,Liverpool,"['0 ', ' 3']",9.5,5.5,1.3,1.61,2.3,Burnley,3,5,3,4,3.53,3.58,11.85,6.85,2.6666666666666665,7.0,1.3333333333333333,Liverpool,3,9,3,9,6.54,3.97,8.16,17.21,8.666666666666666,4.333333333333333,3.0
38,01/09/2019,Everton,Wolverhampton Wanderers,"['3 ', ' 2']",2.2,3.25,3.5,2.2,1.66,Everton,3,1,2,4,3.31,2.9,5.93,8.33,7.0,4.666666666666667,1.3333333333333333,Wolverhampton Wanderers,3,2,2,3,2.45,2.91,17.6,9.68,4.0,6.666666666666667,1.0
39,01/09/2019,Arsenal,Tottenham,"['2 ', ' 2']",2.37,3.6,2.8,1.57,2.37,Arsenal,3,4,4,6,3.28,4.56,11.76,11.32,8.333333333333334,4.666666666666667,2.0,Tottenham,3,5,4,4,3.91,4.35,10.54,13.39,8.333333333333334,5.666666666666667,1.3333333333333333
40,14/09/2019,Liverpool,Newcastle United,"['3 ', ' 1']",1.14,8.5,17.0,1.4,3.0,Liverpool,4,12,3,12,7.74,4.59,7.74,16.92,9.25,3.25,3.0,Newcastle United,4,3,5,4,2.86,5.59,18.24,10.26,3.5,8.25,1.0
41,14/09/2019,Brighton,Burnley,"['1 ', ' 1']",2.15,3.3,3.5,2.1,1.72,Brighton,4,4,7,4,5.12,6.06,10.41,10.18,6.5,8.25,1.0,Burnley,4,5,6,4,4.15,4.78,12.85,6.65,2.0,8.0,1.0
42,14/09/2019,Manchester United,Leicester,"['1 ', ' 0']",1.95,3.5,4.0,1.9,1.9,Manchester United,4,7,4,5,7.66,2.85,9.27,10.13,9.25,4.25,1.25,Leicester,4,6,3,8,4.43,3.25,6.92,12.25,7.75,4.5,2.0
43,14/09/2019,Sheffield United,Southampton,"['0 ', ' 1']",2.45,3.2,3.0,2.1,1.72,Sheffield United,4,5,5,5,5.15,4.59,12.9,12.23,4.25,5.5,1.25,Southampton,4,4,6,4,6.08,5.33,8.31,10.14,5.5,6.25,1.0
44,14/09/2019,Tottenham,Crystal Palace,"['4 ', ' 0']",1.36,5.25,8.0,1.61,2.3,Tottenham,4,7,6,5,5.86,6.28,10.93,11.31,7.75,7.25,1.25,Crystal Palace,4,3,2,7,3.2,5.61,11.55,7.8,6.25,4.75,1.75
45,14/09/2019,Wolverhampton Wanderers,Chelsea,"['2 ', ' 5']",2.9,3.3,2.5,1.9,1.9,Wolverhampton Wanderers,4,4,5,3,4.45,4.4,18.08,8.32,4.25,6.0,0.75,Chelsea,4,6,9,5,6.52,5.45,10.29,10.79,6.0,5.75,1.25
46,14/09/2019,Norwich,Manchester City,"['3 ', ' 2']",15.0,9.0,1.14,1.22,4.33,Norwich,4,6,10,3,5.18,7.26,11.81,10.07,6.0,10.25,0.75,Manchester City,4,14,3,10,11.82,4.03,8.42,23.21,13.0,3.25,2.5
47,15/09/2019,Bournemouth,Everton,"['3 ', ' 1']",2.9,3.5,2.4,1.72,2.1,Bournemouth,4,5,8,4,5.42,8.62,13.59,7.75,5.75,11.25,1.0,Everton,4,4,4,7,4.8,4.9,5.76,9.78,6.25,4.75,1.75
48,15/09/2019,Watford,Arsenal,"['2 ', ' 2']",3.6,3.6,2.0,1.57,2.37,Watford,4,2,8,1,5.24,6.19,7.98,12.7,9.0,5.25,0.25,Arsenal,4,6,6,7,5.21,6.52,9.57,11.45,9.25,5.0,1.75
49,16/09/2019,Aston Villa,West Ham,"['0 ', ' 0']",2.62,3.5,2.6,1.61,2.3,Aston Villa,4,4,6,3,3.45,6.87,11.82,7.47,6.25,12.25,0.75,West Ham,4,6,7,7,7.87,9.05,10.62,7.35,6.75,10.5,1.75
50,20/09/2019,Southampton,Bournemouth,"['1 ', ' 3']",2.05,3.6,3.5,1.66,2.2,Southampton,5,5,6,7,7.65,7.21,8.92,10.7,5.8,6.6,1.4,Bournemouth,5,8,9,7,6.83,10.12,13.3,7.21,5.2,10.8,1.4
51,21/09/2019,Leicester,Tottenham,"['2 ', ' 1']",2.87,3.5,2.37,1.8,2.0,Leicester,5,6,4,8,4.89,4.35,6.41,11.75,7.0,4.4,1.6,Tottenham,5,11,6,8,6.91,6.86,9.54,12.39,7.8,6.8,1.6
52,21/09/2019,Burnley,Norwich,"['2 ', ' 0']",2.0,3.8,3.5,1.66,2.2,Burnley,5,6,7,5,4.49,6.47,12.7,5.94,2.4,9.0,1.0,Norwich,5,9,12,6,6.93,9.6,12.79,9.71,6.0,11.0,1.2
53,21/09/2019,Everton,Sheffield United,"['0 ', ' 2']",1.61,3.75,6.0,2.0,1.8,Everton,5,5,7,7,6.31,6.32,5.71,10.2,6.8,4.4,1.4,Sheffield United,5,5,6,5,7.03,6.17,12.84,12.36,5.0,5.8,1.0
54,21/09/2019,Manchester City,Watford,"['8 ', ' 0']",1.1,11.0,21.0,1.25,4.0,Manchester City,5,16,6,10,14.17,5.77,8.35,22.34,13.2,3.8,2.0,Watford,5,4,10,2,8.08,7.19,8.2,13.89,9.6,5.6,0.4
55,21/09/2019,Newcastle United,Brighton,"['0 ', ' 0']",2.5,3.2,3.0,2.3,1.61,Newcastle United,5,4,8,4,3.15,8.53,21.06,9.44,3.6,10.4,0.8,Brighton,5,5,8,5,6.8,6.41,8.93,10.47,7.8,7.4,1.0
56,22/09/2019,Crystal Palace,Wolverhampton Wanderers,"['1 ', ' 1']",2.62,3.1,2.87,2.37,1.57,Crystal Palace,5,3,6,7,3.78,6.66,12.79,7.47,6.0,5.4,1.4,Wolverhampton Wanderers,5,6,10,3,5.94,7.47,16.58,8.03,4.4,6.0,0.6
57,22/09/2019,West Ham,Manchester United,"['2 ', ' 0']",3.1,3.6,2.2,1.66,2.2,West Ham,5,6,7,8,8.41,10.45,10.53,7.73,7.2,9.2,1.6,Manchester United,5,8,4,8,8.76,3.31,9.38,8.91,8.2,4.2,1.6
58,22/09/2019,Arsenal,Aston Villa,"['3 ', ' 2']",1.4,4.75,8.0,1.44,2.75,Arsenal,5,8,8,8,6.21,9.35,11.21,10.96,8.8,6.4,1.6,Aston Villa,5,4,6,4,4.85,7.41,11.33,7.93,5.8,11.6,0.8
59,22/09/2019,Chelsea,Liverpool,"['1 ', ' 2']",3.5,3.75,2.0,1.57,2.37,Chelsea,5,11,11,8,9.59,6.94,9.59,11.23,6.0,5.6,1.6,Liverpool,5,15,4,15,10.68,4.88,7.6,20.44,11.2,3.4,3.0
60,28/09/2019,Sheffield United,Liverpool,"['0 ', ' 1']",9.0,5.25,1.33,1.61,2.3,Sheffield United,6,7,6,8,7.54,7.43,12.88,11.19,4.5,6.333333333333333,1.3333333333333333,Liverpool,6,17,5,18,11.71,6.11,7.66,18.82,10.166666666666666,3.6666666666666665,3.0
61,28/09/2019,Aston Villa,Burnley,"['2 ', ' 2']",2.3,3.4,3.1,1.9,1.9,Aston Villa,6,6,9,4,6.57,9.94,11.26,8.09,6.166666666666667,11.666666666666666,0.6666666666666666,Burnley,6,8,7,8,6.88,7.27,12.5,6.72,3.1666666666666665,9.0,1.3333333333333333
62,28/09/2019,Bournemouth,West Ham,"['2 ', ' 2']",2.5,3.5,2.75,1.57,2.37,Bournemouth,6,11,10,10,8.13,12.3,13.87,6.54,4.666666666666667,10.0,1.6666666666666667,West Ham,6,8,7,11,8.92,11.73,11.09,8.44,6.666666666666667,8.5,1.8333333333333333
63,28/09/2019,Chelsea,Brighton,"['2 ', ' 0']",1.4,4.75,8.0,1.66,2.2,Chelsea,6,12,13,8,10.82,7.97,9.8,10.6,5.833333333333333,5.5,1.3333333333333333,Brighton,6,5,8,6,8.02,7.5,8.52,12.12,7.5,6.833333333333333,1.0
64,28/09/2019,Crystal Palace,Norwich,"['2 ', ' 0']",1.9,3.75,3.75,1.72,2.1,Crystal Palace,6,4,7,8,4.77,8.42,12.97,8.2,6.0,5.333333333333333,1.3333333333333333,Norwich,6,9,14,6,7.73,11.99,12.99,10.01,6.5,10.333333333333334,1.0
65,28/09/2019,Tottenham,Southampton,"['2 ', ' 1']",1.4,4.75,8.0,1.57,2.37,Tottenham,6,12,8,8,8.25,8.14,8.57,12.13,8.0,6.833333333333333,1.3333333333333333,Southampton,6,6,9,7,9.83,8.51,7.87,11.79,5.833333333333333,5.833333333333333,1.1666666666666667
66,28/09/2019,Wolverhampton Wanderers,Watford,"['2 ', ' 0']",1.85,3.4,4.5,1.9,1.9,Wolverhampton Wanderers,6,7,11,4,7.7,8.46,15.83,8.81,4.5,6.0,0.6666666666666666,Watford,6,4,18,2,8.42,13.82,10.41,13.39,8.166666666666666,6.833333333333333,0.3333333333333333
67,28/09/2019,Everton,Manchester City,"['1 ', ' 3']",10.0,5.5,1.3,1.5,2.62,Everton,6,5,9,7,7.57,6.83,5.7,10.62,7.166666666666667,4.0,1.1666666666666667,Manchester City,6,24,6,13,20.8,6.12,8.71,24.16,13.166666666666666,3.3333333333333335,2.1666666666666665
68,29/09/2019,Leicester,Newcastle United,"['5 ', ' 0']",1.5,4.0,7.5,2.0,1.8,Leicester,6,8,5,11,6.18,5.69,6.96,10.45,7.0,5.166666666666667,1.8333333333333333,Newcastle United,6,4,8,5,4.25,9.74,21.41,8.85,3.6666666666666665,9.666666666666666,0.8333333333333334
69,30/09/2019,Manchester United,Arsenal,"['1 ', ' 1']",2.37,3.5,2.9,1.61,2.3,Manchester United,6,8,6,8,10.04,3.82,10.11,9.57,7.666666666666667,4.166666666666667,1.3333333333333333,Arsenal,6,11,10,11,8.75,11.06,10.81,10.97,9.333333333333334,6.666666666666667,1.8333333333333333
70,05/10/2019,Brighton,Tottenham,"['3 ', ' 0']",3.9,3.6,1.9,1.72,2.1,Brighton,7,5,10,6,8.64,11.77,9.17,12.45,6.428571428571429,7.142857142857143,0.8571428571428571,Tottenham,7,14,9,11,9.44,9.31,9.84,10.86,7.857142857142857,7.0,1.5714285714285714
71,05/10/2019,Burnley,Everton,"['1 ', ' 0']",2.87,3.3,2.5,2.1,1.72,Burnley,7,10,9,9,8.55,8.18,12.0,6.62,3.0,8.142857142857142,1.2857142857142858,Everton,7,6,12,7,9.93,9.93,7.65,10.5,7.0,5.285714285714286,1.0
72,05/10/2019,Liverpool,Leicester,"['2 ', ' 1']",1.44,4.75,7.0,1.57,2.37,Liverpool,7,18,5,21,13.68,7.28,7.88,19.7,10.285714285714286,3.2857142857142856,3.0,Leicester,7,13,5,14,8.01,5.74,6.72,12.07,7.857142857142857,4.571428571428571,2.0
73,05/10/2019,Norwich,Aston Villa,"['1 ', ' 5']",2.37,3.6,2.8,1.57,2.37,Norwich,7,9,16,6,8.44,13.8,12.42,10.35,7.0,10.428571428571429,0.8571428571428571,Aston Villa,7,8,11,5,7.48,11.61,10.5,8.21,5.714285714285714,10.285714285714286,0.7142857142857143
74,05/10/2019,Watford,Sheffield United,"['0 ', ' 0']",2.05,3.4,3.6,2.0,1.8,Watford,7,4,20,2,9.49,14.99,10.53,14.62,8.428571428571429,6.571428571428571,0.2857142857142857,Sheffield United,7,7,7,8,8.71,9.4,14.09,11.2,4.0,7.0,1.1428571428571428
75,05/10/2019,West Ham,Crystal Palace,"['1 ', ' 2']",1.95,3.6,3.8,1.8,2.0,West Ham,7,10,9,12,10.22,14.05,11.33,8.77,8.142857142857142,8.428571428571429,1.7142857142857142,Crystal Palace,7,6,7,11,6.57,9.13,12.94,8.3,6.714285714285714,6.0,1.5714285714285714
76,06/10/2019,Arsenal,Bournemouth,"['1 ', ' 0']",1.44,4.75,7.0,1.33,3.4,Arsenal,7,12,11,12,10.45,12.2,10.69,10.24,9.0,6.428571428571429,1.7142857142857142,Bournemouth,7,13,12,11,10.45,13.6,13.52,7.26,5.142857142857143,11.0,1.5714285714285714
77,06/10/2019,Manchester City,Wolverhampton Wanderers,"['0 ', ' 2']",1.12,9.0,21.0,1.36,3.2,Manchester City,7,27,7,16,23.9,8.47,8.82,25.17,13.142857142857142,3.7142857142857144,2.2857142857142856,Wolverhampton Wanderers,7,9,11,7,8.86,9.52,16.71,9.13,4.571428571428571,6.571428571428571,1.0
78,06/10/2019,Southampton,Chelsea,"['1 ', ' 4']",4.0,3.8,1.85,1.72,2.1,Southampton,7,7,11,7,10.99,9.7,7.45,13.19,6.142857142857143,6.0,1.0,Chelsea,7,14,13,11,15.09,8.59,10.45,10.87,6.285714285714286,4.714285714285714,1.5714285714285714
79,06/10/2019,Newcastle United,Manchester United,"['1 ', ' 0']",4.5,3.5,1.85,2.2,1.66,Newcastle United,7,4,13,5,4.3,11.57,22.78,8.11,3.2857142857142856,10.142857142857142,0.7142857142857143,Manchester United,7,9,7,9,11.17,5.53,9.33,9.64,7.285714285714286,4.571428571428571,1.2857142857142858
80,19/10/2019,Everton,West Ham,"['2 ', ' 0']",1.95,3.75,3.75,1.72,2.1,Everton,8,6,13,7,11.24,10.49,7.67,11.22,6.625,5.375,0.875,West Ham,8,11,11,12,11.45,16.12,11.68,9.65,8.0,8.25,1.5
81,19/10/2019,Aston Villa,Brighton,"['2 ', ' 1']",2.35,3.4,3.0,1.8,2.0,Aston Villa,8,13,12,8,11.16,13.46,10.24,7.94,6.125,10.625,1.0,Brighton,8,8,10,9,11.24,12.25,8.99,12.7,7.125,6.75,1.125
82,19/10/2019,Bournemouth,Norwich,"['0 ', ' 0']",1.72,4.2,4.2,1.4,3.0,Bournemouth,8,13,13,11,11.13,14.84,13.08,7.22,5.375,10.875,1.375,Norwich,8,10,21,6,10.29,17.48,11.38,10.17,7.75,10.25,0.75
83,19/10/2019,Chelsea,Newcastle United,"['1 ', ' 0']",1.3,5.5,10.0,1.57,2.37,Chelsea,8,18,14,14,17.24,9.86,10.51,10.87,6.75,4.75,1.75,Newcastle United,8,5,13,8,4.95,12.54,23.28,7.95,3.0,9.5,1.0
84,19/10/2019,Leicester,Burnley,"['2 ', ' 1']",1.57,4.0,6.0,1.9,1.9,Leicester,8,14,7,14,8.1,9.49,7.03,11.4,7.375,5.5,1.75,Burnley,8,11,9,12,9.11,9.49,12.64,6.77,3.375,7.625,1.5
85,19/10/2019,Tottenham,Watford,"['1 ', ' 1']",1.4,5.0,7.5,1.53,2.5,Tottenham,8,14,12,11,9.92,11.91,10.4,10.41,7.375,7.625,1.375,Watford,8,4,20,3,10.93,15.34,11.29,13.44,7.625,6.375,0.375
86,19/10/2019,Wolverhampton Wanderers,Southampton,"['1 ', ' 1']",1.8,3.6,4.5,2.1,1.72,Wolverhampton Wanderers,8,11,11,10,10.05,11.14,17.03,8.45,4.125,7.375,1.25,Southampton,8,8,15,7,12.27,11.85,7.85,12.89,6.0,6.5,0.875
87,19/10/2019,Crystal Palace,Manchester City,"['0 ', ' 2']",12.0,7.0,1.22,1.44,2.75,Crystal Palace,8,8,8,14,8.64,10.36,13.55,8.98,6.75,6.125,1.75,Manchester City,8,27,9,16,25.52,9.66,8.26,24.42,13.125,3.375,2.0
88,20/10/2019,Manchester United,Liverpool,"['1 ', ' 1']",5.25,3.8,1.65,1.72,2.1,Manchester United,8,9,8,9,12.14,6.18,8.99,10.63,7.0,4.125,1.125,Liverpool,8,20,6,24,17.43,7.38,7.87,17.48,10.5,3.375,3.0
89,21/10/2019,Sheffield United,Arsenal,"['1 ', ' 0']",3.9,3.75,1.9,1.66,2.2,Sheffield United,8,7,7,9,9.06,10.84,13.2,12.25,4.125,6.375,1.125,Arsenal,8,13,11,15,11.69,12.88,9.92,10.23,9.125,6.5,1.875
90,25/10/2019,Southampton,Leicester,"['0 ', ' 9']",3.1,3.4,2.3,2.0,1.8,Southampton,9,9,16,8,13.64,12.74,8.26,13.07,5.888888888888889,6.111111111111111,0.8888888888888888,Leicester,9,16,8,17,8.93,11.28,7.07,11.74,7.222222222222222,5.222222222222222,1.8888888888888888
91,26/10/2019,Manchester City,Aston Villa,"['3 ', ' 0']",1.08,11.0,26.0,1.22,4.33,Manchester City,9,29,9,19,29.54,10.28,8.14,23.6,14.0,3.5555555555555554,2.111111111111111,Aston Villa,9,15,13,11,14.13,14.78,10.72,8.1,6.222222222222222,10.555555555555555,1.2222222222222223
92,26/10/2019,Brighton,Everton,"['3 ', ' 2']",2.9,3.25,2.5,2.0,1.8,Brighton,9,9,12,9,12.56,15.21,9.04,12.9,7.444444444444445,6.777777777777778,1.0,Everton,9,8,13,10,13.47,10.95,7.38,11.11,7.111111111111111,5.111111111111111,1.1111111111111112
93,26/10/2019,Watford,Bournemouth,"['0 ', ' 0']",2.15,3.6,3.25,1.66,2.2,Watford,9,5,21,4,11.78,16.23,11.99,12.62,7.0,6.777777777777778,0.4444444444444444,Bournemouth,9,13,13,12,11.81,15.24,13.04,7.57,5.555555555555555,10.222222222222221,1.3333333333333333
94,26/10/2019,West Ham,Sheffield United,"['1 ', ' 1']",2.1,3.5,3.5,1.9,1.9,West Ham,9,11,13,12,11.91,18.35,11.53,9.06,7.444444444444445,8.555555555555555,1.3333333333333333,Sheffield United,9,8,7,12,9.96,11.79,13.07,11.45,4.333333333333333,6.555555555555555,1.3333333333333333
95,26/10/2019,Burnley,Chelsea,"['2 ', ' 4']",4.5,4.0,1.72,1.66,2.2,Burnley,9,12,11,12,10.9,10.32,12.91,6.84,3.3333333333333335,7.444444444444445,1.3333333333333333,Chelsea,9,19,14,17,19.54,10.06,9.89,11.58,7.333333333333333,4.333333333333333,1.8888888888888888
96,27/10/2019,Newcastle United,Wolverhampton Wanderers,"['1 ', ' 1']",3.0,3.1,2.55,2.5,1.53,Newcastle United,9,5,14,8,5.15,14.84,23.3,7.56,2.7777777777777777,9.777777777777779,0.8888888888888888,Wolverhampton Wanderers,9,12,12,11,10.94,12.52,16.81,8.85,4.0,7.111111111111111,1.2222222222222223
97,27/10/2019,Arsenal,Crystal Palace,"['2 ', ' 2']",1.45,4.75,6.5,1.53,2.5,Arsenal,9,13,12,15,12.64,13.78,9.53,10.47,9.0,6.444444444444445,1.6666666666666667,Crystal Palace,9,8,10,14,9.26,14.39,14.08,8.77,6.555555555555555,7.777777777777778,1.5555555555555556
98,27/10/2019,Liverpool,Tottenham,"['2 ', ' 1']",1.5,4.33,6.5,1.53,2.5,Liverpool,9,21,7,25,18.46,8.17,7.54,18.65,10.11111111111111,3.111111111111111,2.7777777777777777,Tottenham,9,15,13,12,10.81,12.75,10.04,11.07,7.666666666666667,7.0,1.3333333333333333
99,27/10/2019,Norwich,Manchester United,"['1 ', ' 3']",4.33,4.0,1.75,1.66,2.2,Norwich,9,10,21,7,10.69,18.15,11.43,10.38,7.444444444444445,9.88888888888889,0.7777777777777778,Manchester United,9,10,9,10,12.93,7.21,10.51,9.97,6.333333333333333,4.444444444444445,1.1111111111111112
100,02/11/2019,Bournemouth,Manchester United,"['1 ', ' 0']",3.25,3.6,2.15,1.9,1.9,Bournemouth,10,13,13,13,12.71,15.92,12.71,8.13,5.3,9.7,1.3,Manchester United,10,13,10,13,17.44,8.1,10.38,9.84,6.3,4.6,1.3
101,02/11/2019,Arsenal,Wolverhampton Wanderers,"['1 ', ' 1']",1.75,3.75,4.75,1.72,2.1,Arsenal,10,15,14,16,14.18,15.56,9.34,11.11,8.9,5.9,1.6,Wolverhampton Wanderers,10,13,13,12,12.87,13.12,15.84,9.92,4.2,6.7,1.2
102,02/11/2019,Aston Villa,Liverpool,"['1 ', ' 2']",9.0,5.0,1.33,1.44,2.75,Aston Villa,10,15,16,11,15.11,17.97,11.56,8.1,5.9,11.3,1.1,Liverpool,10,23,8,28,20.65,9.52,7.28,19.54,10.4,3.2,2.8
103,02/11/2019,Brighton,Norwich,"['2 ', ' 0']",1.72,4.2,4.33,1.66,2.2,Brighton,10,12,14,12,13.71,16.26,8.97,12.76,7.1,6.8,1.2,Norwich,10,11,24,7,11.58,22.66,11.05,10.29,7.3,9.5,0.7
104,02/11/2019,Manchester City,Southampton,"['2 ', ' 1']",1.07,13.0,23.0,1.22,4.33,Manchester City,10,32,9,22,32.73,11.26,8.14,23.82,14.4,3.5,2.2,Southampton,10,9,25,8,14.1,17.12,8.94,11.1,5.4,6.4,0.8
105,02/11/2019,Sheffield United,Burnley,"['3 ', ' 0']",2.25,3.2,3.4,2.3,1.61,Sheffield United,10,9,8,13,11.12,14.13,13.19,11.32,4.6,6.8,1.3,Burnley,10,14,15,12,13.14,11.31,13.28,7.21,3.8,7.3,1.2
106,02/11/2019,West Ham,Newcastle United,"['2 ', ' 3']",1.75,3.8,4.5,1.8,2.0,West Ham,10,12,14,13,14.25,19.52,11.43,9.54,7.6,8.4,1.3,Newcastle United,10,6,15,9,5.75,16.77,24.13,7.79,2.8,9.4,0.9
107,02/11/2019,Watford,Chelsea,"['1 ', ' 2']",5.0,4.33,1.61,1.61,2.3,Watford,10,5,21,5,12.45,17.13,12.12,12.3,6.8,6.4,0.5,Chelsea,10,23,16,20,20.53,12.29,9.94,11.97,7.2,4.7,2.0
108,03/11/2019,Crystal Palace,Leicester,"['0 ', ' 2']",3.5,3.4,2.1,2.0,1.8,Crystal Palace,10,10,12,15,11.04,15.93,14.71,8.66,6.0,7.8,1.5,Leicester,10,25,8,20,13.31,11.74,6.56,12.19,7.4,4.8,2.0
109,03/11/2019,Everton,Tottenham,"['1 ', ' 1']",2.7,3.4,2.6,1.72,2.1,Everton,10,10,16,10,14.52,12.1,7.87,10.77,7.1,5.0,1.0,Tottenham,10,16,15,12,12.16,14.94,11.17,10.43,7.3,7.6,1.2
110,08/11/2019,Norwich,Watford,"['0 ', ' 2']",2.7,3.5,2.55,1.66,2.2,Norwich,11,11,26,7,12.04,25.32,11.43,9.94,7.090909090909091,10.0,0.6363636363636364,Watford,11,6,23,5,13.93,19.32,12.91,12.2,6.7272727272727275,6.545454545454546,0.45454545454545453
111,09/11/2019,Chelsea,Crystal Palace,"['2 ', ' 0']",1.33,5.0,10.0,1.57,2.37,Chelsea,11,25,17,23,22.71,13.76,10.04,12.66,7.2727272727272725,4.818181818181818,2.090909090909091,Crystal Palace,11,10,14,15,11.48,16.91,14.94,8.4,5.909090909090909,7.545454545454546,1.3636363636363635
112,09/11/2019,Burnley,West Ham,"['3 ', ' 0']",2.25,3.5,3.1,1.66,2.2,Burnley,11,14,18,12,13.86,13.89,12.86,7.93,3.727272727272727,7.181818181818182,1.0909090909090908,West Ham,11,14,17,13,15.79,21.45,10.72,9.87,8.454545454545455,8.090909090909092,1.1818181818181819
113,09/11/2019,Newcastle United,Bournemouth,"['2 ', ' 1']",2.55,3.25,2.8,2.0,1.8,Newcastle United,11,9,17,12,7.68,18.31,23.13,7.44,3.0,10.090909090909092,1.0909090909090908,Bournemouth,11,14,13,16,14.58,16.56,12.21,8.15,5.090909090909091,9.181818181818182,1.4545454545454546
114,09/11/2019,Southampton,Everton,"['1 ', ' 2']",2.9,3.3,2.45,1.9,1.9,Southampton,11,10,27,8,14.99,20.48,9.32,10.12,5.090909090909091,8.636363636363637,0.7272727272727273,Everton,11,11,17,11,15.67,12.35,8.18,10.73,7.181818181818182,4.636363636363637,1.0
115,09/11/2019,Tottenham,Sheffield United,"['1 ', ' 1']",1.57,4.0,6.0,1.8,2.0,Tottenham,11,17,16,13,12.4,16.1,11.09,10.5,6.7272727272727275,7.636363636363637,1.1818181818181819,Sheffield United,11,12,8,16,13.7,14.85,13.45,11.01,4.7272727272727275,6.454545454545454,1.4545454545454546
116,09/11/2019,Leicester,Arsenal,"['2 ', ' 0']",2.0,3.75,3.5,1.57,2.37,Leicester,11,27,8,23,14.29,12.18,6.54,12.52,7.181818181818182,4.818181818181818,2.090909090909091,Arsenal,11,16,15,17,15.21,17.07,9.64,11.17,8.909090909090908,5.909090909090909,1.5454545454545454
117,10/11/2019,Manchester United,Brighton,"['3 ', ' 1']",1.6,3.75,6.5,2.0,1.8,Manchester United,11,13,11,13,18.08,9.97,10.21,9.69,6.090909090909091,4.454545454545454,1.1818181818181819,Brighton,11,14,14,15,16.37,16.72,8.76,12.94,7.818181818181818,6.636363636363637,1.3636363636363635
118,10/11/2019,Wolverhampton Wanderers,Aston Villa,"['2 ', ' 1']",1.9,3.5,4.2,1.9,1.9,Wolverhampton Wanderers,11,14,14,13,14.38,14.15,15.36,10.16,4.363636363636363,6.909090909090909,1.1818181818181819,Aston Villa,11,16,18,11,15.85,20.36,12.21,7.81,5.545454545454546,11.727272727272727,1.0
119,10/11/2019,Liverpool,Manchester City,"['3 ', ' 1']",2.5,3.6,2.62,1.66,2.2,Liverpool,11,25,9,31,23.03,10.26,7.08,19.65,10.909090909090908,3.090909090909091,2.8181818181818183,Manchester City,11,34,10,25,36.1,12.15,7.69,23.35,15.909090909090908,3.3636363636363638,2.272727272727273
120,23/11/2019,West Ham,Tottenham,"['2 ', ' 3']",4.2,4.33,1.7,1.53,2.5,West Ham,10,13,14,12,14.05,18.27,9.92,10.95,9.3,7.7,1.2,Tottenham,10,13,14,10,11.27,13.18,10.51,10.65,6.1,7.8,1.0
121,23/11/2019,Arsenal,Southampton,"['2 ', ' 2']",1.45,4.75,6.5,1.44,2.75,Arsenal,10,13,16,11,13.87,16.66,10.38,10.49,9.0,7.4,1.1,Southampton,10,10,24,8,12.51,20.14,9.5,9.71,4.7,9.5,0.8
122,23/11/2019,Bournemouth,Wolverhampton Wanderers,"['1 ', ' 2']",2.75,3.3,2.6,2.0,1.8,Bournemouth,10,12,13,12,13.53,15.64,11.94,8.57,5.3,8.8,1.2,Wolverhampton Wanderers,10,15,14,14,15.36,12.93,13.17,10.2,4.8,6.0,1.4
123,23/11/2019,Brighton,Leicester,"['0 ', ' 2']",3.75,3.5,2.0,1.9,1.9,Brighton,10,11,16,11,14.24,18.69,8.53,13.78,7.5,7.1,1.1,Leicester,10,28,7,24,14.17,11.11,6.77,12.45,8.1,5.6,2.4
124,23/11/2019,Crystal Palace,Liverpool,"['1 ', ' 2']",7.5,4.75,1.4,1.66,2.2,Crystal Palace,10,10,15,14,10.84,17.12,15.58,8.54,5.8,8.7,1.4,Liverpool,10,22,8,28,20.61,8.76,7.79,19.68,10.9,3.7,2.8
125,23/11/2019,Everton,Norwich,"['0 ', ' 2']",1.36,5.1,8.0,1.53,2.5,Everton,10,12,18,10,15.7,11.05,8.36,12.01,7.6,4.4,1.0,Norwich,10,7,23,4,9.72,23.52,10.36,10.38,7.5,9.6,0.4
126,23/11/2019,Watford,Burnley,"['0 ', ' 3']",2.3,3.4,3.1,2.0,1.8,Watford,10,8,19,8,13.44,18.25,15.3,12.2,6.7,7.4,0.8,Burnley,10,13,16,12,13.97,12.11,12.92,8.2,4.2,6.7,1.2
127,23/11/2019,Manchester City,Chelsea,"['2 ', ' 1']",1.44,5.0,6.5,1.4,3.0,Manchester City,10,28,11,21,31.19,12.21,7.95,22.9,16.5,4.0,2.1,Chelsea,10,26,12,25,23.68,10.92,10.37,14.13,8.3,4.3,2.5
128,24/11/2019,Sheffield United,Manchester United,"['3 ', ' 3']",3.5,3.4,2.1,2.2,1.66,Sheffield United,10,11,8,13,11.18,14.78,14.05,10.57,5.0,6.6,1.3,Manchester United,10,11,11,12,18.22,9.7,10.83,8.84,5.9,4.2,1.2
129,25/11/2019,Aston Villa,Newcastle United,"['2 ', ' 0']",2.05,3.4,3.7,1.9,1.9,Aston Villa,9,13,15,8,13.18,17.0,10.98,7.93,4.555555555555555,11.222222222222221,0.8888888888888888,Newcastle United,10,10,14,15,8.71,17.0,25.6,6.77,3.1,10.2,1.5
130,30/11/2019,Newcastle United,Manchester City,"['2 ', ' 2']",13.0,8.0,1.16,1.44,2.75,Newcastle United,10,9,16,12,8.9,18.44,24.25,6.98,2.9,10.8,1.2,Manchester City,10,27,11,21,29.3,11.14,9.15,22.34,16.2,4.3,2.1
131,30/11/2019,Burnley,Crystal Palace,"['0 ', ' 2']",2.25,3.25,3.3,2.2,1.66,Burnley,10,15,15,14,15.41,11.69,12.64,7.76,4.0,6.8,1.4,Crystal Palace,10,9,16,11,11.19,16.53,16.05,8.76,6.4,9.1,1.1
132,30/11/2019,Chelsea,West Ham,"['0 ', ' 1']",1.28,6.0,9.0,1.4,3.0,Chelsea,10,24,12,22,22.61,11.08,10.76,14.84,7.7,5.2,2.2,West Ham,10,12,16,9,11.26,18.19,9.82,10.91,8.9,6.0,0.9
133,30/11/2019,Liverpool,Brighton,"['2 ', ' 1']",1.18,7.0,15.0,1.44,2.75,Liverpool,10,21,8,28,19.47,8.8,7.66,19.48,11.1,3.8,2.8,Brighton,10,11,16,11,14.03,20.12,8.93,14.62,7.7,7.4,1.1
134,30/11/2019,Tottenham,Bournemouth,"['3 ', ' 2']",1.36,5.5,7.5,1.53,2.5,Tottenham,10,16,15,13,12.21,13.33,10.88,9.93,5.6,7.9,1.3,Bournemouth,10,12,12,12,12.49,13.79,11.16,9.28,5.3,7.8,1.2
135,30/11/2019,Southampton,Watford,"['2 ', ' 1']",2.1,3.4,3.5,1.9,1.9,Southampton,10,10,26,6,13.03,20.75,9.12,9.35,5.1,9.2,0.6,Watford,10,7,19,8,12.05,17.45,15.05,12.07,5.2,6.6,0.8
136,01/12/2019,Norwich,Arsenal,"['2 ', ' 2']",4.0,4.33,1.75,1.4,3.0,Norwich,10,7,20,7,10.45,22.44,10.16,9.69,7.4,9.9,0.7,Arsenal,10,14,15,12,14.49,16.48,9.31,10.16,8.6,7.5,1.2
137,01/12/2019,Wolverhampton Wanderers,Sheffield United,"['1 ', ' 1']",1.9,3.5,4.2,2.3,1.61,Wolverhampton Wanderers,10,16,14,16,15.31,12.55,13.3,10.18,5.1,5.9,1.6,Sheffield United,10,13,9,14,12.08,15.4,13.83,10.51,4.9,6.3,1.4
138,01/12/2019,Leicester,Everton,"['2 ', ' 1']",1.61,4.0,5.25,1.8,2.0,Leicester,10,28,6,24,16.98,11.24,7.29,12.84,8.1,6.0,2.4,Everton,10,12,18,10,15.26,12.0,8.45,11.43,7.9,4.2,1.0
139,01/12/2019,Manchester United,Aston Villa,"['2 ', ' 2']",1.45,4.5,7.0,1.72,2.1,Manchester United,10,13,12,13,17.31,10.58,10.9,8.61,5.8,4.3,1.3,Aston Villa,10,15,15,11,15.88,17.7,10.61,8.58,5.5,10.4,1.1
140,03/12/2019,Crystal Palace,Bournemouth,"['1 ', ' 0']",2.2,3.4,3.25,2.0,1.8,Crystal Palace,10,10,16,11,10.71,18.08,15.83,8.68,5.7,9.1,1.1,Bournemouth,10,13,12,12,12.96,14.48,10.95,9.57,5.2,7.7,1.2
141,03/12/2019,Burnley,Manchester City,"['1 ', ' 4']",11.0,7.0,1.22,1.44,2.75,Burnley,10,15,14,14,16.64,11.42,11.7,7.89,4.5,6.3,1.4,Manchester City,10,25,13,19,29.44,10.48,8.28,23.49,15.8,3.8,1.9
142,04/12/2019,Chelsea,Aston Villa,"['2 ', ' 1']",1.28,5.75,10.0,1.4,3.0,Chelsea,10,22,11,21,23.03,11.15,10.47,13.82,7.9,5.0,2.1,Aston Villa,10,17,16,12,16.87,18.13,10.96,8.33,5.3,10.4,1.2
143,04/12/2019,Leicester,Watford,"['2 ', ' 0']",1.33,5.5,8.0,1.61,2.3,Leicester,10,27,6,24,16.98,11.93,7.2,13.81,8.0,5.4,2.4,Watford,10,7,20,7,11.45,18.38,15.28,11.02,5.1,7.2,0.7
144,04/12/2019,Manchester United,Tottenham,"['2 ', ' 1']",2.75,3.4,2.55,1.8,2.0,Manchester United,10,14,13,13,17.26,11.11,10.26,9.2,5.8,4.0,1.3,Tottenham,10,17,15,15,13.19,12.43,10.52,10.15,5.9,7.3,1.5
145,04/12/2019,Southampton,Norwich,"['2 ', ' 1']",1.72,4.0,4.2,1.57,2.37,Southampton,10,11,26,8,14.23,19.35,9.4,9.52,5.3,8.4,0.8,Norwich,10,9,20,8,10.09,22.2,11.32,9.79,7.1,9.7,0.8
146,04/12/2019,Wolverhampton Wanderers,West Ham,"['2 ', ' 0']",1.75,3.7,4.75,1.9,1.9,Wolverhampton Wanderers,10,15,12,17,14.58,12.54,12.37,10.44,5.0,6.3,1.7,West Ham,10,11,16,9,10.17,19.75,10.37,11.24,8.0,6.1,0.9
147,04/12/2019,Liverpool,Everton,"['5 ', ' 2']",1.36,5.0,8.5,1.57,2.37,Liverpool,10,20,9,28,19.63,9.05,8.54,19.36,11.1,4.1,2.8,Everton,10,10,18,7,15.02,12.24,9.67,10.27,7.6,4.6,0.7
148,05/12/2019,Sheffield United,Newcastle United,"['0 ', ' 2']",1.83,3.4,4.6,2.3,1.61,Sheffield United,10,12,8,14,12.51,14.37,12.21,9.72,5.2,6.3,1.4,Newcastle United,10,10,17,12,8.06,19.78,25.75,6.22,2.9,11.4,1.2
149,05/12/2019,Arsenal,Brighton,"['1 ', ' 2']",1.57,4.33,5.5,1.53,2.5,Arsenal,10,14,15,12,14.53,15.33,9.53,10.73,8.4,7.1,1.2,Brighton,10,12,14,11,14.03,19.18,8.57,15.16,7.3,6.9,1.1
150,07/12/2019,Everton,Chelsea,"['3 ', ' 1']",3.5,3.75,2.0,1.72,2.1,Everton,11,12,23,7,16.78,14.65,9.59,10.22,7.454545454545454,5.090909090909091,0.6363636363636364,Chelsea,11,24,12,24,25.01,12.01,10.08,13.82,8.454545454545455,4.7272727272727275,2.1818181818181817
151,07/12/2019,Bournemouth,Liverpool,"['0 ', ' 3']",7.0,5.25,1.4,1.5,2.62,Bournemouth,11,13,13,12,13.3,14.86,10.48,10.18,5.636363636363637,7.545454545454546,1.0909090909090908,Liverpool,11,25,11,31,22.05,10.81,8.63,17.49,11.0,4.2727272727272725,2.8181818181818183
152,07/12/2019,Tottenham,Burnley,"['5 ', ' 0']",1.4,4.75,8.0,1.57,2.37,Tottenham,11,18,17,15,13.73,13.91,10.29,9.81,5.545454545454546,6.7272727272727275,1.3636363636363635,Burnley,11,16,18,14,17.13,13.98,12.68,8.05,4.363636363636363,6.909090909090909,1.2727272727272727
153,07/12/2019,Watford,Crystal Palace,"['0 ', ' 0']",2.37,3.3,3.1,2.0,1.8,Watford,11,7,22,7,11.65,20.67,15.1,10.63,5.0,7.363636363636363,0.6363636363636364,Crystal Palace,11,11,16,14,11.1,18.42,16.17,8.43,5.7272727272727275,9.181818181818182,1.2727272727272727
154,07/12/2019,Manchester City,Manchester United,"['1 ', ' 2']",1.3,5.5,10.0,1.5,2.62,Manchester City,11,29,14,22,32.0,10.97,8.4,23.75,15.545454545454545,3.727272727272727,2.0,Manchester United,11,16,14,16,18.73,11.65,9.82,9.13,5.363636363636363,3.8181818181818183,1.4545454545454546
155,08/12/2019,Aston Villa,Leicester,"['1 ', ' 4']",4.33,3.8,1.8,1.61,2.3,Aston Villa,11,18,18,12,17.73,20.11,11.31,8.19,5.0,10.727272727272727,1.0909090909090908,Leicester,11,29,6,27,19.27,12.13,7.2,13.78,8.090909090909092,5.2727272727272725,2.4545454545454546
156,08/12/2019,Newcastle United,Southampton,"['2 ', ' 1']",2.5,3.2,2.9,2.1,1.72,Newcastle United,11,12,17,15,8.6,20.87,27.24,6.29,2.909090909090909,11.545454545454545,1.3636363636363635,Southampton,11,13,27,11,16.23,20.25,9.39,9.75,5.636363636363637,7.909090909090909,1.0
157,08/12/2019,Norwich,Sheffield United,"['1 ', ' 2']",2.9,3.5,2.37,1.8,2.0,Norwich,11,10,22,8,10.99,24.2,11.48,9.73,6.7272727272727275,9.636363636363637,0.7272727272727273,Sheffield United,11,12,10,14,13.6,14.91,11.9,11.42,5.909090909090909,6.0,1.2727272727272727
158,08/12/2019,Brighton,Wolverhampton Wanderers,"['2 ', ' 2']",2.62,3.1,2.87,2.3,1.61,Brighton,11,14,15,14,15.57,20.15,8.56,15.07,7.0,6.818181818181818,1.2727272727272727,Wolverhampton Wanderers,11,17,12,20,16.4,13.04,11.99,10.38,5.0,6.090909090909091,1.8181818181818181
159,09/12/2019,West Ham,Arsenal,"['1 ', ' 3']",3.3,4.0,2.0,1.44,2.75,West Ham,11,11,18,9,10.67,21.57,10.32,10.97,7.636363636363637,6.0,0.8181818181818182,Arsenal,11,15,17,12,15.5,16.87,9.84,10.49,8.181818181818182,6.818181818181818,1.0909090909090908
160,14/12/2019,Liverpool,Watford,"['2 ', ' 0']",1.16,7.5,17.0,1.4,3.0,Liverpool,12,28,11,34,25.09,10.97,8.68,19.03,11.666666666666666,4.083333333333333,2.8333333333333335,Watford,12,7,22,8,13.22,20.88,14.7,10.49,5.166666666666667,6.916666666666667,0.6666666666666666
161,14/12/2019,Burnley,Newcastle United,"['1 ', ' 0']",1.95,3.4,4.0,2.1,1.72,Burnley,12,16,23,14,18.21,16.38,12.53,8.4,4.083333333333333,6.583333333333333,1.1666666666666667,Newcastle United,12,14,18,18,9.7,22.76,25.92,6.14,2.9166666666666665,11.083333333333334,1.5
162,14/12/2019,Chelsea,Bournemouth,"['0 ', ' 1']",1.25,6.0,12.0,1.4,3.0,Chelsea,12,25,15,24,26.27,14.05,9.7,13.25,9.166666666666666,4.75,2.0,Bournemouth,12,13,16,12,13.46,17.91,12.08,10.13,5.333333333333333,8.5,1.0
163,14/12/2019,Leicester,Norwich,"['1 ', ' 1']",1.22,6.5,13.0,1.44,2.75,Leicester,12,33,7,30,23.3,13.37,6.95,13.25,8.833333333333334,5.833333333333333,2.5,Norwich,12,11,24,8,11.58,24.91,11.55,9.84,6.75,9.0,0.6666666666666666
164,14/12/2019,Sheffield United,Aston Villa,"['2 ', ' 0']",1.85,3.75,4.2,1.8,2.0,Sheffield United,12,14,11,17,14.31,15.49,11.83,11.49,5.583333333333333,6.083333333333333,1.4166666666666667,Aston Villa,12,19,22,12,18.97,24.14,11.03,7.81,5.583333333333333,11.25,1.0
165,14/12/2019,Southampton,West Ham,"['0 ', ' 1']",1.9,3.8,3.8,1.61,2.3,Southampton,12,14,29,11,18.13,21.35,8.95,10.0,5.666666666666667,7.5,0.9166666666666666,West Ham,12,12,21,9,11.19,23.37,10.55,11.29,7.333333333333333,6.083333333333333,0.75
166,15/12/2019,Manchester United,Everton,"['1 ', ' 1']",1.8,3.7,4.5,1.8,2.0,Manchester United,12,18,15,19,20.37,13.73,10.37,8.55,5.583333333333333,5.416666666666667,1.5833333333333333,Everton,12,15,24,10,18.82,15.91,9.51,9.8,7.25,6.083333333333333,0.8333333333333334
167,15/12/2019,Wolverhampton Wanderers,Tottenham,"['1 ', ' 2']",3.25,3.4,2.25,1.9,1.9,Wolverhampton Wanderers,12,19,14,21,18.28,13.99,12.62,9.91,5.5,6.083333333333333,1.75,Tottenham,12,23,17,18,16.13,15.0,10.36,9.93,5.333333333333333,6.25,1.5
168,15/12/2019,Arsenal,Manchester City,"['0 ', ' 3']",6.0,5.25,1.44,1.33,3.4,Arsenal,12,18,18,15,17.29,17.39,10.19,10.69,8.083333333333334,6.583333333333333,1.25,Manchester City,12,30,16,22,34.07,12.6,7.82,23.52,16.166666666666668,4.083333333333333,1.8333333333333333
169,16/12/2019,Crystal Palace,Brighton,"['1 ', ' 1']",2.55,3.25,2.87,2.2,1.66,Crystal Palace,11,11,12,15,10.73,18.94,15.33,8.87,5.454545454545454,9.090909090909092,1.3636363636363635,Brighton,11,15,16,14,14.83,21.68,8.72,15.9,6.363636363636363,7.454545454545454,1.2727272727272727
170,21/12/2019,Everton,Arsenal,"['0 ', ' 0']",2.3,3.8,2.87,1.57,2.37,Everton,12,15,22,11,17.59,15.98,10.05,9.54,6.666666666666667,6.166666666666667,0.9166666666666666,Arsenal,12,16,19,14,16.56,16.25,10.39,10.58,7.583333333333333,6.083333333333333,1.1666666666666667
171,21/12/2019,Aston Villa,Southampton,"['1 ', ' 3']",2.4,3.6,2.8,1.61,2.3,Aston Villa,12,19,24,11,18.54,25.49,11.14,7.64,5.333333333333333,11.583333333333334,0.9166666666666666,Southampton,12,13,30,8,17.35,20.37,8.66,9.94,5.666666666666667,7.5,0.6666666666666666
172,21/12/2019,Bournemouth,Burnley,"['0 ', ' 1']",2.4,3.4,2.9,1.9,1.9,Bournemouth,12,11,15,12,13.25,18.42,12.47,10.04,5.333333333333333,8.25,1.0,Burnley,12,16,22,16,19.31,15.78,12.02,9.14,3.9166666666666665,5.666666666666667,1.3333333333333333
173,21/12/2019,Brighton,Sheffield United,"['0 ', ' 1']",2.2,3.25,3.5,2.1,1.72,Brighton,12,16,17,15,17.32,22.16,8.38,16.14,6.75,7.25,1.25,Sheffield United,12,16,10,20,14.32,14.89,11.46,11.31,6.0,5.583333333333333,1.6666666666666667
174,21/12/2019,Newcastle United,Crystal Palace,"['1 ', ' 0']",2.37,3.1,3.25,2.5,1.53,Newcastle United,12,13,16,18,10.5,21.26,23.04,6.17,2.75,9.666666666666666,1.5,Crystal Palace,12,12,13,16,11.22,21.43,15.63,8.45,5.416666666666667,9.25,1.3333333333333333
175,21/12/2019,Norwich,Wolverhampton Wanderers,"['1 ', ' 2']",3.75,3.8,1.9,1.8,2.0,Norwich,12,9,23,6,11.0,23.63,11.1,9.71,6.833333333333333,8.25,0.5,Wolverhampton Wanderers,12,18,11,21,17.5,11.91,11.88,10.1,5.75,6.416666666666667,1.75
176,21/12/2019,Manchester City,Leicester,"['3 ', ' 1']",1.36,5.25,7.5,1.4,3.0,Manchester City,12,31,13,25,33.42,11.15,7.89,23.22,15.5,3.6666666666666665,2.0833333333333335,Leicester,12,34,7,31,23.91,13.44,7.2,13.44,8.916666666666666,6.083333333333333,2.5833333333333335
177,22/12/2019,Watford,Manchester United,"['2 ', ' 0']",4.33,4.0,1.75,1.9,1.9,Watford,12,5,22,7,11.4,21.44,15.61,9.35,4.75,7.166666666666667,0.5833333333333334,Manchester United,12,18,16,17,20.75,13.54,10.37,9.18,5.583333333333333,5.25,1.4166666666666667
178,22/12/2019,Tottenham,Chelsea,"['0 ', ' 2']",2.37,3.75,2.75,1.57,2.37,Tottenham,12,21,18,18,16.07,15.14,10.68,9.15,5.5,6.5,1.5,Chelsea,12,20,14,21,25.22,13.77,9.4,13.5,9.166666666666666,4.583333333333333,1.75
179,26/12/2019,Tottenham,Brighton,"['2 ', ' 1']",1.53,4.33,6.0,1.61,2.3,Tottenham,12,20,18,18,15.01,15.34,11.58,9.15,5.333333333333333,6.583333333333333,1.5,Brighton,12,16,18,14,16.53,22.72,8.53,15.87,7.0,7.0,1.1666666666666667
180,26/12/2019,Aston Villa,Norwich,"['1 ', ' 0']",2.1,3.75,3.3,1.53,2.5,Aston Villa,12,18,24,11,17.75,25.6,11.1,7.82,5.166666666666667,11.0,0.9166666666666666,Norwich,12,10,23,6,11.46,22.89,11.19,9.54,6.416666666666667,7.833333333333333,0.5
181,26/12/2019,Bournemouth,Arsenal,"['1 ', ' 1']",3.5,3.9,1.95,1.57,2.37,Bournemouth,12,8,15,9,12.09,16.39,11.62,10.63,5.666666666666667,7.75,0.75,Arsenal,12,13,17,12,14.91,15.03,10.27,10.7,6.666666666666667,6.083333333333333,1.0
182,26/12/2019,Chelsea,Southampton,"['0 ', ' 2']",1.33,5.25,9.0,1.5,2.62,Chelsea,12,21,12,24,25.48,13.01,9.36,14.08,9.416666666666666,4.75,2.0,Southampton,12,15,28,11,17.81,20.0,9.42,9.44,5.583333333333333,7.833333333333333,0.9166666666666666
183,26/12/2019,Crystal Palace,West Ham,"['2 ', ' 1']",2.3,3.4,3.1,1.9,1.9,Crystal Palace,12,11,13,15,11.22,20.39,15.03,8.49,6.083333333333333,9.333333333333334,1.25,West Ham,11,11,21,8,11.05,21.49,10.38,10.86,7.545454545454546,6.454545454545454,0.7272727272727273
184,26/12/2019,Everton,Burnley,"['1 ', ' 0']",1.7,3.75,5.0,1.9,1.9,Everton,12,15,20,12,16.82,16.35,10.49,9.09,6.583333333333333,6.083333333333333,1.0,Burnley,12,15,22,16,17.06,15.12,11.68,8.61,3.3333333333333335,5.416666666666667,1.3333333333333333
185,26/12/2019,Sheffield United,Watford,"['1 ', ' 1']",1.83,3.6,4.33,2.1,1.72,Sheffield United,12,15,10,20,15.47,14.06,11.9,11.59,5.916666666666667,5.583333333333333,1.6666666666666667,Watford,12,7,14,10,12.65,16.34,13.9,8.79,5.333333333333333,6.75,0.8333333333333334
186,26/12/2019,Manchester United,Newcastle United,"['4 ', ' 1']",1.33,5.25,9.0,1.72,2.1,Manchester United,12,18,16,17,21.0,14.62,9.62,8.81,5.833333333333333,5.583333333333333,1.4166666666666667,Newcastle United,12,14,16,20,10.11,21.03,21.54,6.37,2.9166666666666665,10.333333333333334,1.6666666666666667
187,26/12/2019,Leicester,Liverpool,"['0 ', ' 4']",3.4,3.75,2.05,1.66,2.2,Leicester,12,33,9,28,23.63,15.69,7.98,13.89,8.333333333333334,6.75,2.3333333333333335,Liverpool,11,25,9,31,22.7,10.46,8.56,18.35,11.454545454545455,4.2727272727272725,2.8181818181818183
188,27/12/2019,Wolverhampton Wanderers,Manchester City,"['3 ', ' 2']",8.5,5.0,1.36,1.57,2.37,Wolverhampton Wanderers,12,19,11,23,17.4,12.19,11.6,10.11,5.5,6.25,1.9166666666666667,Manchester City,12,26,14,25,30.38,11.81,7.73,23.02,15.833333333333334,3.5833333333333335,2.0833333333333335
189,28/12/2019,Brighton,Bournemouth,"['2 ', ' 0']",1.75,3.9,4.33,1.9,1.9,Brighton,13,17,20,14,17.62,23.75,8.62,15.33,6.615384615384615,7.0,1.0769230769230769,Bournemouth,13,9,16,10,13.65,17.81,12.31,10.37,5.923076923076923,8.153846153846153,0.7692307692307693
190,28/12/2019,Newcastle United,Everton,"['1 ', ' 2']",3.6,3.4,2.05,2.1,1.72,Newcastle United,13,15,20,20,11.16,23.03,22.71,6.3,3.0,10.0,1.5384615384615385,Everton,13,16,20,15,18.29,16.92,10.2,9.46,6.230769230769231,5.6923076923076925,1.1538461538461537
191,28/12/2019,Southampton,Crystal Palace,"['1 ', ' 1']",1.95,3.6,3.8,2.0,1.8,Southampton,13,17,28,14,18.79,20.86,9.69,8.89,5.3076923076923075,8.0,1.0769230769230769,Crystal Palace,13,13,14,18,13.36,21.18,14.66,8.64,6.538461538461538,9.23076923076923,1.3846153846153846
192,28/12/2019,Watford,Aston Villa,"['3 ', ' 0']",1.95,3.8,3.6,1.72,2.1,Watford,13,8,15,11,13.24,18.38,14.22,9.05,5.384615384615385,6.6923076923076925,0.8461538461538461,Aston Villa,13,19,24,14,18.4,27.05,11.14,7.91,5.076923076923077,10.384615384615385,1.0769230769230769
193,28/12/2019,Norwich,Tottenham,"['2 ', ' 2']",5.0,4.0,1.66,1.57,2.37,Norwich,13,10,24,6,12.91,23.55,11.05,9.67,6.153846153846154,7.538461538461538,0.46153846153846156,Tottenham,13,22,19,21,16.04,16.43,11.45,9.18,5.461538461538462,6.230769230769231,1.6153846153846154
194,28/12/2019,West Ham,Leicester,"['1 ', ' 2']",4.0,3.9,1.83,1.61,2.3,West Ham,12,12,23,8,11.84,23.63,10.33,10.79,7.583333333333333,6.916666666666667,0.6666666666666666,Leicester,13,33,13,28,23.76,19.46,8.65,13.68,7.923076923076923,6.6923076923076925,2.1538461538461537
195,28/12/2019,Burnley,Manchester United,"['0 ', ' 2']",4.33,3.75,1.8,1.9,1.9,Burnley,13,15,23,16,17.62,16.59,11.79,8.38,3.1538461538461537,5.153846153846154,1.2307692307692308,Manchester United,13,22,17,20,23.0,15.67,9.24,9.85,5.846153846153846,5.461538461538462,1.5384615384615385
196,29/12/2019,Arsenal,Chelsea,"['1 ', ' 2']",2.87,3.75,2.3,1.53,2.5,Arsenal,13,14,18,13,16.34,16.58,10.02,11.28,7.153846153846154,6.3076923076923075,1.0,Chelsea,13,21,14,24,26.34,13.99,8.85,13.95,9.461538461538462,4.538461538461538,1.8461538461538463
197,29/12/2019,Liverpool,Wolverhampton Wanderers,"['1 ', ' 0']",1.25,5.75,12.0,1.57,2.37,Liverpool,12,29,9,34,26.47,10.58,8.82,18.52,11.0,4.166666666666667,2.8333333333333335,Wolverhampton Wanderers,13,22,13,26,19.79,13.72,11.69,10.55,5.384615384615385,5.846153846153846,2.0
198,29/12/2019,Manchester City,Sheffield United,"['2 ', ' 0']",1.16,7.5,16.0,1.4,3.0,Manchester City,13,28,17,25,31.9,14.21,8.25,22.13,14.692307692307692,3.6153846153846154,1.9230769230769231,Sheffield United,13,16,11,21,17.52,14.65,11.96,12.19,5.923076923076923,5.615384615384615,1.6153846153846154
199,01/01/2020,Brighton,Chelsea,"['1 ', ' 1']",3.6,3.6,1.95,1.72,2.1,Brighton,13,19,18,17,18.06,19.99,8.36,15.52,7.461538461538462,6.6923076923076925,1.3076923076923077,Chelsea,13,21,15,24,23.57,14.16,8.18,14.05,9.384615384615385,5.076923076923077,1.8461538461538463
200,01/01/2020,Burnley,Aston Villa,"['1 ', ' 2']",1.75,3.8,4.33,1.9,1.9,Burnley,13,13,23,15,16.34,17.79,12.12,8.56,3.230769230769231,5.615384615384615,1.1538461538461537,Aston Villa,13,17,25,13,18.1,28.63,11.75,7.9,5.3076923076923075,10.846153846153847,1.0
201,01/01/2020,Newcastle United,Leicester,"['0 ', ' 3']",5.0,3.8,1.66,1.9,1.9,Newcastle United,13,16,17,20,12.74,24.03,21.2,6.52,3.3846153846153846,9.461538461538462,1.5384615384615385,Leicester,13,30,14,28,24.55,20.19,8.92,12.33,7.538461538461538,7.153846153846154,2.1538461538461537
202,01/01/2020,Southampton,Tottenham,"['1 ', ' 0']",3.3,3.5,2.1,1.66,2.2,Southampton,13,17,27,15,19.11,19.81,9.7,8.76,5.0,7.615384615384615,1.1538461538461537,Tottenham,13,22,20,19,16.67,15.54,10.76,9.48,5.769230769230769,5.923076923076923,1.4615384615384615
203,01/01/2020,Watford,Wolverhampton Wanderers,"['2 ', ' 1']",3.0,3.4,2.3,2.0,1.8,Watford,13,11,13,14,15.43,17.83,13.95,8.53,5.230769230769231,6.769230769230769,1.0769230769230769,Wolverhampton Wanderers,13,20,14,23,18.99,14.14,11.66,10.07,5.230769230769231,6.153846153846154,1.7692307692307692
204,01/01/2020,Manchester City,Everton,"['2 ', ' 1']",1.25,6.5,10.0,1.36,3.2,Manchester City,13,27,16,25,29.88,13.08,8.27,22.38,14.384615384615385,3.3076923076923075,1.9230769230769231,Everton,13,17,18,18,18.76,15.44,9.32,9.79,6.230769230769231,5.153846153846154,1.3846153846153846
205,01/01/2020,Norwich,Crystal Palace,"['1 ', ' 1']",2.5,3.4,2.75,1.9,1.9,Norwich,13,12,24,7,12.47,23.56,10.88,9.47,5.6923076923076925,7.538461538461538,0.5384615384615384,Crystal Palace,13,12,15,16,11.69,21.95,15.15,8.29,5.846153846153846,8.76923076923077,1.2307692307692308
206,01/01/2020,West Ham,Bournemouth,"['4 ', ' 0']",1.9,3.75,3.8,1.66,2.2,West Ham,12,11,23,7,11.33,23.94,10.0,10.46,6.75,6.916666666666667,0.5833333333333334,Bournemouth,13,7,16,9,11.83,17.58,12.68,10.12,5.6923076923076925,7.6923076923076925,0.6923076923076923
207,01/01/2020,Arsenal,Manchester United,"['2 ', ' 0']",2.55,3.6,2.62,1.66,2.2,Arsenal,14,15,20,13,17.12,18.08,10.34,10.83,7.142857142857143,6.428571428571429,0.9285714285714286,Manchester United,14,24,17,23,25.11,16.06,9.19,10.06,6.071428571428571,5.285714285714286,1.6428571428571428
208,02/01/2020,Liverpool,Sheffield United,"['2 ', ' 0']",1.2,6.5,13.0,1.53,2.5,Liverpool,12,29,9,34,25.99,9.77,8.45,18.3,11.25,4.333333333333333,2.8333333333333335,Sheffield United,13,16,12,21,17.58,13.77,12.33,12.16,6.0,5.461538461538462,1.6153846153846154
209,10/01/2020,Sheffield United,West Ham,"['1 ', ' 0']",1.95,3.4,4.0,2.0,1.8,Sheffield United,13,16,14,20,17.86,15.37,14.08,11.74,6.153846153846154,6.538461538461538,1.5384615384615385,West Ham,12,14,21,10,12.42,22.59,10.47,10.24,6.833333333333333,6.666666666666667,0.8333333333333334
210,11/01/2020,Crystal Palace,Arsenal,"['1 ', ' 1']",4.1,3.9,1.8,1.8,2.0,Crystal Palace,13,11,15,14,10.92,22.38,14.12,8.11,5.846153846153846,8.76923076923077,1.0769230769230769,Arsenal,13,15,19,12,16.08,16.97,11.1,11.28,7.0,6.384615384615385,0.9230769230769231
211,11/01/2020,Chelsea,Burnley,"['3 ', ' 0']",1.28,5.5,11.0,1.66,2.2,Chelsea,13,18,15,22,22.99,14.46,8.04,14.14,9.153846153846153,5.461538461538462,1.6923076923076923,Burnley,13,13,25,12,18.13,18.23,11.52,9.38,3.4615384615384617,5.6923076923076925,0.9230769230769231
212,11/01/2020,Everton,Brighton,"['1 ', ' 0']",1.85,3.8,4.0,1.8,2.0,Everton,13,18,19,18,18.3,16.68,10.29,9.32,6.076923076923077,5.384615384615385,1.3846153846153846,Brighton,13,17,19,15,17.03,21.08,8.69,14.68,7.3076923076923075,6.923076923076923,1.1538461538461537
213,11/01/2020,Leicester,Southampton,"['1 ', ' 2']",1.6,4.0,5.5,1.66,2.2,Leicester,13,32,12,31,26.89,17.22,8.31,14.13,8.461538461538462,6.384615384615385,2.3846153846153846,Southampton,13,17,23,18,19.35,18.73,9.21,8.42,4.923076923076923,7.153846153846154,1.3846153846153846
214,11/01/2020,Manchester United,Norwich,"['4 ', ' 0']",1.33,5.25,8.5,1.57,2.37,Manchester United,13,23,17,22,23.72,15.61,9.88,9.7,6.153846153846154,5.6923076923076925,1.6923076923076923,Norwich,13,12,20,8,12.29,21.18,11.37,9.41,5.230769230769231,7.384615384615385,0.6153846153846154
215,11/01/2020,Wolverhampton Wanderers,Newcastle United,"['1 ', ' 1']",1.44,4.5,7.5,2.0,1.8,Wolverhampton Wanderers,13,19,16,20,19.04,13.59,11.01,11.17,5.6923076923076925,5.6923076923076925,1.5384615384615385,Newcastle United,13,15,20,17,12.87,25.5,22.08,6.17,3.4615384615384617,10.307692307692308,1.3076923076923077
216,11/01/2020,Tottenham,Liverpool,"['0 ', ' 1']",4.5,4.33,1.66,1.61,2.3,Tottenham,13,22,18,19,17.27,14.45,10.15,9.28,5.769230769230769,5.3076923076923075,1.4615384615384615,Liverpool,12,29,8,34,25.28,10.31,8.81,20.8,11.583333333333334,4.583333333333333,2.8333333333333335
217,12/01/2020,Bournemouth,Watford,"['0 ', ' 3']",2.6,3.3,2.7,1.9,1.9,Bournemouth,13,7,19,9,11.86,18.66,13.1,11.31,5.461538461538462,7.538461538461538,0.6923076923076923,Watford,13,13,14,16,15.06,18.71,14.02,8.68,5.615384615384615,6.923076923076923,1.2307692307692308
218,12/01/2020,Aston Villa,Manchester City,"['1 ', ' 6']",13.0,8.5,1.16,1.28,3.75,Aston Villa,13,14,25,13,16.17,29.12,12.63,8.05,5.0,10.538461538461538,1.0,Manchester City,13,29,15,28,30.06,12.74,8.78,22.61,14.076923076923077,3.3846153846153846,2.1538461538461537
219,18/01/2020,Watford,Tottenham,"['0 ', ' 0']",3.25,3.5,2.2,1.8,2.0,Watford,14,16,14,19,17.36,19.03,13.81,8.93,5.714285714285714,6.785714285714286,1.3571428571428572,Tottenham,14,22,19,19,18.37,16.2,11.19,9.43,5.642857142857143,6.428571428571429,1.3571428571428572
220,18/01/2020,Arsenal,Sheffield United,"['1 ', ' 1']",1.83,3.6,4.33,2.0,1.8,Arsenal,14,16,20,13,17.52,17.29,10.5,11.07,7.071428571428571,6.285714285714286,0.9285714285714286,Sheffield United,14,17,14,23,19.89,16.28,13.72,11.67,6.0,6.285714285714286,1.6428571428571428
221,18/01/2020,Brighton,Aston Villa,"['1 ', ' 1']",1.66,4.0,5.0,1.66,2.2,Brighton,14,17,20,15,18.57,23.11,9.1,14.08,7.214285714285714,7.142857142857143,1.0714285714285714,Aston Villa,14,15,31,13,17.29,32.88,13.92,8.01,4.714285714285714,11.214285714285714,0.9285714285714286
222,18/01/2020,Manchester City,Crystal Palace,"['2 ', ' 2']",1.1,11.0,19.0,1.3,3.5,Manchester City,14,35,16,31,33.81,13.87,8.68,23.48,14.5,3.2142857142857144,2.2142857142857144,Crystal Palace,14,12,16,15,11.24,23.82,13.46,7.9,5.785714285714286,8.714285714285714,1.0714285714285714
223,18/01/2020,Norwich,Bournemouth,"['1 ', ' 0']",2.2,3.5,3.25,1.8,2.0,Norwich,14,12,24,8,12.56,24.32,11.69,8.88,5.142857142857143,8.071428571428571,0.5714285714285714,Bournemouth,14,7,22,9,12.18,20.96,13.1,11.32,5.428571428571429,7.5,0.6428571428571429
224,18/01/2020,Southampton,Wolverhampton Wanderers,"['2 ', ' 3']",2.4,3.4,3.0,2.0,1.8,Southampton,14,19,24,21,21.75,19.51,9.07,8.54,4.785714285714286,6.785714285714286,1.5,Wolverhampton Wanderers,14,20,17,21,21.08,13.78,10.44,11.57,5.428571428571429,5.428571428571429,1.5
225,18/01/2020,West Ham,Everton,"['1 ', ' 1']",2.9,3.5,2.37,1.8,2.0,West Ham,13,14,22,10,13.33,24.62,10.5,10.21,6.538461538461538,6.461538461538462,0.7692307692307693,Everton,14,19,19,21,20.33,18.21,10.17,9.78,6.357142857142857,5.428571428571429,1.5
226,18/01/2020,Newcastle United,Chelsea,"['1 ', ' 0']",6.0,4.5,1.5,1.72,2.1,Newcastle United,14,16,21,18,13.06,27.55,21.48,6.05,3.357142857142857,9.714285714285714,1.2857142857142858,Chelsea,14,21,15,25,25.87,15.18,8.12,14.61,9.214285714285714,5.142857142857143,1.7857142857142858
227,19/01/2020,Burnley,Leicester,"['2 ', ' 1']",4.33,3.75,1.83,1.9,1.9,Burnley,14,13,28,12,18.84,21.1,12.13,9.4,3.2857142857142856,6.0,0.8571428571428571,Leicester,14,33,14,31,27.67,19.63,8.42,13.46,8.0,6.142857142857143,2.2142857142857144
228,19/01/2020,Liverpool,Manchester United,"['2 ', ' 0']",1.36,5.25,8.0,1.66,2.2,Liverpool,13,30,8,37,27.03,11.41,9.06,21.44,12.307692307692308,4.538461538461538,2.8461538461538463,Manchester United,14,27,17,25,26.85,15.89,9.22,10.02,6.928571428571429,5.571428571428571,1.7857142857142858
229,21/01/2020,Aston Villa,Watford,"['2 ', ' 1']",2.8,3.5,2.45,1.9,1.9,Aston Villa,14,14,31,11,15.35,32.85,13.54,7.85,4.5,11.0,0.7857142857142857,Watford,14,15,13,19,18.9,19.91,13.08,8.95,6.214285714285714,7.0,1.3571428571428572
230,21/01/2020,Bournemouth,Brighton,"['3 ', ' 1']",2.87,3.4,2.45,2.0,1.8,Bournemouth,14,7,23,8,12.07,22.32,13.18,11.21,5.214285714285714,7.571428571428571,0.5714285714285714,Brighton,14,17,19,16,18.54,21.16,8.92,13.73,7.0,6.928571428571429,1.1428571428571428
231,21/01/2020,Crystal Palace,Southampton,"['0 ', ' 2']",2.7,3.25,2.7,2.2,1.66,Crystal Palace,14,14,16,16,11.21,22.27,13.7,7.75,5.571428571428571,8.857142857142858,1.1428571428571428,Southampton,14,20,26,20,21.16,20.8,8.51,8.53,4.571428571428571,6.928571428571429,1.4285714285714286
232,21/01/2020,Everton,Newcastle United,"['2 ', ' 2']",1.55,4.1,6.0,1.9,1.9,Everton,14,18,20,19,20.05,19.44,10.42,9.77,5.857142857142857,5.357142857142857,1.3571428571428572,Newcastle United,14,17,20,21,13.75,27.3,21.44,5.98,3.5,9.642857142857142,1.5
233,21/01/2020,Sheffield United,Manchester City,"['0 ', ' 1']",7.0,5.0,1.4,1.61,2.3,Sheffield United,15,18,15,24,21.07,17.5,13.24,11.51,5.666666666666667,6.266666666666667,1.6,Manchester City,14,35,18,29,32.26,13.84,8.5,24.22,14.642857142857142,3.0,2.0714285714285716
234,21/01/2020,Chelsea,Arsenal,"['2 ', ' 2']",1.72,3.9,4.5,1.72,2.1,Chelsea,14,20,16,22,25.62,15.88,8.01,14.52,9.142857142857142,5.285714285714286,1.5714285714285714,Arsenal,15,17,21,14,18.75,18.48,10.44,10.89,7.0,5.933333333333334,0.9333333333333333
235,22/01/2020,Leicester,West Ham,"['4 ', ' 1']",1.53,4.33,6.0,1.57,2.37,Leicester,14,32,15,28,29.18,19.34,8.56,13.05,8.571428571428571,6.142857142857143,2.0,West Ham,13,15,21,11,14.55,24.34,10.47,10.56,6.461538461538462,5.923076923076923,0.8461538461538461
236,22/01/2020,Tottenham,Norwich,"['2 ', ' 1']",1.4,5.0,7.5,1.53,2.5,Tottenham,14,21,18,19,19.25,17.74,11.26,8.97,5.857142857142857,6.928571428571429,1.3571428571428572,Norwich,14,13,24,10,13.92,24.2,11.56,8.99,5.214285714285714,7.857142857142857,0.7142857142857143
237,22/01/2020,Manchester United,Burnley,"['0 ', ' 2']",1.36,4.75,9.0,1.8,2.0,Manchester United,14,26,18,24,27.48,16.86,8.75,10.48,7.214285714285714,5.928571428571429,1.7142857142857142,Burnley,14,14,27,15,18.56,22.61,11.74,9.54,3.2857142857142856,6.571428571428571,1.0714285714285714
238,23/01/2020,Wolverhampton Wanderers,Liverpool,"['1 ', ' 2']",5.75,3.8,1.61,1.8,2.0,Wolverhampton Wanderers,14,22,18,23,22.37,13.19,10.44,10.84,5.571428571428571,5.214285714285714,1.6428571428571428,Liverpool,13,31,7,39,28.0,12.04,9.64,20.41,12.692307692307692,4.846153846153846,3.0
239,29/01/2020,West Ham,Liverpool,"['0 ', ' 2']",8.5,5.5,1.33,1.57,2.37,West Ham,13,15,24,10,13.38,26.09,10.8,9.86,5.923076923076923,6.769230769230769,0.7692307692307693,Liverpool,13,31,7,39,27.41,12.54,10.35,20.04,11.846153846153847,4.846153846153846,3.0
240,01/02/2020,Leicester,Chelsea,"['2 ', ' 2']",2.5,3.6,2.7,1.72,2.1,Leicester,14,27,16,28,27.71,20.04,9.01,12.96,9.214285714285714,6.214285714285714,2.0,Chelsea,14,18,16,20,28.02,14.21,7.91,14.67,10.214285714285714,4.857142857142857,1.4285714285714286
241,01/02/2020,Bournemouth,Aston Villa,"['2 ', ' 1']",2.1,3.6,3.3,1.8,2.0,Bournemouth,14,10,24,10,13.09,23.62,13.21,10.72,5.428571428571429,7.5,0.7142857142857143,Aston Villa,14,16,29,14,15.43,31.48,12.51,7.97,4.714285714285714,9.785714285714286,1.0
242,01/02/2020,Crystal Palace,Sheffield United,"['0 ', ' 1']",3.1,3.1,2.5,2.62,1.5,Crystal Palace,14,12,16,15,10.1,21.86,12.72,7.43,6.142857142857143,8.857142857142858,1.0714285714285714,Sheffield United,14,16,15,20,19.79,17.09,13.76,11.91,5.571428571428571,6.285714285714286,1.4285714285714286
243,01/02/2020,Liverpool,Southampton,"['4 ', ' 0']",1.25,6.0,12.0,1.53,2.5,Liverpool,14,33,7,42,30.01,13.42,10.09,21.05,11.785714285714286,4.642857142857143,3.0,Southampton,14,22,17,23,21.84,17.1,7.65,9.16,5.071428571428571,6.928571428571429,1.6428571428571428
244,01/02/2020,Newcastle United,Norwich,"['0 ', ' 0']",2.2,3.4,3.3,2.0,1.8,Newcastle United,14,18,21,21,13.72,27.42,20.16,6.14,3.4285714285714284,9.571428571428571,1.5,Norwich,14,13,23,10,14.45,21.91,12.02,8.96,5.571428571428571,7.928571428571429,0.7142857142857143
245,01/02/2020,Watford,Everton,"['2 ', ' 3']",2.75,3.3,2.62,2.0,1.8,Watford,14,16,15,18,20.04,20.07,12.69,8.68,5.928571428571429,7.214285714285714,1.2857142857142858,Everton,14,18,19,20,21.06,18.86,10.41,10.33,5.714285714285714,5.214285714285714,1.4285714285714286
246,01/02/2020,West Ham,Brighton,"['3 ', ' 3']",2.6,3.3,2.75,1.9,1.9,West Ham,14,15,26,10,14.26,28.69,11.9,9.64,5.642857142857143,7.071428571428571,0.7142857142857143,Brighton,14,15,20,13,19.36,22.04,8.81,13.65,7.0,6.857142857142857,0.9285714285714286
247,01/02/2020,Manchester United,Wolverhampton Wanderers,"['0 ', ' 0']",2.25,3.25,3.4,2.2,1.66,Manchester United,14,23,19,21,24.38,16.69,8.76,10.86,7.571428571428571,5.714285714285714,1.5,Wolverhampton Wanderers,14,22,19,22,22.3,14.17,11.11,10.29,5.428571428571429,5.142857142857143,1.5714285714285714
248,02/02/2020,Burnley,Arsenal,"['0 ', ' 0']",3.6,3.6,2.0,1.9,1.9,Burnley,14,14,23,18,17.04,23.04,11.59,9.52,2.9285714285714284,6.928571428571429,1.2857142857142858,Arsenal,14,17,20,14,16.83,19.19,11.41,10.26,6.5,7.357142857142857,1.0
249,02/02/2020,Tottenham,Manchester City,"['2 ', ' 0']",5.5,4.6,1.53,1.5,2.62,Tottenham,14,22,17,22,20.12,16.98,10.38,9.48,6.071428571428571,6.785714285714286,1.5714285714285714,Manchester City,14,33,18,29,31.94,13.63,8.54,24.0,14.142857142857142,3.2142857142857144,2.0714285714285716
250,08/02/2020,Everton,Crystal Palace,"['3 ', ' 1']",1.61,3.8,6.0,2.1,1.72,Everton,14,20,20,22,22.6,19.53,10.23,10.24,5.5,5.285714285714286,1.5714285714285714,Crystal Palace,14,12,15,15,10.63,21.74,12.36,7.72,6.214285714285714,8.785714285714286,1.0714285714285714
251,08/02/2020,Brighton,Watford,"['1 ', ' 1']",2.1,3.4,3.6,2.0,1.8,Brighton,14,16,23,11,18.74,22.89,8.8,13.81,6.571428571428571,6.857142857142857,0.7857142857142857,Watford,14,17,16,18,19.48,20.59,11.86,8.47,5.642857142857143,7.0,1.2857142857142858
252,09/02/2020,Sheffield United,Bournemouth,"['2 ', ' 1']",1.66,3.6,5.75,2.3,1.61,Sheffield United,14,14,15,20,18.07,17.34,13.3,12.18,5.428571428571429,6.5,1.4285714285714286,Bournemouth,14,11,25,10,13.94,24.38,13.44,10.72,5.785714285714286,7.714285714285714,0.7142857142857143
253,14/02/2020,Wolverhampton Wanderers,Leicester,"['0 ', ' 0']",2.5,3.3,2.87,2.0,1.8,Wolverhampton Wanderers,13,19,17,19,20.23,13.86,11.38,10.22,5.076923076923077,5.384615384615385,1.4615384615384615,Leicester,13,25,18,23,27.02,19.45,9.25,12.64,8.846153846153847,6.153846153846154,1.7692307692307692
254,15/02/2020,Southampton,Burnley,"['1 ', ' 2']",1.75,3.8,4.75,1.9,1.9,Southampton,13,20,17,23,20.92,15.36,7.54,9.86,5.769230769230769,5.230769230769231,1.7692307692307692,Burnley,13,11,20,16,16.15,21.46,11.97,9.16,2.8461538461538463,6.923076923076923,1.2307692307692308
255,15/02/2020,Norwich,Liverpool,"['0 ', ' 1']",11.0,6.25,1.25,1.53,2.5,Norwich,13,13,19,11,15.77,18.83,11.67,8.87,5.461538461538462,7.3076923076923075,0.8461538461538461,Liverpool,13,32,5,39,30.01,11.91,9.72,21.05,11.615384615384615,4.6923076923076925,3.0
256,16/02/2020,Aston Villa,Tottenham,"['2 ', ' 3']",4.0,3.8,1.85,1.72,2.1,Aston Villa,13,15,27,14,15.63,29.71,12.51,8.49,5.461538461538462,9.307692307692308,1.0769230769230769,Tottenham,13,22,15,23,18.79,18.15,11.06,9.05,6.615384615384615,7.846153846153846,1.7692307692307692
257,16/02/2020,Arsenal,Newcastle United,"['4 ', ' 0']",1.4,4.75,8.0,1.72,2.1,Arsenal,13,16,17,14,16.32,18.55,10.6,10.41,5.846153846153846,6.6923076923076925,1.0769230769230769,Newcastle United,13,13,18,16,10.39,26.36,19.79,6.31,3.076923076923077,8.923076923076923,1.2307692307692308
258,17/02/2020,Chelsea,Manchester United,"['0 ', ' 2']",1.85,3.5,4.5,1.9,1.9,Chelsea,13,16,17,15,23.36,13.91,8.11,13.57,10.153846153846153,4.923076923076923,1.1538461538461537,Manchester United,13,20,17,19,21.28,15.23,8.36,11.54,7.6923076923076925,6.076923076923077,1.4615384615384615
259,19/02/2020,Manchester City,West Ham,"['2 ', ' 0']",1.12,9.5,17.0,1.22,4.33,Manchester City,13,30,16,26,30.35,11.83,8.65,24.38,13.76923076923077,3.3076923076923075,2.0,West Ham,13,16,23,11,13.55,26.37,13.27,9.1,4.769230769230769,7.538461538461538,0.8461538461538461
260,22/02/2020,Chelsea,Tottenham,"['2 ', ' 1']",1.72,4.0,4.5,1.8,2.0,Chelsea,14,16,19,15,24.3,14.6,8.17,13.53,10.214285714285714,4.714285714285714,1.0714285714285714,Tottenham,14,25,17,26,22.65,19.86,10.85,9.08,6.785714285714286,7.857142857142857,1.8571428571428572
261,22/02/2020,Burnley,Bournemouth,"['3 ', ' 0']",2.1,3.3,3.7,2.2,1.66,Burnley,14,13,21,19,17.05,22.15,11.81,9.04,2.7857142857142856,6.857142857142857,1.3571428571428572,Bournemouth,14,11,25,10,13.1,24.1,13.54,10.18,5.642857142857143,8.071428571428571,0.7142857142857143
262,22/02/2020,Crystal Palace,Newcastle United,"['1 ', ' 0']",1.95,3.4,4.2,2.5,1.53,Crystal Palace,14,13,16,15,11.02,21.24,11.85,7.74,6.571428571428571,8.142857142857142,1.0714285714285714,Newcastle United,14,13,22,16,11.56,29.38,19.78,6.26,3.142857142857143,9.428571428571429,1.1428571428571428
263,22/02/2020,Sheffield United,Brighton,"['1 ', ' 1']",1.95,3.4,4.2,2.2,1.66,Sheffield United,14,15,15,22,19.19,16.9,13.23,12.2,5.714285714285714,6.785714285714286,1.5714285714285714,Brighton,14,16,21,12,18.37,19.52,9.07,14.08,6.928571428571429,6.428571428571429,0.8571428571428571
264,22/02/2020,Southampton,Aston Villa,"['2 ', ' 0']",1.61,4.33,5.0,1.57,2.37,Southampton,14,21,19,23,21.61,16.26,7.54,9.86,5.785714285714286,5.0,1.6428571428571428,Aston Villa,14,17,30,14,17.34,33.57,12.28,8.51,5.642857142857143,9.285714285714286,1.0
265,22/02/2020,Leicester,Manchester City,"['0 ', ' 1']",4.5,4.2,1.7,1.53,2.5,Leicester,14,25,18,24,27.55,20.59,9.0,12.79,8.428571428571429,6.142857142857143,1.7142857142857142,Manchester City,14,32,16,29,32.49,11.92,8.72,24.49,13.714285714285714,3.142857142857143,2.0714285714285716
266,23/02/2020,Manchester United,Watford,"['3 ', ' 0']",1.6,3.9,6.0,1.9,1.9,Manchester United,14,22,17,22,21.96,16.17,8.75,11.37,7.285714285714286,6.428571428571429,1.5714285714285714,Watford,14,16,17,16,18.4,20.73,11.85,8.43,5.642857142857143,6.714285714285714,1.1428571428571428
267,23/02/2020,Wolverhampton Wanderers,Norwich,"['3 ', ' 0']",1.5,4.2,7.0,1.9,1.9,Wolverhampton Wanderers,14,19,17,20,21.37,14.39,11.61,9.94,5.142857142857143,5.214285714285714,1.4285714285714286,Norwich,14,13,20,11,16.16,20.91,12.58,8.82,5.285714285714286,7.714285714285714,0.7857142857142857
268,23/02/2020,Arsenal,Everton,"['3 ', ' 2']",2.0,3.6,3.7,1.72,2.1,Arsenal,14,20,17,17,19.35,19.72,10.13,10.83,6.571428571428571,6.5,1.2142857142857142,Everton,14,21,20,22,23.3,19.66,10.37,10.08,5.214285714285714,5.785714285714286,1.5714285714285714
269,24/02/2020,Liverpool,West Ham,"['3 ', ' 2']",1.16,8.0,15.0,1.36,3.2,Liverpool,14,33,5,42,32.08,12.3,9.58,21.73,11.714285714285714,4.571428571428571,3.0,West Ham,14,16,25,11,13.64,28.51,13.89,9.15,4.5,7.928571428571429,0.7857142857142857
270,28/02/2020,Norwich,Leicester,"['1 ', ' 0']",4.33,4.1,1.72,1.72,2.1,Norwich,14,11,23,8,14.71,23.34,12.72,9.14,5.357142857142857,6.857142857142857,0.5714285714285714,Leicester,14,23,19,21,24.76,22.24,9.2,12.04,8.0,6.428571428571429,1.5
271,29/02/2020,Brighton,Crystal Palace,"['0 ', ' 1']",2.05,3.25,3.9,2.3,1.61,Brighton,14,17,20,13,18.64,17.67,9.04,13.31,6.5,6.285714285714286,0.9285714285714286,Crystal Palace,14,13,14,18,11.75,19.76,10.72,7.73,6.571428571428571,7.5,1.2857142857142858
272,29/02/2020,Bournemouth,Chelsea,"['2 ', ' 2']",4.75,3.8,1.72,1.8,2.0,Bournemouth,14,10,26,10,14.0,25.92,13.41,10.0,5.785714285714286,7.928571428571429,0.7142857142857143,Chelsea,14,17,18,18,25.26,13.63,7.57,13.09,10.142857142857142,3.7857142857142856,1.2857142857142858
273,29/02/2020,Newcastle United,Burnley,"['0 ', ' 0']",2.62,3.1,2.9,2.3,1.61,Newcastle United,14,13,21,16,11.03,28.44,19.04,6.27,3.0714285714285716,9.0,1.1428571428571428,Burnley,14,13,21,19,17.48,23.01,11.76,9.38,3.0,6.857142857142857,1.3571428571428572
274,29/02/2020,West Ham,Southampton,"['3 ', ' 1']",2.65,3.6,2.5,1.72,2.1,West Ham,14,16,25,11,13.62,28.78,14.68,8.46,4.285714285714286,8.714285714285714,0.7857142857142857,Southampton,14,21,17,25,22.04,15.12,7.55,9.84,5.571428571428571,5.071428571428571,1.7857142857142858
275,29/02/2020,Watford,Liverpool,"['3 ', ' 0']",8.0,4.75,1.4,1.66,2.2,Watford,14,16,17,16,17.8,20.57,11.88,8.31,5.5,7.142857142857143,1.1428571428571428,Liverpool,14,34,6,42,32.92,11.91,8.88,22.21,11.928571428571429,4.214285714285714,3.0
276,01/03/2020,Everton,Manchester United,"['1 ', ' 1']",2.5,3.25,2.9,1.9,1.9,Everton,14,23,21,22,25.15,19.18,10.68,10.47,4.214285714285714,5.857142857142857,1.5714285714285714,Manchester United,14,22,14,24,23.13,14.9,8.79,11.21,7.428571428571429,6.428571428571429,1.7142857142857142
277,01/03/2020,Tottenham,Wolverhampton Wanderers,"['2 ', ' 3']",2.45,3.2,3.0,2.2,1.66,Tottenham,14,23,17,23,20.71,20.98,10.99,8.77,6.642857142857143,7.785714285714286,1.6428571428571428,Wolverhampton Wanderers,14,20,16,20,23.35,13.9,11.37,9.66,4.857142857142857,5.357142857142857,1.4285714285714286
278,07/03/2020,Liverpool,Bournemouth,"['2 ', ' 1']",1.22,6.5,13.0,1.44,2.75,Liverpool,13,27,6,36,29.34,11.99,8.45,25.7,12.153846153846153,4.3076923076923075,2.769230769230769,Bournemouth,13,10,24,11,14.22,24.59,15.13,9.15,5.3076923076923075,8.461538461538462,0.8461538461538461
279,07/03/2020,Arsenal,West Ham,"['1 ', ' 0']",1.57,4.4,5.5,1.57,2.37,Arsenal,12,18,13,18,16.15,17.43,10.77,10.89,6.5,6.333333333333333,1.5,West Ham,13,18,24,11,14.78,25.1,15.52,7.92,4.461538461538462,9.076923076923077,0.8461538461538461
280,07/03/2020,Crystal Palace,Watford,"['1 ', ' 0']",2.55,3.2,2.9,2.3,1.61,Crystal Palace,13,11,14,15,12.6,19.36,10.91,7.7,6.538461538461538,7.538461538461538,1.1538461538461537,Watford,13,18,13,19,19.8,16.53,12.35,8.6,5.6923076923076925,7.3076923076923075,1.4615384615384615
281,07/03/2020,Sheffield United,Norwich,"['1 ', ' 0']",1.65,3.75,5.75,2.1,1.72,Sheffield United,12,12,10,21,16.73,14.82,14.27,11.83,5.25,7.0,1.75,Norwich,13,9,19,10,13.59,20.81,11.63,9.11,5.769230769230769,6.6923076923076925,0.7692307692307693
282,07/03/2020,Southampton,Newcastle United,"['0 ', ' 1']",1.61,4.1,5.25,1.8,2.0,Southampton,13,18,18,19,18.94,16.51,7.2,9.67,5.230769230769231,5.230769230769231,1.4615384615384615,Newcastle United,13,9,19,13,11.4,25.52,16.14,6.53,3.3076923076923075,7.846153846153846,1.0
283,07/03/2020,Wolverhampton Wanderers,Brighton,"['0 ', ' 0']",1.61,3.9,5.75,2.0,1.8,Wolverhampton Wanderers,13,20,17,19,22.87,13.55,11.99,9.65,4.6923076923076925,5.230769230769231,1.4615384615384615,Brighton,13,14,18,10,18.03,17.51,8.52,13.38,7.076923076923077,5.846153846153846,0.7692307692307693
284,07/03/2020,Burnley,Tottenham,"['1 ', ' 1']",2.7,3.3,2.62,2.1,1.72,Burnley,13,12,15,20,15.76,20.63,11.15,9.26,2.6923076923076925,6.3076923076923075,1.5384615384615385,Tottenham,13,21,16,20,18.86,21.1,11.07,9.26,6.6923076923076925,8.0,1.5384615384615385
285,08/03/2020,Chelsea,Everton,"['4 ', ' 0']",1.8,3.9,4.2,1.72,2.1,Chelsea,13,17,18,16,22.53,13.23,7.32,13.57,10.461538461538462,4.0,1.2307692307692308,Everton,13,21,15,23,24.55,15.65,10.23,10.86,4.384615384615385,5.384615384615385,1.7692307692307692
286,08/03/2020,Manchester United,Manchester City,"['2 ', ' 0']",5.0,4.33,1.6,1.66,2.2,Manchester United,13,19,12,21,20.93,15.47,9.16,11.17,7.461538461538462,6.923076923076923,1.6153846153846154,Manchester City,12,25,12,25,28.68,11.13,8.07,24.18,13.75,3.0,2.0833333333333335
287,09/03/2020,Leicester,Aston Villa,"['4 ', ' 0']",1.36,5.25,8.0,1.53,2.5,Leicester,13,19,19,15,21.66,21.38,9.49,11.2,8.0,6.923076923076923,1.1538461538461537,Aston Villa,12,12,28,10,12.96,32.08,11.88,8.23,5.333333333333333,8.916666666666666,0.8333333333333334
288,17/06/2020,Aston Villa,Sheffield United,"['0 ', ' 0']",3.2,3.4,2.25,2.1,1.72,Aston Villa,0,0,0,0,0.0,0.0,0.0,0.0,0.0,0.0,0.0,Sheffield United,0,0,0,0,0.0,0.0,0.0,0.0,0.0,0.0,0.0
289,17/06/2020,Manchester City,Arsenal,"['3 ', ' 0']",1.36,5.25,7.5,1.36,3.2,Manchester City,0,0,0,0,0.0,0.0,0.0,0.0,0.0,0.0,0.0,Arsenal,0,0,0,0,0.0,0.0,0.0,0.0,0.0,0.0,0.0
290,19/06/2020,Norwich,Southampton,"['0 ', ' 3']",2.8,3.5,2.45,1.9,1.9,Norwich,0,0,0,0,0.0,0.0,0.0,0.0,0.0,0.0,0.0,Southampton,0,0,0,0,0.0,0.0,0.0,0.0,0.0,0.0,0.0
291,19/06/2020,Tottenham,Manchester United,"['1 ', ' 1']",3.0,3.4,2.37,1.9,1.9,Tottenham,0,0,0,0,0.0,0.0,0.0,0.0,0.0,0.0,0.0,Manchester United,0,0,0,0,0.0,0.0,0.0,0.0,0.0,0.0,0.0
292,20/06/2020,Watford,Leicester,"['1 ', ' 1']",3.6,3.5,2.05,1.9,1.9,Watford,0,0,0,0,0.0,0.0,0.0,0.0,0.0,0.0,0.0,Leicester,0,0,0,0,0.0,0.0,0.0,0.0,0.0,0.0,0.0
293,20/06/2020,Brighton,Arsenal,"['2 ', ' 1']",3.1,3.25,2.37,1.9,1.9,Brighton,0,0,0,0,0.0,0.0,0.0,0.0,0.0,0.0,0.0,Arsenal,1,0,3,0,0.5,2.74,26.53,9.48,0.0,0.0,0.0
294,20/06/2020,West Ham,Wolverhampton Wanderers,"['0 ', ' 2']",3.6,3.4,2.1,2.0,1.8,West Ham,0,0,0,0,0.0,0.0,0.0,0.0,0.0,0.0,0.0,Wolverhampton Wanderers,0,0,0,0,0.0,0.0,0.0,0.0,0.0,0.0,0.0
295,20/06/2020,Bournemouth,Crystal Palace,"['0 ', ' 2']",2.45,3.2,3.0,2.1,1.72,Bournemouth,0,0,0,0,0.0,0.0,0.0,0.0,0.0,0.0,0.0,Crystal Palace,0,0,0,0,0.0,0.0,0.0,0.0,0.0,0.0,0.0
296,21/06/2020,Newcastle United,Sheffield United,"['3 ', ' 0']",3.3,3.1,2.37,2.5,1.53,Newcastle United,0,0,0,0,0.0,0.0,0.0,0.0,0.0,0.0,0.0,Sheffield United,1,0,0,1,0.24,1.01,7.93,16.21,0.0,0.0,0.0
297,21/06/2020,Aston Villa,Chelsea,"['1 ', ' 2']",6.0,4.5,1.5,1.57,2.37,Aston Villa,1,0,0,1,1.01,0.24,16.21,7.93,0.0,0.0,0.0,Chelsea,0,0,0,0,0.0,0.0,0.0,0.0,0.0,0.0,0.0
298,21/06/2020,Everton,Liverpool,"['0 ', ' 0']",6.0,4.2,1.55,1.66,2.2,Everton,0,0,0,0,0.0,0.0,0.0,0.0,0.0,0.0,0.0,Liverpool,0,0,0,0,0.0,0.0,0.0,0.0,0.0,0.0,0.0
299,22/06/2020,Manchester City,Burnley,"['5 ', ' 0']",1.12,9.0,15.0,1.33,3.4,Manchester City,1,3,0,3,2.74,0.5,9.48,26.53,13.0,1.0,3.0,Burnley,0,0,0,0,0.0,0.0,0.0,0.0,0.0,0.0,0.0
300,23/06/2020,Leicester,Brighton,"['0 ', ' 0']",1.6,4.0,5.75,1.9,1.9,Leicester,1,1,1,1,1.05,1.01,3.8,13.38,3.0,5.0,1.0,Brighton,1,2,1,3,0.67,0.7,17.17,9.56,7.0,4.0,3.0
301,23/06/2020,Tottenham,West Ham,"['2 ', ' 0']",1.66,4.0,5.0,1.8,2.0,Tottenham,1,1,1,1,0.53,1.77,16.05,5.55,1.0,7.0,1.0,West Ham,1,0,2,0,0.44,1.06,17.24,16.08,1.0,8.0,0.0
302,24/06/2020,Manchester United,Sheffield United,"['3 ', ' 0']",1.4,4.5,8.5,2.0,1.8,Manchester United,1,1,1,1,1.77,0.53,5.55,16.05,7.0,1.0,1.0,Sheffield United,2,0,3,1,0.81,3.16,11.0,21.0,3.0,4.5,0.5
303,24/06/2020,Newcastle United,Aston Villa,"['1 ', ' 1']",2.3,3.3,3.2,2.1,1.72,Newcastle United,1,3,0,3,2.15,0.57,27.7,15.61,4.0,4.0,3.0,Aston Villa,2,1,2,1,2.58,1.38,19.41,7.26,2.5,6.0,0.5
304,24/06/2020,Norwich,Everton,"['0 ', ' 1']",3.9,3.6,1.9,1.8,2.0,Norwich,1,0,3,0,0.65,1.87,7.93,5.61,2.0,8.0,0.0,Everton,1,0,0,1,0.62,0.66,18.47,3.97,1.0,10.0,1.0
305,24/06/2020,Wolverhampton Wanderers,Bournemouth,"['1 ', ' 0']",1.55,4.0,6.0,2.1,1.72,Wolverhampton Wanderers,1,2,0,3,1.06,0.44,16.08,17.24,8.0,1.0,3.0,Bournemouth,1,0,2,0,0.36,0.79,9.0,9.79,6.0,4.0,0.0
306,24/06/2020,Liverpool,Crystal Palace,"['4 ', ' 0']",1.22,6.5,13.0,1.66,2.2,Liverpool,1,0,0,1,0.66,0.62,3.97,18.47,10.0,1.0,1.0,Crystal Palace,1,2,0,3,0.79,0.36,9.79,9.0,4.0,6.0,3.0
307,25/06/2020,Burnley,Watford,"['1 ', ' 0']",3.0,3.25,2.45,2.2,1.66,Burnley,1,0,5,0,0.03,2.71,45.82,12.5,0.0,13.0,0.0,Watford,1,1,1,1,1.01,1.05,13.38,3.8,5.0,3.0,1.0
308,25/06/2020,Southampton,Arsenal,"['0 ', ' 2']",2.6,3.5,2.62,1.8,2.0,Southampton,1,3,0,3,1.87,0.65,5.61,7.93,8.0,2.0,3.0,Arsenal,2,1,5,0,1.19,3.41,17.77,12.7,2.5,10.0,0.0
309,25/06/2020,Chelsea,Manchester City,"['2 ', ' 1']",4.0,4.0,1.8,1.61,2.3,Chelsea,1,2,1,3,1.14,1.57,6.12,22.4,10.0,0.0,3.0,Manchester City,2,8,0,6,5.45,0.53,10.66,34.69,13.0,0.5,3.0
310,27/06/2020,Aston Villa,Wolverhampton Wanderers,"['0 ', ' 1']",4.6,3.7,1.75,2.1,1.72,Aston Villa,3,2,3,2,3.81,2.04,15.21,7.88,4.333333333333333,5.0,0.6666666666666666,Wolverhampton Wanderers,2,3,0,6,1.78,0.5,13.79,15.91,4.5,1.0,3.0
311,28/06/2020,Watford,Southampton,"['1 ', ' 3']",2.5,3.3,2.87,2.0,1.8,Watford,2,1,2,1,1.5,2.02,11.88,5.18,4.0,4.0,0.5,Southampton,2,3,2,3,2.61,2.84,6.64,8.64,7.0,4.0,1.5
312,29/06/2020,Crystal Palace,Burnley,"['0 ', ' 1']",2.25,3.2,3.4,2.5,1.53,Crystal Palace,2,2,4,3,0.85,2.93,23.67,6.47,2.0,10.0,1.5,Burnley,2,1,5,3,1.0,3.21,21.55,11.28,2.5,8.0,1.5
313,30/06/2020,Brighton,Manchester United,"['0 ', ' 3']",6.0,3.8,1.61,2.1,1.72,Brighton,2,2,1,4,1.77,1.2,15.9,8.47,4.0,6.0,2.0,Manchester United,2,4,1,4,4.61,0.64,7.66,20.25,9.0,1.5,2.0
314,01/07/2020,Arsenal,Norwich,"['4 ', ' 0']",1.44,4.75,7.0,1.72,2.1,Arsenal,3,3,5,3,3.38,4.15,13.98,10.71,3.6666666666666665,8.666666666666666,1.0,Norwich,2,0,4,0,1.04,2.53,11.59,7.57,2.0,4.5,0.0
315,01/07/2020,Bournemouth,Newcastle United,"['1 ', ' 4']",2.4,3.1,3.2,2.37,1.57,Bournemouth,2,0,3,0,0.43,1.5,11.83,10.7,3.5,2.5,0.0,Newcastle United,2,4,1,4,2.81,1.8,16.22,12.41,3.5,6.0,2.0
316,01/07/2020,Everton,Leicester,"['2 ', ' 1']",2.5,3.3,2.9,2.1,1.72,Everton,2,1,0,4,1.28,1.04,13.8,7.95,1.0,6.0,2.0,Leicester,2,1,1,2,1.56,2.11,5.55,14.18,5.5,3.0,1.0
317,01/07/2020,West Ham,Chelsea,"['3 ', ' 2']",5.5,4.33,1.57,1.72,2.1,West Ham,2,0,4,0,1.27,3.31,17.13,13.69,2.0,8.0,0.0,Chelsea,2,4,2,6,5.35,2.26,16.86,22.54,8.5,5.0,3.0
318,02/07/2020,Sheffield United,Tottenham,"['3 ', ' 1']",4.2,3.4,1.95,2.2,1.66,Sheffield United,3,0,6,1,0.92,6.0,14.82,17.92,2.6666666666666665,6.666666666666667,0.3333333333333333,Tottenham,2,3,1,4,2.78,2.6,14.18,10.15,4.5,5.0,2.0
319,02/07/2020,Manchester City,Liverpool,"['4 ', ' 0']",2.05,3.9,3.3,1.57,2.37,Manchester City,3,9,2,6,6.14,4.73,13.21,33.15,12.0,2.6666666666666665,2.0,Liverpool,2,4,0,4,3.23,0.69,4.58,34.3,12.0,0.5,2.0
320,04/07/2020,Norwich,Brighton,"['0 ', ' 1']",3.3,3.4,2.2,2.1,1.72,Norwich,3,0,8,0,1.19,4.29,14.06,8.62,2.0,5.0,0.0,Brighton,3,2,4,4,2.08,2.41,16.82,10.44,3.0,7.0,1.3333333333333333
321,04/07/2020,Leicester,Crystal Palace,"['3 ', ' 0']",1.66,3.6,5.75,2.2,1.66,Leicester,3,2,3,2,3.36,3.29,5.67,14.66,7.333333333333333,3.3333333333333335,0.6666666666666666,Crystal Palace,3,2,5,3,1.92,3.29,17.27,8.14,5.333333333333333,7.666666666666667,1.0
322,04/07/2020,Manchester United,Bournemouth,"['5 ', ' 2']",1.16,7.5,17.0,1.53,2.5,Manchester United,3,7,1,7,5.82,0.95,9.39,19.75,9.0,1.3333333333333333,2.3333333333333335,Bournemouth,3,1,7,0,1.7,3.74,11.27,12.84,5.666666666666667,4.666666666666667,0.0
323,04/07/2020,Wolverhampton Wanderers,Arsenal,"['0 ', ' 2']",2.25,3.4,3.25,2.1,1.72,Wolverhampton Wanderers,3,4,0,9,2.48,0.91,14.79,13.07,4.666666666666667,1.6666666666666667,3.0,Arsenal,4,7,5,6,5.14,4.3,13.27,12.26,4.25,7.0,1.5
324,04/07/2020,Chelsea,Watford,"['3 ', ' 0']",1.4,4.75,8.0,1.72,2.1,Chelsea,3,6,5,6,6.92,4.37,12.75,21.93,8.333333333333334,5.666666666666667,2.0,Watford,3,2,5,1,1.87,3.35,10.84,6.63,4.666666666666667,4.333333333333333,0.3333333333333333
325,05/07/2020,Burnley,Sheffield United,"['1 ', ' 1']",2.9,3.0,2.7,2.62,1.5,Burnley,3,2,5,6,1.36,4.27,18.3,10.24,2.6666666666666665,9.333333333333334,2.0,Sheffield United,4,3,7,4,2.52,7.02,15.21,13.27,4.25,7.0,1.0
326,05/07/2020,Newcastle United,West Ham,"['2 ', ' 2']",2.6,3.3,2.75,2.0,1.8,Newcastle United,3,8,2,7,5.05,3.08,16.86,11.69,5.333333333333333,7.333333333333333,2.3333333333333335,West Ham,3,3,6,3,3.38,4.88,18.3,10.64,3.6666666666666665,8.0,1.0
327,05/07/2020,Liverpool,Aston Villa,"['2 ', ' 0']",1.33,5.5,8.5,1.5,2.62,Liverpool,3,4,4,4,4.05,3.34,7.22,33.29,11.666666666666666,2.6666666666666665,1.3333333333333333,Aston Villa,4,2,4,2,4.21,2.74,13.23,9.57,4.0,5.0,0.5
328,05/07/2020,Southampton,Manchester City,"['1 ', ' 0']",8.5,6.0,1.3,1.53,2.5,Southampton,3,6,3,6,3.95,3.21,7.26,8.77,6.333333333333333,4.666666666666667,2.0,Manchester City,4,13,2,9,8.79,5.55,16.35,26.79,10.75,4.75,2.25
329,06/07/2020,Tottenham,Everton,"['1 ', ' 0']",2.1,3.5,3.4,1.9,1.9,Tottenham,3,4,4,4,3.79,4.2,10.6,11.91,5.666666666666667,6.333333333333333,1.3333333333333333,Everton,3,3,1,7,2.45,2.85,14.44,7.3,2.0,7.666666666666667,2.3333333333333335
330,07/07/2020,Crystal Palace,Chelsea,"['2 ', ' 3']",8.5,4.5,1.4,1.86,2.04,Crystal Palace,4,2,8,3,2.43,5.5,16.85,8.22,4.5,7.25,0.75,Chelsea,4,9,5,9,9.71,4.98,12.36,22.87,8.5,5.0,2.25
331,07/07/2020,Watford,Norwich,"['2 ', ' 1']",1.7,3.75,5.0,2.0,1.8,Watford,4,2,8,1,2.48,6.14,13.86,7.6,4.25,5.5,0.25,Norwich,4,0,9,0,1.74,5.19,14.52,10.59,3.75,5.75,0.0
332,07/07/2020,Arsenal,Leicester,"['1 ', ' 1']",2.3,3.5,3.0,1.9,1.9,Arsenal,5,9,5,9,6.43,5.29,13.06,14.16,3.6,7.2,1.8,Leicester,4,5,3,5,5.57,3.79,6.59,14.89,7.0,3.0,1.25
333,08/07/2020,Manchester City,Newcastle United,"['5 ', ' 0']",1.12,9.0,21.0,1.36,3.2,Manchester City,5,13,3,9,12.19,6.18,13.96,23.15,13.2,4.2,1.8,Newcastle United,4,10,4,8,6.54,5.11,16.89,12.04,7.25,6.5,2.0
334,08/07/2020,Sheffield United,Wolverhampton Wanderers,"['1 ', ' 0']",3.8,3.2,2.1,2.75,1.44,Sheffield United,5,4,8,5,4.15,8.34,15.0,12.2,4.8,6.4,1.0,Wolverhampton Wanderers,4,4,2,9,3.47,2.19,17.77,12.87,5.5,1.5,2.25
335,08/07/2020,West Ham,Burnley,"['0 ', ' 1']",2.0,3.4,3.9,2.0,1.8,West Ham,4,5,8,4,5.41,6.37,16.65,11.89,3.75,9.25,1.0,Burnley,4,3,6,7,2.67,5.91,15.47,10.97,3.0,8.75,1.75
336,08/07/2020,Brighton,Liverpool,"['1 ', ' 3']",6.0,4.33,1.53,1.72,2.1,Brighton,4,3,4,7,2.99,2.96,17.45,11.81,4.25,7.5,1.75,Liverpool,4,6,4,7,5.13,4.03,6.38,29.14,11.5,3.0,1.75
337,09/07/2020,Bournemouth,Tottenham,"['0 ', ' 0']",5.25,3.8,1.66,1.72,2.1,Bournemouth,4,3,12,0,3.22,6.37,13.64,12.04,4.5,7.25,0.0,Tottenham,4,5,4,7,4.3,4.61,10.59,11.97,5.0,5.5,1.75
338,09/07/2020,Everton,Southampton,"['1 ', ' 1']",2.05,3.5,3.6,1.9,1.9,Everton,4,3,2,7,2.86,3.36,13.89,8.05,2.25,6.5,1.75,Southampton,4,7,3,9,4.57,6.6,9.2,8.28,5.25,9.25,2.25
339,09/07/2020,Aston Villa,Manchester United,"['0 ', ' 3']",9.0,5.25,1.33,1.66,2.2,Aston Villa,5,2,6,2,4.9,3.83,14.63,7.92,4.0,6.2,0.4,Manchester United,4,12,3,10,8.46,2.47,9.32,20.43,10.5,1.25,2.5
340,11/07/2020,Norwich,West Ham,"['0 ', ' 4']",3.75,3.75,1.95,1.8,2.0,Norwich,5,1,11,0,2.87,5.92,13.27,10.72,4.4,5.8,0.0,West Ham,5,5,9,4,7.41,7.43,15.66,13.42,4.6,8.6,0.8
341,11/07/2020,Watford,Newcastle United,"['2 ', ' 1']",1.8,3.6,4.5,2.1,1.72,Watford,5,4,9,4,3.2,7.28,13.22,7.88,4.6,5.8,0.8,Newcastle United,5,10,9,8,6.76,8.39,20.41,10.77,6.0,9.8,1.6
342,11/07/2020,Liverpool,Burnley,"['1 ', ' 1']",1.22,6.5,12.0,1.53,2.5,Liverpool,5,9,5,10,7.75,6.39,6.78,27.57,12.2,3.4,2.0,Burnley,5,4,6,10,3.73,7.9,16.38,10.97,3.6,8.6,2.0
343,11/07/2020,Sheffield United,Chelsea,"['3 ', ' 0']",6.0,3.8,1.6,2.0,1.8,Sheffield United,6,5,8,8,4.62,8.66,15.6,12.15,5.166666666666667,5.666666666666667,1.3333333333333333,Chelsea,5,12,7,12,12.37,6.26,10.92,20.33,8.4,5.4,2.4
344,11/07/2020,Brighton,Manchester City,"['0 ', ' 5']",10.0,5.5,1.28,1.53,2.5,Brighton,5,4,7,7,5.35,5.57,17.91,10.9,4.4,9.0,1.4,Manchester City,6,18,3,12,15.48,6.4,12.17,24.62,14.833333333333334,3.6666666666666665,2.0
345,12/07/2020,Wolverhampton Wanderers,Everton,"['3 ', ' 0']",2.05,3.3,3.8,2.5,1.53,Wolverhampton Wanderers,5,4,3,9,3.79,2.66,16.58,13.93,4.8,2.6,1.8,Everton,5,4,3,8,3.53,5.65,13.98,7.81,2.2,7.8,1.6
346,12/07/2020,Aston Villa,Crystal Palace,"['2 ', ' 0']",2.25,3.3,3.3,2.0,1.8,Aston Villa,6,2,9,2,5.5,6.69,15.66,7.93,3.6666666666666665,7.333333333333333,0.3333333333333333,Crystal Palace,5,4,11,3,3.71,8.16,16.13,8.05,5.0,7.4,0.6
347,12/07/2020,Tottenham,Arsenal,"['2 ', ' 1']",2.62,3.4,2.7,1.8,2.0,Tottenham,5,5,4,8,4.78,5.57,9.8,12.03,5.0,5.6,1.6,Arsenal,6,10,6,10,7.72,6.29,13.66,13.13,4.333333333333333,6.833333333333333,1.6666666666666667
348,12/07/2020,Bournemouth,Leicester,"['4 ', ' 1']",5.25,3.8,1.66,1.9,1.9,Bournemouth,5,3,12,1,4.18,6.85,13.34,10.88,4.8,6.8,0.2,Leicester,5,6,4,6,6.57,5.08,6.82,15.28,6.6,4.0,1.2
349,13/07/2020,Manchester United,Southampton,"['2 ', ' 2']",1.3,5.5,10.0,1.61,2.3,Manchester United,5,15,3,13,11.32,3.07,9.04,20.59,11.0,1.4,2.6,Southampton,5,8,4,10,6.87,7.27,8.76,9.32,6.8,7.8,2.0
350,14/07/2020,Chelsea,Norwich,"['1 ', ' 0']",1.12,9.5,17.0,1.36,3.2,Chelsea,6,12,10,12,13.54,8.27,10.04,23.29,7.5,5.333333333333333,2.0,Norwich,6,1,15,0,3.48,9.73,13.42,11.87,4.833333333333333,6.333333333333333,0.0
351,15/07/2020,Burnley,Wolverhampton Wanderers,"['1 ', ' 1']",4.5,3.3,1.9,2.5,1.53,Burnley,6,5,7,11,4.18,10.08,17.55,10.68,3.3333333333333335,10.333333333333334,1.8333333333333333,Wolverhampton Wanderers,6,7,3,12,6.66,2.95,16.06,14.67,4.666666666666667,2.6666666666666665,2.0
352,15/07/2020,Manchester City,Bournemouth,"['2 ', ' 1']",1.14,8.5,17.0,1.28,3.75,Manchester City,7,23,3,15,20.99,6.55,11.78,24.98,14.714285714285714,3.857142857142857,2.142857142857143,Bournemouth,6,7,13,4,6.73,8.51,14.12,10.57,4.5,8.0,0.6666666666666666
353,15/07/2020,Newcastle United,Tottenham,"['1 ', ' 3']",4.6,3.8,1.75,1.9,1.9,Newcastle United,6,11,11,8,8.25,11.52,19.2,9.88,5.166666666666667,10.0,1.3333333333333333,Tottenham,6,7,5,11,6.6,6.26,11.31,12.15,4.833333333333333,5.666666666666667,1.8333333333333333
354,15/07/2020,Arsenal,Liverpool,"['2 ', ' 1']",3.8,3.8,1.9,1.57,2.37,Arsenal,7,11,8,10,8.41,8.11,13.59,13.86,4.571428571428571,6.428571428571429,1.4285714285714286,Liverpool,6,10,6,11,9.92,6.85,6.94,26.78,13.333333333333334,3.1666666666666665,1.8333333333333333
355,16/07/2020,Everton,Aston Villa,"['1 ', ' 1']",2.0,3.5,3.75,1.9,1.9,Everton,6,4,6,8,3.81,8.52,14.73,8.67,2.3333333333333335,7.166666666666667,1.3333333333333333,Aston Villa,7,4,9,5,7.2,7.66,14.36,7.87,3.7142857142857144,6.714285714285714,0.7142857142857143
356,16/07/2020,Leicester,Sheffield United,"['2 ', ' 0']",2.05,3.25,3.9,2.2,1.66,Leicester,6,7,8,6,8.23,7.63,7.25,15.74,7.833333333333333,3.8333333333333335,1.0,Sheffield United,7,8,8,11,6.63,9.84,18.2,11.13,5.142857142857143,5.285714285714286,1.5714285714285714
357,16/07/2020,Crystal Palace,Manchester United,"['0 ', ' 2']",9.5,4.75,1.36,1.72,2.1,Crystal Palace,6,4,13,3,4.69,9.85,14.62,8.2,4.666666666666667,6.833333333333333,0.5,Manchester United,6,17,5,14,12.82,4.88,9.79,17.57,10.666666666666666,2.6666666666666665,2.3333333333333335
358,16/07/2020,Southampton,Brighton,"['1 ', ' 1']",2.15,3.3,3.5,2.1,1.72,Southampton,6,10,6,11,8.68,8.78,8.77,10.0,7.166666666666667,8.0,1.8333333333333333,Brighton,6,4,12,7,5.5,11.09,19.44,10.66,4.5,9.833333333333334,1.1666666666666667
359,17/07/2020,West Ham,Watford,"['3 ', ' 1']",2.4,3.0,3.3,2.0,1.8,West Ham,6,9,9,7,11.22,8.04,16.39,13.57,5.333333333333333,8.333333333333334,1.1666666666666667,Watford,6,6,10,7,6.33,8.77,11.78,8.36,5.666666666666667,5.0,1.1666666666666667
360,18/07/2020,Norwich,Burnley,"['0 ', ' 2']",3.2,3.4,2.25,2.0,1.8,Norwich,7,1,16,0,3.55,12.78,15.36,11.19,4.142857142857143,6.714285714285714,0.0,Burnley,7,6,8,12,5.71,11.37,15.37,11.53,3.7142857142857144,9.285714285714286,1.7142857142857142
361,19/07/2020,Bournemouth,Southampton,"['0 ', ' 2']",2.4,3.6,2.8,1.72,2.1,Bournemouth,7,8,15,4,8.39,9.34,15.83,9.72,5.428571428571429,8.0,0.5714285714285714,Southampton,7,11,7,12,11.01,9.45,8.41,11.09,7.714285714285714,8.0,1.7142857142857142
362,19/07/2020,Tottenham,Leicester,"['3 ', ' 0']",2.25,3.3,3.25,1.9,1.9,Tottenham,7,10,6,14,8.35,7.32,11.39,12.71,5.142857142857143,5.571428571428571,2.0,Leicester,7,9,8,9,11.29,8.29,7.5,14.84,7.571428571428571,3.4285714285714284,1.2857142857142858
363,20/07/2020,Brighton,Newcastle United,"['0 ', ' 0']",1.9,3.4,4.33,2.1,1.72,Brighton,7,5,13,8,6.17,13.43,19.47,9.83,5.0,10.0,1.1428571428571428,Newcastle United,7,12,14,8,9.3,13.27,18.97,10.18,5.142857142857143,9.571428571428571,1.1428571428571428
364,20/07/2020,Sheffield United,Everton,"['0 ', ' 1']",2.2,3.25,3.5,2.3,1.61,Sheffield United,8,8,10,11,7.29,12.9,16.98,10.84,4.625,5.375,1.375,Everton,7,5,7,9,4.76,10.04,13.44,9.19,2.857142857142857,7.0,1.2857142857142858
365,20/07/2020,Wolverhampton Wanderers,Crystal Palace,"['2 ', ' 0']",1.5,4.0,7.5,2.3,1.61,Wolverhampton Wanderers,7,8,4,13,7.95,4.48,16.61,13.44,4.428571428571429,3.142857142857143,1.8571428571428572,Crystal Palace,7,4,15,3,5.26,11.76,13.97,8.16,5.0,7.0,0.42857142857142855
366,21/07/2020,Watford,Manchester City,"['0 ', ' 4']",8.5,5.5,1.33,1.5,2.62,Watford,7,7,13,7,7.37,9.6,10.97,8.58,6.0,4.571428571428571,1.0,Manchester City,8,25,4,18,21.82,8.21,10.86,25.3,13.875,4.75,2.25
367,21/07/2020,Aston Villa,Arsenal,"['1 ', ' 0']",3.3,3.6,2.1,1.66,2.2,Aston Villa,8,5,10,6,8.72,8.61,14.15,7.79,4.0,6.625,0.75,Arsenal,8,13,9,13,9.72,10.33,13.99,12.3,4.5,7.125,1.625
368,22/07/2020,Manchester United,West Ham,"['1 ', ' 1']",1.22,6.5,11.0,1.5,2.62,Manchester United,7,19,5,17,14.73,5.45,9.45,16.3,10.285714285714286,3.2857142857142856,2.4285714285714284,West Ham,7,12,10,10,12.05,9.07,15.36,12.0,4.857142857142857,8.285714285714286,1.4285714285714286
369,22/07/2020,Liverpool,Chelsea,"['5 ', ' 3']",2.0,3.75,3.5,1.57,2.37,Liverpool,7,11,8,11,12.15,8.16,6.61,24.95,13.142857142857142,3.2857142857142856,1.5714285714285714,Chelsea,7,13,10,15,16.59,8.33,9.58,23.93,7.714285714285714,4.571428571428571,2.142857142857143
370,26/07/2020,Arsenal,Watford,"['3 ', ' 2']",1.9,3.8,3.8,1.61,2.3,Arsenal,9,13,10,13,10.46,10.9,13.07,12.94,4.666666666666667,6.777777777777778,1.4444444444444444,Watford,8,7,17,7,7.5,13.34,11.96,7.86,5.5,5.125,0.875
371,26/07/2020,Burnley,Brighton,"['1 ', ' 2']",2.37,3.4,3.0,1.9,1.9,Burnley,8,8,8,15,7.54,11.94,13.57,12.4,5.375,8.125,1.875,Brighton,8,5,13,9,7.03,14.36,17.25,10.61,4.875,9.125,1.125
372,26/07/2020,Chelsea,Wolverhampton Wanderers,"['2 ', ' 0']",1.85,3.8,4.0,1.9,1.9,Chelsea,8,16,15,15,18.98,9.79,10.36,21.41,7.125,4.625,1.875,Wolverhampton Wanderers,8,10,4,16,9.43,4.92,16.23,13.21,4.375,2.875,2.0
373,26/07/2020,Crystal Palace,Tottenham,"['1 ', ' 1']",6.0,4.2,1.55,1.72,2.1,Crystal Palace,8,4,17,3,5.7,13.24,13.67,8.67,4.5,6.625,0.375,Tottenham,8,13,6,17,9.12,8.52,12.43,11.79,4.75,5.625,2.125
374,26/07/2020,Everton,Bournemouth,"['1 ', ' 3']",2.25,3.7,3.0,1.57,2.37,Everton,8,6,7,12,5.38,10.51,13.4,9.47,2.875,6.75,1.5,Bournemouth,8,8,17,4,8.98,11.58,14.19,9.4,5.75,8.25,0.5
375,26/07/2020,Leicester,Manchester United,"['0 ', ' 2']",3.25,3.5,2.2,1.9,1.9,Leicester,8,9,11,9,12.49,9.05,7.37,15.55,7.375,3.25,1.125,Manchester United,8,20,6,18,15.71,6.74,9.75,15.99,10.625,3.125,2.25
376,26/07/2020,Manchester City,Norwich,"['5 ', ' 0']",1.08,11.0,26.0,1.22,4.33,Manchester City,9,29,4,21,25.56,8.35,9.89,24.83,13.333333333333334,4.444444444444445,2.3333333333333335,Norwich,8,1,18,0,4.12,14.6,15.94,10.52,3.625,8.0,0.0
377,26/07/2020,Newcastle United,Liverpool,"['1 ', ' 3']",7.5,5.25,1.36,1.53,2.5,Newcastle United,8,12,14,9,10.23,14.13,18.34,9.72,4.875,8.875,1.125,Liverpool,8,16,11,14,13.6,10.54,7.36,22.91,12.125,3.25,1.75
378,26/07/2020,Southampton,Sheffield United,"['3 ', ' 1']",2.15,3.5,3.3,1.9,1.9,Southampton,8,13,7,15,13.26,10.03,8.29,10.3,8.0,8.0,1.875,Sheffield United,9,8,11,11,7.75,13.52,16.19,11.08,4.666666666666667,5.111111111111111,1.2222222222222223
379,26/07/2020,West Ham,Aston Villa,"['1 ', ' 1']",3.0,3.6,2.3,1.66,2.2,West Ham,8,13,11,11,13.34,10.06,15.12,11.98,4.5,8.875,1.375,Aston Villa,9,6,10,9,9.29,9.35,14.64,7.62,4.0,6.555555555555555,1.0
