,Date,Home Team,Away Team,Result,B365H,B365D,B365A,B365>2.5,B365<2.5,HTeam,HM,HG,HGA,HPTS,HxG,HxGA,HPPDA,HOPPDA,HDC,HODC,HPTS/M,ATeam,AM,AG,AGA,APTS,AxG,AxGA,APPDA,AOPPDA,ADC,AODC,APTS/M
0,09/08/2019,Liverpool,Norwich,"['4 ', ' 1']",1.14,10,19,1.4,3,Liverpool,0,0,0,0,0,0,0,0,0,0,0,Norwich,0,0,0,0,0,0,0,0,0,0,0
1,10/08/2019,West Ham,Manchester City,"['0 ', ' 5']",12,6.5,1.22,1.44,2.75,West Ham,0,0,0,0,0,0,0,0,0,0,0,Manchester City,0,0,0,0,0,0,0,0,0,0,0
2,10/08/2019,Bournemouth,Sheffield United,"['1 ', ' 1']",1.95,3.6,3.6,1.9,1.9,Bournemouth,0,0,0,0,0,0,0,0,0,0,0,Sheffield United,0,0,0,0,0,0,0,0,0,0,0
3,10/08/2019,Burnley,Southampton,"['3 ', ' 0']",2.62,3.2,2.75,2.1,1.72,Burnley,0,0,0,0,0,0,0,0,0,0,0,Southampton,0,0,0,0,0,0,0,0,0,0,0
4,10/08/2019,Crystal Palace,Everton,"['0 ', ' 0']",3,3.25,2.37,2.2,1.66,Crystal Palace,0,0,0,0,0,0,0,0,0,0,0,Everton,0,0,0,0,0,0,0,0,0,0,0
5,10/08/2019,Watford,Brighton,"['0 ', ' 3']",1.9,3.4,4,2.1,1.72,Watford,0,0,0,0,0,0,0,0,0,0,0,Brighton,0,0,0,0,0,0,0,0,0,0,0
6,10/08/2019,Tottenham,Aston Villa,"['3 ', ' 1']",1.3,5.25,10,1.66,2.2,Tottenham,0,0,0,0,0,0,0,0,0,0,0,Aston Villa,0,0,0,0,0,0,0,0,0,0,0
7,11/08/2019,Leicester,Wolverhampton Wanderers,"['0 ', ' 0']",2.2,3.2,3.4,2.2,1.66,Leicester,0,0,0,0,0,0,0,0,0,0,0,Wolverhampton Wanderers,0,0,0,0,0,0,0,0,0,0,0
8,11/08/2019,Newcastle United,Arsenal,"['0 ', ' 1']",4.5,3.75,1.72,1.8,2,Newcastle United,0,0,0,0,0,0,0,0,0,0,0,Arsenal,0,0,0,0,0,0,0,0,0,0,0
9,11/08/2019,Manchester United,Chelsea,"['4 ', ' 0']",2.1,3.3,3.5,2,1.8,Manchester United,0,0,0,0,0,0,0,0,0,0,0,Chelsea,0,0,0,0,0,0,0,0,0,0,0
10,17/08/2019,Arsenal,Burnley,"['2 ', ' 1']",1.3,5.5,10,1.57,2.37,Arsenal,1,1,0,3,1.13,0.38,11.05,13.21,10,1,3,Burnley,1,3,0,3,0.91,1.09,9.28,5.5,0,9,3
11,17/08/2019,Aston Villa,Bournemouth,"['1 ', ' 2']",2.3,3.4,3.1,1.8,2,Aston Villa,1,1,3,0,0.64,2.57,13.42,5.25,2,15,0,Bournemouth,1,1,1,1,1.34,1.6,13.6,9.13,4,6,1
12,17/08/2019,Brighton,West Ham,"['1 ', ' 1']",2.55,3.25,2.87,1.9,1.9,Brighton,1,3,0,3,0.86,0.67,11.5,9.79,5,7,3,West Ham,1,0,5,0,1.2,3.18,16.4,6.94,1,9,0
13,17/08/2019,Everton,Watford,"['1 ', ' 0']",1.72,3.8,4.75,1.72,2.1,Everton,1,0,0,1,1.22,0.87,4.07,11.31,5,5,1,Watford,1,0,3,0,0.67,0.86,9.79,11.5,7,5,0
14,17/08/2019,Norwich,Newcastle United,"['3 ', ' 1']",2.25,3.3,3.3,1.9,1.9,Norwich,1,1,4,0,0.84,2.23,21.45,5.94,5,11,0,Newcastle United,1,0,1,0,0.38,1.13,13.21,11.05,1,10,0
15,17/08/2019,Southampton,Liverpool,"['1 ', ' 2']",6.5,4.75,1.44,1.66,2.2,Southampton,1,0,3,0,1.09,0.91,5.5,9.28,9,0,0,Liverpool,1,4,1,3,2.23,0.84,5.94,21.45,11,5,3
16,17/08/2019,Manchester City,Tottenham,"['2 ', ' 2']",1.36,5.25,8,1.53,2.5,Manchester City,1,5,0,3,3.18,1.2,6.94,16.4,9,1,3,Tottenham,1,3,1,3,2.57,0.64,5.25,13.42,15,2,3
17,18/08/2019,Sheffield United,Crystal Palace,"['1 ', ' 0']",2.55,3.1,2.9,2.3,1.61,Sheffield United,1,1,1,1,1.6,1.34,9.13,13.6,6,4,1,Crystal Palace,1,0,0,1,0.87,1.22,11.31,4.07,5,5,1
18,18/08/2019,Chelsea,Leicester,"['1 ', ' 1']",1.7,3.75,5,1.9,1.9,Chelsea,1,0,4,0,1.1,2.37,6.45,9.06,4,8,0,Leicester,1,0,0,1,0.54,0.81,6.43,18.67,7,3,1
19,19/08/2019,Wolverhampton Wanderers,Manchester United,"['1 ', ' 1']",3.3,3.3,2.25,2.1,1.72,Wolverhampton Wanderers,1,0,0,1,0.81,0.54,18.67,6.43,3,7,1,Manchester United,1,4,0,3,2.37,1.1,9.06,6.45,8,4,3
20,23/08/2019,Aston Villa,Everton,"['2 ', ' 0']",3.25,3.5,2.15,1.72,2.1,Aston Villa,2,2,5,0,2.29,4.2,13.29,7.83,7,12,0,Everton,2,1,0,4,2.06,2.04,6.22,6.83,4.5,4,2
21,24/08/2019,Norwich,Chelsea,"['2 ', ' 3']",4.33,3.75,1.8,1.53,2.5,Norwich,2,4,5,3,2.94,3.15,17.24,10.15,7,8.5,1.5,Chelsea,2,1,5,1,2.32,3.32,8.03,7.56,4,6.5,0.5
22,24/08/2019,Brighton,Southampton,"['0 ', ' 2']",2.4,3.3,3,2.1,1.72,Brighton,2,4,1,4,3.26,1.68,7.67,9.31,6.5,5.5,2,Southampton,2,1,5,0,3.23,2.43,8.62,9.34,5,3,0
23,24/08/2019,Manchester United,Crystal Palace,"['1 ', ' 2']",1.33,5.25,9,1.72,2.1,Manchester United,2,5,1,4,3.52,1.4,8.77,10.81,8.5,4.5,2,Crystal Palace,2,0,1,1,1.11,3.07,11.41,7.46,5,3.5,0.5
24,24/08/2019,Sheffield United,Leicester,"['1 ', ' 2']",3.3,3.3,2.25,2.3,1.61,Sheffield United,2,2,1,4,3.45,1.58,10.04,12.6,4,4.5,2,Leicester,2,1,1,2,1.49,2.04,6.35,14.19,6,3.5,1
25,24/08/2019,Watford,West Ham,"['1 ', ' 3']",2.05,3.5,3.5,1.72,2.1,Watford,2,0,4,0,1.84,1.69,6.34,10.12,5,4.5,0,West Ham,2,1,6,1,2.21,5.59,11.82,6.17,2.5,8.5,0.5
26,24/08/2019,Liverpool,Arsenal,"['3 ', ' 1']",1.5,4.6,6,1.44,2.75,Liverpool,2,6,2,6,3.75,2.98,6.94,14.97,8.5,3,3,Arsenal,2,3,1,6,2.3,1.77,8.43,12.35,9,2.5,3
27,25/08/2019,Bournemouth,Manchester City,"['1 ', ' 3']",15,7.5,1.16,1.36,3.2,Bournemouth,2,3,2,4,2.97,3.25,11.8,10.03,6.5,9,2,Manchester City,2,7,2,4,6.38,1.27,8.12,24.37,9.5,1.5,2
28,25/08/2019,Tottenham,Newcastle United,"['0 ', ' 1']",1.2,6.5,14,1.53,2.5,Tottenham,2,5,3,4,2.65,3.84,13.63,10.34,8.5,6,2,Newcastle United,2,1,4,0,1.3,3.23,14.96,12.27,3.5,9.5,0
29,25/08/2019,Wolverhampton Wanderers,Burnley,"['1 ', ' 1']",1.85,3.4,4.5,2.3,1.61,Wolverhampton Wanderers,2,1,1,2,1.12,1.69,19.29,7.38,4,8,1,Burnley,2,4,2,3,2.3,2.25,10.52,5.43,2,8.5,1.5
30,31/08/2019,Southampton,Manchester United,"['1 ', ' 1']",3.8,3.3,2.05,1.9,1.9,Southampton,3,3,5,3,5.31,3.43,9.23,9.27,5.33333333333333,4,1,Manchester United,3,6,3,4,5.75,2.08,8.37,11.81,8,3.66666666666667,1.33333333333333
31,31/08/2019,Chelsea,Sheffield United,"['2 ', ' 2']",1.36,4.75,9,1.72,2.1,Chelsea,3,4,7,4,4.22,4.4,9.42,8.29,6.66666666666667,6,1.33333333333333,Sheffield United,3,3,3,4,4.1,2.29,10.44,11.28,4,6,1.33333333333333
32,31/08/2019,Crystal Palace,Aston Villa,"['1 ', ' 0']",2.15,3.3,3.5,1.9,1.9,Crystal Palace,3,2,2,4,1.79,5.31,12.59,7.33,4,4.66666666666667,1.33333333333333,Aston Villa,3,4,5,3,3.15,5.46,13.27,7.01,6.66666666666667,12,1
33,31/08/2019,Leicester,Bournemouth,"['3 ', ' 1']",1.7,4,4.75,1.66,2.2,Leicester,3,3,2,5,2.2,2.69,6.92,13.27,7,3.66666666666667,1.66666666666667,Bournemouth,3,4,5,4,4.86,6.38,15.5,8.23,5.33333333333333,11.6666666666667,1.33333333333333
34,31/08/2019,Manchester City,Brighton,"['4 ', ' 0']",1.08,10,26,1.3,3.5,Manchester City,3,10,3,7,9.51,3.17,7.42,23.74,12,2,2.33333333333333,Brighton,3,4,3,4,4.26,3.76,8.12,9.67,6.33333333333333,5.66666666666667,1.33333333333333
35,31/08/2019,Newcastle United,Watford,"['1 ', ' 1']",2.5,3.25,2.87,2,1.8,Newcastle United,3,2,4,3,1.82,4.49,17.9,9.56,4,9,1,Watford,3,1,7,0,4.14,5.15,7.03,11,10,6.33333333333333,0
36,31/08/2019,West Ham,Norwich,"['2 ', ' 0']",1.85,3.9,3.9,1.44,2.75,West Ham,3,4,7,4,5.67,7.88,12.13,6.92,5,12.3333333333333,1.33333333333333,Norwich,3,6,8,3,4.02,5.05,13.35,11.17,6.33333333333333,9.66666666666667,1
37,31/08/2019,Burnley,Liverpool,"['0 ', ' 3']",9.5,5.5,1.3,1.61,2.3,Burnley,3,5,3,4,3.53,3.58,11.85,6.85,2.66666666666667,7,1.33333333333333,Liverpool,3,9,3,9,6.54,3.97,8.16,17.21,8.66666666666667,4.33333333333333,3
38,01/09/2019,Everton,Wolverhampton Wanderers,"['3 ', ' 2']",2.2,3.25,3.5,2.2,1.66,Everton,3,1,2,4,3.31,2.9,5.93,8.33,7,4.66666666666667,1.33333333333333,Wolverhampton Wanderers,3,2,2,3,2.45,2.91,17.6,9.68,4,6.66666666666667,1
39,01/09/2019,Arsenal,Tottenham,"['2 ', ' 2']",2.37,3.6,2.8,1.57,2.37,Arsenal,3,4,4,6,3.28,4.56,11.76,11.32,8.33333333333333,4.66666666666667,2,Tottenham,3,5,4,4,3.91,4.35,10.54,13.39,8.33333333333333,5.66666666666667,1.33333333333333
40,14/09/2019,Liverpool,Newcastle United,"['3 ', ' 1']",1.14,8.5,17,1.4,3,Liverpool,4,12,3,12,7.74,4.59,7.74,16.92,9.25,3.25,3,Newcastle United,4,3,5,4,2.86,5.59,18.24,10.26,3.5,8.25,1
41,14/09/2019,Brighton,Burnley,"['1 ', ' 1']",2.15,3.3,3.5,2.1,1.72,Brighton,4,4,7,4,5.12,6.06,10.41,10.18,6.5,8.25,1,Burnley,4,5,6,4,4.15,4.78,12.85,6.65,2,8,1
42,14/09/2019,Manchester United,Leicester,"['1 ', ' 0']",1.95,3.5,4,1.9,1.9,Manchester United,4,7,4,5,7.66,2.85,9.27,10.13,9.25,4.25,1.25,Leicester,4,6,3,8,4.43,3.25,6.92,12.25,7.75,4.5,2
43,14/09/2019,Sheffield United,Southampton,"['0 ', ' 1']",2.45,3.2,3,2.1,1.72,Sheffield United,4,5,5,5,5.15,4.59,12.9,12.23,4.25,5.5,1.25,Southampton,4,4,6,4,6.08,5.33,8.31,10.14,5.5,6.25,1
44,14/09/2019,Tottenham,Crystal Palace,"['4 ', ' 0']",1.36,5.25,8,1.61,2.3,Tottenham,4,7,6,5,5.86,6.28,10.93,11.31,7.75,7.25,1.25,Crystal Palace,4,3,2,7,3.2,5.61,11.55,7.8,6.25,4.75,1.75
45,14/09/2019,Wolverhampton Wanderers,Chelsea,"['2 ', ' 5']",2.9,3.3,2.5,1.9,1.9,Wolverhampton Wanderers,4,4,5,3,4.45,4.4,18.08,8.32,4.25,6,0.75,Chelsea,4,6,9,5,6.52,5.45,10.29,10.79,6,5.75,1.25
46,14/09/2019,Norwich,Manchester City,"['3 ', ' 2']",15,9,1.14,1.22,4.33,Norwich,4,6,10,3,5.18,7.26,11.81,10.07,6,10.25,0.75,Manchester City,4,14,3,10,11.82,4.03,8.42,23.21,13,3.25,2.5
47,15/09/2019,Bournemouth,Everton,"['3 ', ' 1']",2.9,3.5,2.4,1.72,2.1,Bournemouth,4,5,8,4,5.42,8.62,13.59,7.75,5.75,11.25,1,Everton,4,4,4,7,4.8,4.9,5.76,9.78,6.25,4.75,1.75
48,15/09/2019,Watford,Arsenal,"['2 ', ' 2']",3.6,3.6,2,1.57,2.37,Watford,4,2,8,1,5.24,6.19,7.98,12.7,9,5.25,0.25,Arsenal,4,6,6,7,5.21,6.52,9.57,11.45,9.25,5,1.75
49,16/09/2019,Aston Villa,West Ham,"['0 ', ' 0']",2.62,3.5,2.6,1.61,2.3,Aston Villa,4,4,6,3,3.45,6.87,11.82,7.47,6.25,12.25,0.75,West Ham,4,6,7,7,7.87,9.05,10.62,7.35,6.75,10.5,1.75
50,20/09/2019,Southampton,Bournemouth,"['1 ', ' 3']",2.05,3.6,3.5,1.66,2.2,Southampton,5,5,6,7,7.65,7.21,8.92,10.7,5.8,6.6,1.4,Bournemouth,5,8,9,7,6.83,10.12,13.3,7.21,5.2,10.8,1.4
51,21/09/2019,Leicester,Tottenham,"['2 ', ' 1']",2.87,3.5,2.37,1.8,2,Leicester,5,6,4,8,4.89,4.35,6.41,11.75,7,4.4,1.6,Tottenham,5,11,6,8,6.91,6.86,9.54,12.39,7.8,6.8,1.6
52,21/09/2019,Burnley,Norwich,"['2 ', ' 0']",2,3.8,3.5,1.66,2.2,Burnley,5,6,7,5,4.49,6.47,12.7,5.94,2.4,9,1,Norwich,5,9,12,6,6.93,9.6,12.79,9.71,6,11,1.2
53,21/09/2019,Everton,Sheffield United,"['0 ', ' 2']",1.61,3.75,6,2,1.8,Everton,5,5,7,7,6.31,6.32,5.71,10.2,6.8,4.4,1.4,Sheffield United,5,5,6,5,7.03,6.17,12.84,12.36,5,5.8,1
54,21/09/2019,Manchester City,Watford,"['8 ', ' 0']",1.1,11,21,1.25,4,Manchester City,5,16,6,10,14.17,5.77,8.35,22.34,13.2,3.8,2,Watford,5,4,10,2,8.08,7.19,8.2,13.89,9.6,5.6,0.4
55,21/09/2019,Newcastle United,Brighton,"['0 ', ' 0']",2.5,3.2,3,2.3,1.61,Newcastle United,5,4,8,4,3.15,8.53,21.06,9.44,3.6,10.4,0.8,Brighton,5,5,8,5,6.8,6.41,8.93,10.47,7.8,7.4,1
56,22/09/2019,Crystal Palace,Wolverhampton Wanderers,"['1 ', ' 1']",2.62,3.1,2.87,2.37,1.57,Crystal Palace,5,3,6,7,3.78,6.66,12.79,7.47,6,5.4,1.4,Wolverhampton Wanderers,5,6,10,3,5.94,7.47,16.58,8.03,4.4,6,0.6
57,22/09/2019,West Ham,Manchester United,"['2 ', ' 0']",3.1,3.6,2.2,1.66,2.2,West Ham,5,6,7,8,8.41,10.45,10.53,7.73,7.2,9.2,1.6,Manchester United,5,8,4,8,8.76,3.31,9.38,8.91,8.2,4.2,1.6
58,22/09/2019,Arsenal,Aston Villa,"['3 ', ' 2']",1.4,4.75,8,1.44,2.75,Arsenal,5,8,8,8,6.21,9.35,11.21,10.96,8.8,6.4,1.6,Aston Villa,5,4,6,4,4.85,7.41,11.33,7.93,5.8,11.6,0.8
59,22/09/2019,Chelsea,Liverpool,"['1 ', ' 2']",3.5,3.75,2,1.57,2.37,Chelsea,5,11,11,8,9.59,6.94,9.59,11.23,6,5.6,1.6,Liverpool,5,15,4,15,10.68,4.88,7.6,20.44,11.2,3.4,3
60,28/09/2019,Sheffield United,Liverpool,"['0 ', ' 1']",9,5.25,1.33,1.61,2.3,Sheffield United,6,7,6,8,7.54,7.43,12.88,11.19,4.5,6.33333333333333,1.33333333333333,Liverpool,6,17,5,18,11.71,6.11,7.66,18.82,10.1666666666667,3.66666666666667,3
61,28/09/2019,Bournemouth,West Ham,"['2 ', ' 2']",2.5,3.5,2.75,1.57,2.37,Bournemouth,6,11,10,10,8.13,12.3,13.87,6.54,4.66666666666667,10,1.66666666666667,West Ham,6,8,7,11,8.92,11.73,11.09,8.44,6.66666666666667,8.5,1.83333333333333
62,28/09/2019,Aston Villa,Burnley,"['2 ', ' 2']",2.3,3.4,3.1,1.9,1.9,Aston Villa,6,6,9,4,6.57,9.94,11.26,8.09,6.16666666666667,11.6666666666667,0.666666666666667,Burnley,6,8,7,8,6.88,7.27,12.5,6.72,3.16666666666667,9,1.33333333333333
63,28/09/2019,Chelsea,Brighton,"['2 ', ' 0']",1.4,4.75,8,1.66,2.2,Chelsea,6,12,13,8,10.82,7.97,9.8,10.6,5.83333333333333,5.5,1.33333333333333,Brighton,6,5,8,6,8.02,7.5,8.52,12.12,7.5,6.83333333333333,1
64,28/09/2019,Crystal Palace,Norwich,"['2 ', ' 0']",1.9,3.75,3.75,1.72,2.1,Crystal Palace,6,4,7,8,4.77,8.42,12.97,8.2,6,5.33333333333333,1.33333333333333,Norwich,6,9,14,6,7.73,11.99,12.99,10.01,6.5,10.3333333333333,1
65,28/09/2019,Tottenham,Southampton,"['2 ', ' 1']",1.4,4.75,8,1.57,2.37,Tottenham,6,12,8,8,8.25,8.14,8.57,12.13,8,6.83333333333333,1.33333333333333,Southampton,6,6,9,7,9.83,8.51,7.87,11.79,5.83333333333333,5.83333333333333,1.16666666666667
66,28/09/2019,Wolverhampton Wanderers,Watford,"['2 ', ' 0']",1.85,3.4,4.5,1.9,1.9,Wolverhampton Wanderers,6,7,11,4,7.7,8.46,15.83,8.81,4.5,6,0.666666666666667,Watford,6,4,18,2,8.42,13.82,10.41,13.39,8.16666666666667,6.83333333333333,0.333333333333333
67,28/09/2019,Everton,Manchester City,"['1 ', ' 3']",10,5.5,1.3,1.5,2.62,Everton,6,5,9,7,7.57,6.83,5.7,10.62,7.16666666666667,4,1.16666666666667,Manchester City,6,24,6,13,20.8,6.12,8.71,24.16,13.1666666666667,3.33333333333333,2.16666666666667
68,29/09/2019,Leicester,Newcastle United,"['5 ', ' 0']",1.5,4,7.5,2,1.8,Leicester,6,8,5,11,6.18,5.69,6.96,10.45,7,5.16666666666667,1.83333333333333,Newcastle United,6,4,8,5,4.25,9.74,21.41,8.85,3.66666666666667,9.66666666666667,0.833333333333333
69,30/09/2019,Manchester United,Arsenal,"['1 ', ' 1']",2.37,3.5,2.9,1.61,2.3,Manchester United,6,8,6,8,10.04,3.82,10.11,9.57,7.66666666666667,4.16666666666667,1.33333333333333,Arsenal,6,11,10,11,8.75,11.06,10.81,10.97,9.33333333333333,6.66666666666667,1.83333333333333
70,05/10/2019,Brighton,Tottenham,"['3 ', ' 0']",3.9,3.6,1.9,1.72,2.1,Brighton,7,5,10,6,8.64,11.77,9.17,12.45,6.42857142857143,7.14285714285714,0.857142857142857,Tottenham,7,14,9,11,9.44,9.31,9.84,10.86,7.85714285714286,7,1.57142857142857
71,05/10/2019,Burnley,Everton,"['1 ', ' 0']",2.87,3.3,2.5,2.1,1.72,Burnley,7,10,9,9,8.55,8.18,12,6.62,3,8.14285714285714,1.28571428571429,Everton,7,6,12,7,9.93,9.93,7.65,10.5,7,5.28571428571429,1
72,05/10/2019,Liverpool,Leicester,"['2 ', ' 1']",1.44,4.75,7,1.57,2.37,Liverpool,7,18,5,21,13.68,7.28,7.88,19.7,10.2857142857143,3.28571428571429,3,Leicester,7,13,5,14,8.01,5.74,6.72,12.07,7.85714285714286,4.57142857142857,2
73,05/10/2019,Norwich,Aston Villa,"['1 ', ' 5']",2.37,3.6,2.8,1.57,2.37,Norwich,7,9,16,6,8.44,13.8,12.42,10.35,7,10.4285714285714,0.857142857142857,Aston Villa,7,8,11,5,7.48,11.61,10.5,8.21,5.71428571428571,10.2857142857143,0.714285714285714
74,05/10/2019,Watford,Sheffield United,"['0 ', ' 0']",2.05,3.4,3.6,2,1.8,Watford,7,4,20,2,9.49,14.99,10.53,14.62,8.42857142857143,6.57142857142857,0.285714285714286,Sheffield United,7,7,7,8,8.71,9.4,14.09,11.2,4,7,1.14285714285714
75,05/10/2019,West Ham,Crystal Palace,"['1 ', ' 2']",1.95,3.6,3.8,1.8,2,West Ham,7,10,9,12,10.22,14.05,11.33,8.77,8.14285714285714,8.42857142857143,1.71428571428571,Crystal Palace,7,6,7,11,6.57,9.13,12.94,8.3,6.71428571428571,6,1.57142857142857
76,06/10/2019,Arsenal,Bournemouth,"['1 ', ' 0']",1.44,4.75,7,1.33,3.4,Arsenal,7,12,11,12,10.45,12.2,10.69,10.24,9,6.42857142857143,1.71428571428571,Bournemouth,7,13,12,11,10.45,13.6,13.52,7.26,5.14285714285714,11,1.57142857142857
77,06/10/2019,Manchester City,Wolverhampton Wanderers,"['0 ', ' 2']",1.12,9,21,1.36,3.2,Manchester City,7,27,7,16,23.9,8.47,8.82,25.17,13.1428571428571,3.71428571428571,2.28571428571429,Wolverhampton Wanderers,7,9,11,7,8.86,9.52,16.71,9.13,4.57142857142857,6.57142857142857,1
78,06/10/2019,Southampton,Chelsea,"['1 ', ' 4']",4,3.8,1.85,1.72,2.1,Southampton,7,7,11,7,10.99,9.7,7.45,13.19,6.14285714285714,6,1,Chelsea,7,14,13,11,15.09,8.59,10.45,10.87,6.28571428571429,4.71428571428571,1.57142857142857
79,06/10/2019,Newcastle United,Manchester United,"['1 ', ' 0']",4.5,3.5,1.85,2.2,1.66,Newcastle United,7,4,13,5,4.3,11.57,22.78,8.11,3.28571428571429,10.1428571428571,0.714285714285714,Manchester United,7,9,7,9,11.17,5.53,9.33,9.64,7.28571428571429,4.57142857142857,1.28571428571429
80,19/10/2019,Everton,West Ham,"['2 ', ' 0']",1.95,3.75,3.75,1.72,2.1,Everton,6,5,13,3,9.18,8.45,8.18,13.88,7.33333333333333,5.83333333333333,0.5,West Ham,6,10,5,11,9.24,10.53,11.63,11.64,9.83333333333333,8.16666666666667,1.83333333333333
81,19/10/2019,Bournemouth,Norwich,"['0 ', ' 0']",1.72,4.2,4.2,1.4,3,Bournemouth,6,10,11,7,8.16,11.59,13.47,6.61,5,11.5,1.16666666666667,Norwich,6,6,16,3,7.35,14.32,10.18,10.17,8,10.8333333333333,0.5
82,19/10/2019,Aston Villa,Brighton,"['2 ', ' 1']",2.35,3.4,3,1.8,2,Aston Villa,6,11,7,8,8.87,9.26,9.6,7.99,5.83333333333333,10.1666666666667,1.33333333333333,Brighton,6,4,9,5,7.98,10.57,9.46,14.2,7.33333333333333,7.16666666666667,0.833333333333333
83,19/10/2019,Chelsea,Newcastle United,"['1 ', ' 0']",1.3,5.5,10,1.57,2.37,Chelsea,7,18,10,14,16.14,7.48,11.62,11.14,7.14285714285714,4.28571428571429,2,Newcastle United,6,4,9,8,3.65,9.31,28.57,6.94,2.83333333333333,9.5,1.33333333333333
84,19/10/2019,Leicester,Burnley,"['2 ', ' 1']",1.57,4,6,1.9,1.9,Leicester,7,14,7,13,7.56,8.68,7.1,10.56,7.42857142857143,5.85714285714286,1.85714285714286,Burnley,6,7,7,9,6.81,7.24,13.4,7.26,3.83333333333333,7.33333333333333,1.5
85,19/10/2019,Tottenham,Watford,"['1 ', ' 1']",1.4,5,7.5,1.53,2.5,Tottenham,6,9,9,7,7.27,8.07,9.52,10.44,7,8.16666666666667,1.16666666666667,Watford,6,4,16,3,9.09,13.65,14.12,14.76,8.5,7,0.5
86,19/10/2019,Wolverhampton Wanderers,Southampton,"['1 ', ' 1']",1.8,3.6,4.5,2.1,1.72,Wolverhampton Wanderers,7,11,11,9,9.24,10.6,16.76,8.73,4.28571428571429,7.42857142857143,1.28571428571429,Southampton,6,7,10,7,9.04,9.42,7.63,14.02,6.33333333333333,7.66666666666667,1.16666666666667
87,19/10/2019,Crystal Palace,Manchester City,"['0 ', ' 2']",12,7,1.22,1.44,2.75,Crystal Palace,7,8,8,13,7.77,9.14,13.98,9.83,7,6.28571428571429,1.85714285714286,Manchester City,6,20,7,12,19.14,8.39,8.33,24.43,14.3333333333333,4,2
88,20/10/2019,Manchester United,Liverpool,"['1 ', ' 1']",5.25,3.8,1.65,1.72,2.1,Manchester United,7,5,8,6,9.76,5.08,8.98,11.69,6.85714285714286,4.14285714285714,0.857142857142857,Liverpool,6,14,4,18,13.67,4.4,8.15,18.39,11.1666666666667,3.5,3
89,21/10/2019,Sheffield United,Arsenal,"['1 ', ' 0']",3.9,3.75,1.9,1.66,2.2,Sheffield United,6,5,6,5,5.61,9.26,14.57,12.14,4.16666666666667,7,0.833333333333333,Arsenal,6,10,10,9,9.39,11.11,10.31,9.48,9.16666666666667,7.83333333333333,1.5
90,25/10/2019,Southampton,Leicester,"['0 ', ' 9']",3.1,3.4,2.3,2,1.8,Southampton,7,8,11,8,10.41,10.31,8.17,14.1,6.14285714285714,7,1.14285714285714,Leicester,7,15,7,15,7.44,9.25,7.3,11.08,7.57142857142857,5.71428571428571,2.14285714285714
91,26/10/2019,Manchester City,Aston Villa,"['3 ', ' 0']",1.08,11,26,1.22,4.33,Manchester City,7,22,7,15,23.16,9,8.15,23.41,15.2857142857143,4.14285714285714,2.14285714285714,Aston Villa,6,11,8,8,10.98,9.32,9.8,8.75,6,9.83333333333333,1.33333333333333
92,26/10/2019,Brighton,Everton,"['3 ', ' 2']",2.9,3.25,2.5,2,1.8,Brighton,6,5,9,5,8.3,11.46,9.52,14.85,8,7.33333333333333,0.833333333333333,Everton,6,7,11,6,10.15,8.05,8.15,13.32,7.16666666666667,5.33333333333333,1
93,26/10/2019,Watford,Bournemouth,"['0 ', ' 0']",2.15,3.6,3.25,1.66,2.2,Watford,6,4,14,4,7.64,11.09,15.76,13.53,5.5,7,0.666666666666667,Bournemouth,7,10,11,8,8.84,11.99,13.37,7.09,5.28571428571429,10.5714285714286,1.14285714285714
94,26/10/2019,West Ham,Sheffield United,"['1 ', ' 1']",2.1,3.5,3.5,1.9,1.9,West Ham,6,7,6,8,6.25,10.47,11.23,10.53,8.66666666666667,6.66666666666667,1.33333333333333,Sheffield United,6,5,4,8,5.85,9.51,14.62,11.54,4.5,6.83333333333333,1.33333333333333
95,26/10/2019,Burnley,Chelsea,"['2 ', ' 4']",4.5,4,1.72,1.66,2.2,Burnley,7,8,9,9,8.6,8.07,13.66,7.3,3.71428571428571,7.14285714285714,1.28571428571429,Chelsea,6,15,7,13,15.32,5.65,10.22,13.66,7.66666666666667,3.5,2.16666666666667
96,27/10/2019,Newcastle United,Wolverhampton Wanderers,"['1 ', ' 1']",3,3.1,2.55,2.5,1.53,Newcastle United,6,3,10,5,3.33,10.35,27.23,6.85,2.16666666666667,10.1666666666667,0.833333333333333,Wolverhampton Wanderers,6,10,10,8,8.49,9.6,16.43,8.49,4,7.33333333333333,1.33333333333333
97,27/10/2019,Arsenal,Crystal Palace,"['2 ', ' 2']",1.45,4.75,6.5,1.53,2.5,Arsenal,6,9,8,9,9.36,9.22,8.87,9.93,9.33333333333333,7.33333333333333,1.5,Crystal Palace,6,6,8,10,7.47,9.08,14.79,9.47,7.83333333333333,9.33333333333333,1.66666666666667
98,27/10/2019,Liverpool,Tottenham,"['2 ', ' 1']",1.5,4.33,6.5,1.53,2.5,Liverpool,6,12,4,16,11.91,4.2,7.2,19.25,10.8333333333333,2.5,2.66666666666667,Tottenham,6,10,9,8,6.9,8.4,9.83,10.1,7.33333333333333,7.66666666666667,1.33333333333333
99,27/10/2019,Norwich,Manchester United,"['1 ', ' 3']",4.33,4,1.75,1.66,2.2,Norwich,6,4,13,4,6.67,13.1,10.5,9.99,8,10,0.666666666666667,Manchester United,6,4,6,6,7.18,5.13,11.8,9.03,5.5,4.83333333333333,1
100,02/11/2019,Bournemouth,Manchester United,"['1 ', ' 0']",3.25,3.6,2.15,1.9,1.9,Bournemouth,6,8,5,9,7.29,7.3,12.04,8.35,5,8.66666666666667,1.5,Manchester United,6,6,6,8,9.79,5.25,11.11,9.6,4.33333333333333,4.83333333333333,1.33333333333333
101,02/11/2019,Arsenal,Wolverhampton Wanderers,"['1 ', ' 1']",1.75,3.75,4.75,1.72,2.1,Arsenal,7,11,10,10,10.9,10.99,8.71,10.99,9.14285714285714,6.42857142857143,1.42857142857143,Wolverhampton Wanderers,7,11,11,9,10.42,10.21,15.14,10.01,4.28571428571429,6.71428571428571,1.28571428571429
102,02/11/2019,Aston Villa,Liverpool,"['1 ', ' 2']",9,5,1.33,1.44,2.75,Aston Villa,6,11,10,8,11.66,11.1,11.4,8.59,5.66666666666667,10.6666666666667,1.33333333333333,Liverpool,6,11,5,16,12.9,4.94,6.96,21.26,11.1666666666667,3.16666666666667,2.66666666666667
103,02/11/2019,Brighton,Norwich,"['2 ', ' 0']",1.72,4.2,4.33,1.66,2.2,Brighton,6,8,7,8,8.59,10.2,8.13,15.01,7.5,5.83333333333333,1.33333333333333,Norwich,6,5,14,4,6.4,15.41,10.49,10.48,8.16666666666667,9,0.666666666666667
104,02/11/2019,Manchester City,Southampton,"['2 ', ' 1']",1.07,13,23,1.22,4.33,Manchester City,6,18,6,12,20.91,7.23,7.87,24.28,15.3333333333333,3.66666666666667,2,Southampton,6,5,19,4,8.02,11.79,9.38,11.66,5.33333333333333,6.5,0.666666666666667
105,02/11/2019,Sheffield United,Burnley,"['3 ', ' 0']",2.25,3.2,3.4,2.3,1.61,Sheffield United,6,4,3,8,5.97,9.54,13.42,10.71,4.83333333333333,7.66666666666667,1.33333333333333,Burnley,6,9,9,8,8.99,6.53,13.56,7.59,5,6.83333333333333,1.33333333333333
106,02/11/2019,West Ham,Newcastle United,"['2 ', ' 3']",1.75,3.8,4.5,1.8,2,West Ham,6,6,7,6,6.38,10.47,12.19,11.62,8.16666666666667,7,1,Newcastle United,6,3,10,5,2.89,11.18,30.01,6.58,2.33333333333333,10.1666666666667,0.833333333333333
107,02/11/2019,Watford,Chelsea,"['1 ', ' 2']",5,4.33,1.61,1.61,2.3,Watford,6,3,13,4,7.21,10.95,15.85,12.03,5.33333333333333,7.16666666666667,0.666666666666667,Chelsea,6,17,7,15,14.01,6.84,9.66,12.9,8,4,2.5
108,03/11/2019,Crystal Palace,Leicester,"['0 ', ' 2']",3.5,3.4,2.1,2,1.8,Crystal Palace,6,7,10,8,7.83,10.31,17.12,9.26,5.83333333333333,9.83333333333333,1.33333333333333,Leicester,6,19,5,12,8.88,8.49,6.32,12.15,7.16666666666667,5,2
109,03/11/2019,Everton,Tottenham,"['1 ', ' 1']",2.7,3.4,2.6,1.72,2.1,Everton,6,6,12,3,9.71,7.2,9.46,11.56,7.66666666666667,5.16666666666667,0.5,Tottenham,6,9,9,7,6.3,8.66,11.31,9.88,7,7.83333333333333,1.16666666666667
110,08/11/2019,Norwich,Watford,"['0 ', ' 2']",2.7,3.5,2.55,1.66,2.2,Norwich,7,5,16,4,6.85,18.06,11.19,9.85,7.71428571428571,9.85714285714286,0.571428571428571,Watford,7,4,15,4,8.68,13.13,16.59,11.92,5.42857142857143,7.28571428571429,0.571428571428571
111,09/11/2019,Chelsea,Crystal Palace,"['2 ', ' 0']",1.33,5,10,1.57,2.37,Chelsea,7,19,8,18,16.19,8.32,9.86,13.92,8,4.28571428571429,2.57142857142857,Crystal Palace,7,7,12,8,8.27,11.3,17.2,8.74,5.71428571428571,9.14285714285714,1.14285714285714
112,09/11/2019,Burnley,West Ham,"['3 ', ' 0']",2.25,3.5,3.1,1.66,2.2,Burnley,7,9,12,8,9.71,9.11,12.87,8.71,4.71428571428571,6.71428571428571,1.14285714285714,West Ham,7,8,10,6,7.91,12.4,10.81,11.97,9.42857142857143,6.71428571428571,0.857142857142857
113,09/11/2019,Newcastle United,Bournemouth,"['2 ', ' 1']",2.55,3.25,2.8,2,1.8,Newcastle United,7,6,12,8,4.83,12.71,27.11,6.25,2.71428571428571,11.1428571428571,1.14285714285714,Bournemouth,7,9,5,12,9.16,7.94,11.35,8.36,4.71428571428571,8,1.71428571428571
114,09/11/2019,Southampton,Everton,"['1 ', ' 2']",2.9,3.3,2.45,1.9,1.9,Southampton,7,6,21,4,8.92,15.15,9.96,10.11,4.85714285714286,10,0.571428571428571,Everton,7,7,13,4,10.87,7.45,9.73,11.39,7.71428571428571,4.57142857142857,0.571428571428571
115,09/11/2019,Tottenham,Sheffield United,"['1 ', ' 1']",1.57,4,6,1.8,2,Tottenham,7,10,10,8,6.54,9.82,11.17,10.06,6.14285714285714,7.85714285714286,1.14285714285714,Sheffield United,7,7,3,11,8.55,10.26,13.84,10.32,5,7,1.57142857142857
116,09/11/2019,Leicester,Arsenal,"['2 ', ' 0']",2,3.75,3.5,1.57,2.37,Leicester,7,21,5,15,9.86,8.94,6.33,12.69,6.85714285714286,5,2.14285714285714,Arsenal,7,10,9,10,10,10.55,9.67,10.98,8.71428571428571,6.42857142857143,1.42857142857143
117,10/11/2019,Manchester United,Brighton,"['3 ', ' 1']",1.6,3.75,6.5,2,1.8,Manchester United,7,6,7,8,10.43,7.12,10.75,9.39,4.28571428571429,4.57142857142857,1.14285714285714,Brighton,7,10,7,11,11.25,10.65,7.94,15.03,8.57142857142857,5.71428571428571,1.57142857142857
118,10/11/2019,Wolverhampton Wanderers,Aston Villa,"['2 ', ' 1']",1.9,3.5,4.2,1.9,1.9,Wolverhampton Wanderers,7,10,9,10,9.93,9.74,14.15,11.4,4.42857142857143,7.42857142857143,1.42857142857143,Aston Villa,7,12,12,8,12.4,13.49,12.42,8.04,5.14285714285714,11.4285714285714,1.14285714285714
119,10/11/2019,Liverpool,Manchester City,"['3 ', ' 1']",2.5,3.6,2.62,1.66,2.2,Liverpool,7,13,6,19,15.29,5.68,6.68,21.21,11.8571428571429,3,2.71428571428571,Manchester City,7,20,7,15,24.27,8.12,7.11,23.45,17.5714285714286,3.42857142857143,2.14285714285714
120,23/11/2019,West Ham,Tottenham,"['2 ', ' 3']",4.2,4.33,1.7,1.53,2.5,West Ham,7,8,13,5,7.85,13.41,10.05,11.83,8.85714285714286,6.85714285714286,0.714285714285714,Tottenham,6,6,9,6,5.67,8.88,14.55,9.27,5,8.16666666666667,1
121,23/11/2019,Bournemouth,Wolverhampton Wanderers,"['1 ', ' 2']",2.75,3.3,2.6,2,1.8,Bournemouth,6,4,5,6,8.37,6.59,9.9,11.43,6.33333333333333,7.66666666666667,1,Wolverhampton Wanderers,7,10,5,13,10.54,7.15,12.73,11.23,4.85714285714286,6.57142857142857,1.85714285714286
122,23/11/2019,Arsenal,Southampton,"['2 ', ' 2']",1.45,4.75,6.5,1.44,2.75,Arsenal,7,8,9,9,9.95,9.09,9.42,10.72,9.14285714285714,6.71428571428571,1.28571428571429,Southampton,6,5,20,1,5.9,14.06,11.1,8,3.66666666666667,11,0.166666666666667
123,23/11/2019,Brighton,Leicester,"['0 ', ' 2']",3.75,3.5,2,1.9,1.9,Brighton,6,10,9,9,9.48,12.87,8.27,13.68,7.16666666666667,6.83333333333333,1.5,Leicester,6,21,3,15,9.48,7.46,6.45,16.03,8.5,5.33333333333333,2.5
124,23/11/2019,Crystal Palace,Liverpool,"['1 ', ' 2']",7.5,4.75,1.4,1.66,2.2,Crystal Palace,7,7,10,8,8.18,13.53,16.61,9.03,5.42857142857143,9.57142857142857,1.14285714285714,Liverpool,7,13,6,19,13.69,6.87,7.7,17.83,10,3.71428571428571,2.71428571428571
125,23/11/2019,Everton,Norwich,"['0 ', ' 2']",1.36,5.1,8,1.53,2.5,Everton,6,8,9,7,10.19,6.26,10.41,10.75,7,4.66666666666667,1.16666666666667,Norwich,6,2,14,1,4.93,14.69,9.52,10.7,8.33333333333333,8.5,0.166666666666667
126,23/11/2019,Watford,Burnley,"['0 ', ' 3']",2.3,3.4,3.1,2,1.8,Watford,6,4,5,6,6.87,6.11,16.26,10.36,4.66666666666667,7,1,Burnley,6,9,11,7,9.39,7.1,12.5,8.71,4.5,5,1.16666666666667
127,23/11/2019,Manchester City,Chelsea,"['2 ', ' 1']",1.44,5,6.5,1.4,3,Manchester City,6,11,7,12,16.78,7.37,7.07,22.02,17.5,3.83333333333333,2,Chelsea,7,16,6,18,16.41,7.3,10.02,14.05,8.71428571428571,4,2.57142857142857
128,24/11/2019,Sheffield United,Manchester United,"['3 ', ' 3']",3.5,3.4,2.1,2.2,1.66,Sheffield United,6,6,3,9,7.09,8.93,13.64,10.56,5.16666666666667,6.16666666666667,1.5,Manchester United,6,8,6,8,11.7,7.28,10.65,8.82,5,4.33333333333333,1.33333333333333
129,25/11/2019,Aston Villa,Newcastle United,"['2 ', ' 0']",2.05,3.4,3.7,1.9,1.9,Aston Villa,6,11,11,7,9.75,12.52,11.63,7.25,4,11.1666666666667,1.16666666666667,Newcastle United,6,7,10,10,5.77,10.48,24.5,6.34,2.66666666666667,10.5,1.66666666666667
130,30/11/2019,Newcastle United,Manchester City,"['2 ', ' 2']",13,8,1.16,1.44,2.75,Newcastle United,7,7,12,10,6.46,13.18,23.39,6.46,2.71428571428571,11,1.42857142857143,Manchester City,6,10,7,12,14.91,5.83,8.43,19.87,17.6666666666667,3.83333333333333,2
131,30/11/2019,Burnley,Crystal Palace,"['0 ', ' 2']",2.25,3.25,3.3,2.2,1.66,Burnley,6,10,9,9,10.38,7.09,13.03,8.71,4.5,5.33333333333333,1.5,Crystal Palace,6,5,11,4,6.41,12.71,18.82,8.62,4.83333333333333,10.5,0.666666666666667
132,30/11/2019,Chelsea,West Ham,"['0 ', ' 1']",1.28,6,9,1.4,3,Chelsea,6,14,6,15,11.73,6.89,10.25,16.26,8.83333333333333,6.16666666666667,2.5,West Ham,6,6,14,1,6.71,12.02,9.07,10.99,7.83333333333333,6.33333333333333,0.166666666666667
133,30/11/2019,Liverpool,Brighton,"['2 ', ' 1']",1.18,7,15,1.44,2.75,Liverpool,6,12,6,16,12.33,5.49,7.67,18.28,10.8333333333333,4.66666666666667,2.66666666666667,Brighton,6,10,9,9,9.65,12.11,8.31,14.53,8.5,6.83333333333333,1.5
134,30/11/2019,Tottenham,Bournemouth,"['3 ', ' 2']",1.36,5.5,7.5,1.53,2.5,Tottenham,6,7,10,6,6.68,8.38,12.11,10.39,4.33333333333333,7.83333333333333,1,Bournemouth,6,3,5,5,6.9,6.57,10.43,11.51,5.5,6,0.833333333333333
135,30/11/2019,Southampton,Watford,"['2 ', ' 1']",2.1,3.4,3.5,1.9,1.9,Southampton,6,6,20,2,7.34,14.48,11.62,6.43,4,10.3333333333333,0.333333333333333,Watford,6,4,6,6,6.7,7.61,15.52,8.82,3.83333333333333,6.5,1
136,01/12/2019,Norwich,Arsenal,"['2 ', ' 2']",4,4.33,1.75,1.4,3,Norwich,6,4,12,4,6.03,13.69,9.34,9.63,7.33333333333333,9.16666666666667,0.666666666666667,Arsenal,7,7,9,7,9.03,9.98,8.92,10.03,7.85714285714286,7,1
137,01/12/2019,Wolverhampton Wanderers,Sheffield United,"['1 ', ' 1']",1.9,3.5,4.2,2.3,1.61,Wolverhampton Wanderers,6,9,5,12,8.89,5.95,11.68,11.31,5.16666666666667,5.5,2,Sheffield United,6,9,5,10,7.48,8.29,11.72,10.14,5.5,5.33333333333333,1.66666666666667
138,01/12/2019,Leicester,Everton,"['2 ', ' 1']",1.61,4,5.25,1.8,2,Leicester,6,18,3,15,11.17,8.19,7.86,14.23,7.83333333333333,6.5,2.5,Everton,6,7,8,7,8.64,4.96,8.09,10.45,8.5,3.16666666666667,1.16666666666667
139,01/12/2019,Manchester United,Aston Villa,"['2 ', ' 2']",1.45,4.5,7,1.72,2.1,Manchester United,7,11,9,9,13.03,8.84,10.39,9.1,5.14285714285714,4.14285714285714,1.28571428571429,Aston Villa,6,11,9,9,11.54,11.55,11.81,8.1,5.83333333333333,11.3333333333333,1.5
140,03/12/2019,Crystal Palace,Bournemouth,"['1 ', ' 0']",2.2,3.4,3.25,2,1.8,Crystal Palace,7,7,11,7,7.35,14.56,16.47,8.57,5,9.71428571428571,1,Bournemouth,7,5,8,5,7.93,9.5,10.06,11.08,5.57142857142857,6.42857142857143,0.714285714285714
141,03/12/2019,Burnley,Manchester City,"['1 ', ' 4']",11,7,1.22,1.44,2.75,Burnley,7,10,11,9,12.24,8.02,12.04,8.46,4.57142857142857,5.42857142857143,1.28571428571429,Manchester City,7,12,9,13,17.35,6.04,7.77,21.58,16.8571428571429,3.57142857142857,1.85714285714286
142,04/12/2019,Leicester,Watford,"['2 ', ' 0']",1.33,5.5,8,1.61,2.3,Leicester,7,20,4,18,13.41,9.44,7.57,14.83,8,5.71428571428571,2.57142857142857,Watford,7,5,8,6,7.21,9.58,15.34,8.65,4,6.71428571428571,0.857142857142857
143,04/12/2019,Wolverhampton Wanderers,West Ham,"['2 ', ' 0']",1.75,3.7,4.75,1.9,1.9,Wolverhampton Wanderers,7,10,6,13,10.17,7.42,11.12,10.53,5,5.85714285714286,1.85714285714286,West Ham,7,7,14,4,7.83,14.75,9.53,11.03,7.14285714285714,6.28571428571429,0.571428571428571
144,04/12/2019,Manchester United,Tottenham,"['2 ', ' 1']",2.75,3.4,2.55,1.8,2,Manchester United,7,12,10,9,13.75,8.43,10.63,9.33,6.28571428571429,3.57142857142857,1.28571428571429,Tottenham,7,10,12,9,9.61,9.41,11.47,10.09,5,7.57142857142857,1.28571428571429
145,04/12/2019,Chelsea,Aston Villa,"['2 ', ' 1']",1.28,5.75,10,1.4,3,Chelsea,7,14,7,15,14.47,8.01,10.36,15.28,8.42857142857143,5.71428571428571,2.14285714285714,Aston Villa,7,13,11,10,12.84,13.39,11.84,7.89,5.42857142857143,11.5714285714286,1.42857142857143
146,04/12/2019,Southampton,Norwich,"['2 ', ' 1']",1.72,4,4.2,1.57,2.37,Southampton,7,8,21,5,9.31,14.98,11.14,7.34,4.57142857142857,9.57142857142857,0.714285714285714,Norwich,7,6,14,5,6.84,15.66,10.65,9.37,6.57142857142857,9.28571428571429,0.714285714285714
147,04/12/2019,Liverpool,Everton,"['5 ', ' 2']",1.36,5,8.5,1.57,2.37,Liverpool,7,14,7,19,13.7,6.35,8.73,17.78,10.8571428571429,4.42857142857143,2.71428571428571,Everton,7,8,10,7,9.89,7.21,9.23,9.66,7.42857142857143,4,1
148,05/12/2019,Sheffield United,Newcastle United,"['0 ', ' 2']",1.83,3.4,4.6,2.3,1.61,Sheffield United,7,10,6,11,8.95,9.56,10.95,9.72,5.85714285714286,5.14285714285714,1.57142857142857,Newcastle United,7,9,9,11,6.62,13.8,23.4,6.27,2.85714285714286,10.8571428571429,1.57142857142857
149,05/12/2019,Arsenal,Brighton,"['1 ', ' 2']",1.57,4.33,5.5,1.53,2.5,Arsenal,7,8,10,7,9.29,9.65,8.55,11.75,8.28571428571429,6.57142857142857,1,Brighton,7,11,11,9,10.52,13.48,8.96,14.6,7.71428571428571,7.42857142857143,1.28571428571429
150,07/12/2019,Everton,Chelsea,"['3 ', ' 1']",3.5,3.75,2,1.72,2.1,Everton,7,10,14,7,10.35,9.06,9.34,8.73,7.71428571428571,4.57142857142857,1,Chelsea,8,16,8,18,16.44,8.87,9.83,15.08,9.125,5.25,2.25
151,07/12/2019,Bournemouth,Liverpool,"['0 ', ' 3']",7,5.25,1.4,1.5,2.62,Bournemouth,8,5,9,5,8.27,9.88,9.55,11.86,6.125,6.375,0.625,Liverpool,7,17,8,19,12.37,8.02,9.05,17.22,10.5714285714286,4.71428571428571,2.71428571428571
152,07/12/2019,Tottenham,Burnley,"['5 ', ' 0']",1.4,4.75,8,1.57,2.37,Tottenham,7,11,11,9,9.68,8.28,10.47,9.93,4.71428571428571,6,1.28571428571429,Burnley,7,10,15,6,12.16,9.28,12.81,8.78,4.14285714285714,6.71428571428571,0.857142857142857
153,07/12/2019,Watford,Crystal Palace,"['0 ', ' 0']",2.37,3.3,3.1,2,1.8,Watford,7,5,10,5,5.96,11.51,14.65,8.74,4.28571428571429,7.28571428571429,0.714285714285714,Crystal Palace,7,6,10,7,5.66,13.67,16.54,7.5,4.85714285714286,10.1428571428571,1
154,07/12/2019,Manchester City,Manchester United,"['1 ', ' 2']",1.3,5.5,10,1.5,2.62,Manchester City,8,16,10,16,19.91,6.53,7.96,22.19,16.375,3.5,2,Manchester United,8,14,11,12,15.22,8.98,9.96,9.22,5.625,3.375,1.5
155,08/12/2019,Aston Villa,Leicester,"['1 ', ' 4']",4.33,3.8,1.8,1.61,2.3,Aston Villa,7,9,12,7,10.02,13.52,12.77,8.02,4.42857142857143,11.7142857142857,1,Leicester,7,21,2,21,15.6,5.89,7.24,16.34,8.71428571428571,4.57142857142857,3
156,08/12/2019,Newcastle United,Southampton,"['2 ', ' 1']",2.5,3.2,2.9,2.1,1.72,Newcastle United,7,10,9,11,6.5,13.92,25.3,6.3,3.14285714285714,12,1.57142857142857,Southampton,7,9,18,8,10.04,13.73,10.78,7.38,5.14285714285714,8.57142857142857,1.14285714285714
157,08/12/2019,Norwich,Sheffield United,"['1 ', ' 2']",2.9,3.5,2.37,1.8,2,Norwich,7,6,11,5,5.89,13.98,11.8,9.43,5.14285714285714,9.28571428571429,0.714285714285714,Sheffield United,7,10,8,10,9.69,8.65,11.14,10.97,7,5.28571428571429,1.42857142857143
158,08/12/2019,Brighton,Wolverhampton Wanderers,"['2 ', ' 2']",2.62,3.1,2.87,2.3,1.61,Brighton,7,10,12,9,9.45,13.97,9.05,14.44,6.57142857142857,7.71428571428571,1.28571428571429,Wolverhampton Wanderers,7,10,6,13,10.8,6.3,9.97,11.45,5.57142857142857,4.57142857142857,1.85714285714286
159,09/12/2019,West Ham,Arsenal,"['1 ', ' 3']",3.3,4,2,1.44,2.75,West Ham,7,6,14,4,7.09,14.5,8.98,9.91,6.71428571428571,6,0.571428571428571,Arsenal,7,8,12,4,9.01,10.5,9.6,11.41,7.71428571428571,6.14285714285714,0.571428571428571
160,14/12/2019,Liverpool,Watford,"['2 ', ' 0']",1.16,7.5,17,1.4,3,Liverpool,8,20,8,22,15.41,8.18,9.08,19.59,11.625,4.375,2.75,Watford,8,5,10,6,7.53,11.72,14.13,8.78,4.625,6.625,0.75
161,14/12/2019,Burnley,Newcastle United,"['1 ', ' 0']",1.95,3.4,4,2.1,1.72,Burnley,8,10,20,6,13.25,11.67,12.58,9.18,3.75,6.25,0.75,Newcastle United,8,12,10,14,7.61,15.82,23.59,6.07,3.125,11.25,1.75
162,14/12/2019,Chelsea,Bournemouth,"['0 ', ' 1']",1.25,6,12,1.4,3,Chelsea,8,13,10,15,15.55,9.64,9.12,14.48,10,5.25,1.875,Bournemouth,8,5,11,5,7.74,11.69,11.87,12.65,5.5,7.5,0.625
163,14/12/2019,Leicester,Norwich,"['1 ', ' 1']",1.22,6.5,13,1.44,2.75,Leicester,8,25,3,24,19.63,7.13,6.83,15.01,9.75,5.5,3,Norwich,8,7,13,5,6.47,14.69,11.86,9.64,5.375,8.375,0.625
164,14/12/2019,Sheffield United,Aston Villa,"['2 ', ' 0']",1.85,3.75,4.2,1.8,2,Sheffield United,8,12,9,13,10.4,9.24,11.14,11.14,6.375,5.5,1.625,Aston Villa,8,10,16,7,11.26,17.56,12.12,7.48,5.375,12.375,0.875
165,14/12/2019,Southampton,West Ham,"['0 ', ' 1']",1.9,3.8,3.8,1.61,2.3,Southampton,8,10,20,8,11.94,14.83,9.86,7.91,5.25,7.875,1,West Ham,8,7,17,4,7.61,16.3,9.55,10.38,6.375,6.125,0.5
166,15/12/2019,Manchester United,Everton,"['1 ', ' 1']",1.8,3.7,4.5,1.8,2,Manchester United,8,16,11,15,15.89,10.4,11.15,7.49,6,6.125,1.875,Everton,8,13,15,10,12.39,10.32,9.28,8.28,7.375,6.125,1.25
167,15/12/2019,Wolverhampton Wanderers,Tottenham,"['1 ', ' 2']",3.25,3.4,2.25,1.9,1.9,Wolverhampton Wanderers,8,12,8,14,12.67,7.26,11.04,10.58,6.25,4.75,1.75,Tottenham,8,16,11,12,12.07,9.37,10.55,10.1,4.5,5.375,1.5
168,15/12/2019,Arsenal,Manchester City,"['0 ', ' 3']",6,5.25,1.44,1.33,3.4,Arsenal,8,11,13,7,10.8,11.03,10.19,11.54,7.625,5.875,0.875,Manchester City,8,17,10,16,20.36,6.97,7.71,22.4,17.625,4.375,2
169,16/12/2019,Crystal Palace,Brighton,"['1 ', ' 1']",2.55,3.25,2.87,2.2,1.66,Crystal Palace,8,6,10,8,5.87,15.24,15.46,7.85,4.5,9.75,1,Brighton,8,12,14,10,10.4,15.84,8.58,15.28,6.5,8.125,1.25
170,21/12/2019,Everton,Arsenal,"['0 ', ' 0']",2.3,3.8,2.87,1.57,2.37,Everton,8,12,16,8,10.43,11.35,10,8.11,6.25,6.25,1,Arsenal,9,11,16,7,11.09,12.72,11.31,11.08,6.88888888888889,5.88888888888889,0.777777777777778
171,21/12/2019,Bournemouth,Burnley,"['0 ', ' 1']",2.4,3.4,2.9,1.9,1.9,Bournemouth,8,6,11,7,8.27,13.3,12.37,11.32,5,7.625,0.875,Burnley,8,10,18,9,12.89,11.93,11.52,9.49,3.625,5.75,1.125
172,21/12/2019,Aston Villa,Southampton,"['1 ', ' 3']",2.4,3.6,2.8,1.61,2.3,Aston Villa,8,8,17,4,9.27,18.12,11.67,7.32,4.625,12.75,0.5,Southampton,8,9,20,7,11.36,14.85,9.37,7.8,5.5,8.5,0.875
173,21/12/2019,Brighton,Sheffield United,"['0 ', ' 1']",2.2,3.25,3.5,2.1,1.72,Brighton,8,12,13,11,11.56,13.36,8,15.73,6.625,7.875,1.375,Sheffield United,9,14,9,16,12.29,10.21,10.8,11.1,7.11111111111111,5,1.77777777777778
174,21/12/2019,Newcastle United,Crystal Palace,"['1 ', ' 0']",2.37,3.1,3.25,2.5,1.53,Newcastle United,8,12,10,14,8.5,14.95,21.15,6.4,3.25,10,1.75,Crystal Palace,8,7,9,9,5.74,13.7,15.48,7.54,4.5,8.5,1.125
175,21/12/2019,Norwich,Wolverhampton Wanderers,"['1 ', ' 2']",3.75,3.8,1.9,1.8,2,Norwich,8,8,14,5,7.23,15.08,11.81,9,5.625,8.125,0.625,Wolverhampton Wanderers,8,12,9,13,12.51,6.87,10.1,10.14,6.875,5.375,1.625
176,21/12/2019,Manchester City,Leicester,"['3 ', ' 1']",1.36,5.25,7.5,1.4,3,Manchester City,8,18,10,16,18.04,6.64,7.94,22.17,15.75,3.875,2,Leicester,8,24,3,22,19.87,6.5,6.8,14.5,9.625,6,2.75
177,22/12/2019,Watford,Manchester United,"['2 ', ' 0']",4.33,4,1.75,1.9,1.9,Watford,8,4,11,5,7.7,12.4,14.07,8.36,5.25,6.625,0.625,Manchester United,8,16,11,15,16.58,9.64,9.62,8.18,6.375,5.5,1.875
178,22/12/2019,Tottenham,Chelsea,"['0 ', ' 2']",2.37,3.75,2.75,1.57,2.37,Tottenham,8,17,11,14,12.17,9.24,10.69,8.94,4.5,6.125,1.75,Chelsea,8,12,11,12,15.27,10.65,8.92,14.15,9.25,5.5,1.5
179,26/12/2019,Tottenham,Brighton,"['2 ', ' 1']",1.53,4.33,6,1.61,2.3,Tottenham,9,17,13,14,12.45,10.73,10.93,9.08,4.77777777777778,6.33333333333333,1.55555555555556,Brighton,9,12,14,11,11.99,15.01,8.03,16.2,6.88888888888889,7.11111111111111,1.22222222222222
180,26/12/2019,Bournemouth,Arsenal,"['1 ', ' 1']",3.5,3.9,1.95,1.57,2.37,Bournemouth,9,6,12,7,8.41,13.45,11.72,10.91,5.11111111111111,6.77777777777778,0.777777777777778,Arsenal,9,11,15,8,11.02,12.31,11.44,11.09,6.11111111111111,6.11111111111111,0.888888888888889
181,26/12/2019,Aston Villa,Norwich,"['1 ', ' 0']",2.1,3.75,3.3,1.53,2.5,Aston Villa,9,9,20,4,10.19,20.76,11.57,7.73,4.77777777777778,11.8888888888889,0.444444444444444,Norwich,9,9,16,5,8.5,16.73,12.1,9.05,5.44444444444445,7.44444444444445,0.555555555555556
182,26/12/2019,Chelsea,Southampton,"['0 ', ' 2']",1.33,5.25,9,1.5,2.62,Chelsea,9,14,11,15,16.76,10.93,9.11,14.02,9.11111111111111,5.66666666666667,1.66666666666667,Southampton,9,12,21,10,14,15.77,9.6,8.01,5.44444444444445,8.22222222222222,1.11111111111111
183,26/12/2019,Crystal Palace,West Ham,"['2 ', ' 1']",2.3,3.4,3.1,1.9,1.9,Crystal Palace,9,7,10,9,6.73,14.42,14.49,8.07,5.55555555555556,8.22222222222222,1,West Ham,8,8,15,7,8.06,14.87,9.74,11.04,7,5.625,0.875
184,26/12/2019,Everton,Burnley,"['1 ', ' 0']",1.7,3.75,5,1.9,1.9,Everton,9,12,16,9,10.92,12.23,10.25,8.1,6.44444444444445,5.66666666666667,1,Burnley,9,11,18,12,13.03,12.07,11.11,9.09,3.22222222222222,5.77777777777778,1.33333333333333
185,26/12/2019,Sheffield United,Watford,"['1 ', ' 1']",1.83,3.6,4.33,2.1,1.72,Sheffield United,9,14,9,16,13.05,9.69,11.41,11.47,6.55555555555556,5.11111111111111,1.77777777777778,Watford,9,6,11,8,9.29,13.93,13.29,7.97,5.55555555555556,6.77777777777778,0.888888888888889
186,26/12/2019,Manchester United,Newcastle United,"['4 ', ' 1']",1.33,5.25,9,1.72,2.1,Manchester United,9,16,13,15,18.11,11.24,9.12,8.27,6.55555555555556,5.77777777777778,1.66666666666667,Newcastle United,9,13,10,17,9.21,15.94,19.56,6.65,3.55555555555556,10.4444444444444,1.88888888888889
187,26/12/2019,Leicester,Liverpool,"['0 ', ' 4']",3.4,3.75,2.05,1.66,2.2,Leicester,9,25,6,22,20.88,10.09,8.22,13.51,8.55555555555556,7.22222222222222,2.44444444444444,Liverpool,8,21,7,24,15.95,8.4,9.13,18.33,12,5.125,3
188,27/12/2019,Wolverhampton Wanderers,Manchester City,"['3 ', ' 2']",8.5,5,1.36,1.57,2.37,Wolverhampton Wanderers,9,14,10,16,14.16,8.13,10.02,10.5,6.33333333333333,5.22222222222222,1.77777777777778,Manchester City,9,21,11,19,21.63,7.65,8.03,23.19,15.8888888888889,3.44444444444444,2.11111111111111
189,28/12/2019,Brighton,Bournemouth,"['2 ', ' 0']",1.75,3.9,4.33,1.9,1.9,Brighton,9,10,14,8,11.93,14.99,8.17,16.09,6.66666666666667,7.11111111111111,0.888888888888889,Bournemouth,9,7,13,7,9.07,14.2,12.95,10.2,5.77777777777778,7.66666666666667,0.777777777777778
190,28/12/2019,Newcastle United,Everton,"['1 ', ' 2']",3.6,3.4,2.05,2.1,1.72,Newcastle United,10,14,14,17,10.26,17.93,21.18,6.52,3.6,10,1.7,Everton,9,11,13,12,11.35,11.64,9.71,8.72,5.88888888888889,5.33333333333333,1.33333333333333
191,28/12/2019,Southampton,Crystal Palace,"['1 ', ' 1']",1.95,3.6,3.8,2,1.8,Southampton,9,14,12,13,14.52,12.25,9.25,8.38,5.55555555555556,8.33333333333333,1.44444444444444,Crystal Palace,10,9,11,12,8.87,15.21,14.05,8.3,6.2,8.2,1.2
192,28/12/2019,Watford,Aston Villa,"['3 ', ' 0']",1.95,3.8,3.6,1.72,2.1,Watford,9,7,12,8,9.21,15.07,13.8,8.26,5.66666666666667,7.11111111111111,0.888888888888889,Aston Villa,9,10,17,7,9.86,19.02,10.81,7.82,4.88888888888889,10.2222222222222,0.777777777777778
193,28/12/2019,Norwich,Tottenham,"['2 ', ' 2']",5,4,1.66,1.57,2.37,Norwich,10,9,17,5,9.95,17.39,11.82,9.26,5.2,7.1,0.5,Tottenham,10,19,14,17,13.48,11.82,10.84,9.13,5,5.9,1.7
194,28/12/2019,West Ham,Leicester,"['1 ', ' 2']",4,3.9,1.83,1.61,2.3,West Ham,8,8,16,6,6.52,15.85,9.73,10.44,6.875,6.25,0.75,Leicester,9,16,10,19,16.62,13.41,10.17,12.88,7.88888888888889,7.77777777777778,2.11111111111111
195,28/12/2019,Burnley,Manchester United,"['0 ', ' 2']",4.33,3.75,1.8,1.9,1.9,Burnley,9,9,15,12,11.36,12.56,10.77,8.55,2.44444444444444,5.33333333333333,1.33333333333333,Manchester United,10,20,14,18,20.11,12.29,8.69,9.57,6.5,5.6,1.8
196,29/12/2019,Arsenal,Chelsea,"['1 ', ' 2']",2.87,3.75,2.3,1.53,2.5,Arsenal,9,10,14,8,10.9,12.09,11.33,11.25,6.66666666666667,7,0.888888888888889,Chelsea,9,10,11,12,16.63,9.68,8.32,13.65,9.55555555555556,5,1.33333333333333
197,29/12/2019,Liverpool,Wolverhampton Wanderers,"['1 ', ' 0']",1.25,5.75,12,1.57,2.37,Liverpool,8,23,6,24,17.53,7.17,10.19,17.65,11.125,5,3,Wolverhampton Wanderers,9,16,11,18,14.62,9.05,10.31,10.04,6.11111111111111,5,2
198,29/12/2019,Manchester City,Sheffield United,"['2 ', ' 0']",1.16,7.5,16,1.4,3,Manchester City,9,20,14,16,19.96,9.06,8.73,21.64,14,3.55555555555556,1.77777777777778,Sheffield United,9,14,9,16,13.94,7.95,11.23,12.46,6.44444444444445,4.77777777777778,1.77777777777778
199,01/01/2020,Brighton,Chelsea,"['1 ', ' 1']",3.6,3.6,1.95,1.72,2.1,Brighton,10,12,14,11,12.99,15.49,8.28,16.18,7.1,6.9,1.1,Chelsea,10,12,12,15,18.13,10.46,8.1,13.68,9.4,5.2,1.5
200,01/01/2020,Burnley,Aston Villa,"['1 ', ' 2']",1.75,3.8,4.33,1.9,1.9,Burnley,10,9,17,12,11.75,14.66,11,8.53,2.5,5.7,1.2,Aston Villa,10,10,20,7,10.47,22.27,11.13,7.92,5,10,0.7
201,01/01/2020,Newcastle United,Leicester,"['0 ', ' 3']",5,3.8,1.66,1.9,1.9,Newcastle United,10,14,15,16,11.29,18.83,19.53,6.34,3.9,10,1.6,Leicester,10,18,11,22,19.25,14.19,9.92,12.28,7.9,7.7,2.2
202,01/01/2020,Southampton,Tottenham,"['1 ', ' 0']",3.3,3.5,2.1,1.66,2.2,Southampton,10,15,13,14,16,12.39,8.72,9.1,5.4,7.7,1.4,Tottenham,10,20,14,18,13.95,9.9,9.83,9.47,5.7,5,1.8
203,01/01/2020,Watford,Wolverhampton Wanderers,"['2 ', ' 1']",3,3.4,2.3,2,1.8,Watford,10,10,12,11,12.47,15.69,13.24,8.79,5.9,7,1.1,Wolverhampton Wanderers,10,16,12,18,14.98,10.54,11.15,9.58,5.8,5.9,1.8
204,01/01/2020,Manchester City,Everton,"['2 ', ' 1']",1.25,6.5,10,1.36,3.2,Manchester City,10,22,14,19,21.05,10.3,8.85,22.86,13.5,3.4,1.9,Everton,10,13,14,15,14.17,13.27,9.63,9.25,5.9,5.4,1.5
205,01/01/2020,Norwich,Crystal Palace,"['1 ', ' 1']",2.5,3.4,2.75,1.9,1.9,Norwich,10,10,16,6,9.33,14.7,11.72,9.28,5,7.6,0.6,Crystal Palace,10,8,10,12,7.23,15.15,13.78,7.99,6.3,7.8,1.2
206,01/01/2020,West Ham,Bournemouth,"['4 ', ' 0']",1.9,3.75,3.8,1.66,2.2,West Ham,9,9,18,6,7.3,18.47,9.63,10.08,6.88888888888889,6.44444444444445,0.666666666666667,Bournemouth,10,7,15,7,9.57,15.26,13.28,10.11,5.7,8,0.7
207,01/01/2020,Arsenal,Manchester United,"['2 ', ' 0']",2.55,3.6,2.62,1.66,2.2,Arsenal,10,11,16,8,11.69,13.58,11.65,10.67,6.7,7.1,0.8,Manchester United,10,19,13,18,17.7,11.78,8.57,9.96,6.8,5.3,1.8
208,02/01/2020,Liverpool,Sheffield United,"['2 ', ' 0']",1.2,6.5,13,1.53,2.5,Liverpool,9,24,6,27,19.02,7.53,9.57,18.04,11.4444444444444,4.77777777777778,3,Sheffield United,10,14,11,16,15.17,9.04,12.7,12.34,6,5.2,1.6
209,10/01/2020,Sheffield United,West Ham,"['1 ', ' 0']",1.95,3.4,4,2,1.8,Sheffield United,10,11,13,13,13.22,11.37,14.06,13.01,6.1,6.5,1.3,West Ham,9,11,15,9,8.09,17.26,11.13,10.15,5.88888888888889,6.33333333333333,1
210,11/01/2020,Crystal Palace,Arsenal,"['1 ', ' 1']",4.1,3.9,1.8,1.8,2,Crystal Palace,9,9,7,13,7.6,12.55,12.57,8.51,6.88888888888889,7.66666666666667,1.44444444444444,Arsenal,9,12,13,10,11.61,11.42,11.3,10.97,6.22222222222222,6.22222222222222,1.11111111111111
211,11/01/2020,Chelsea,Burnley,"['3 ', ' 0']",1.28,5.5,11,1.66,2.2,Chelsea,9,9,12,10,14.23,10.08,7.95,12.84,9.11111111111111,5.88888888888889,1.11111111111111,Burnley,9,7,16,9,10.96,13.35,11.2,9.25,2.88888888888889,5.66666666666667,1
212,11/01/2020,Everton,Brighton,"['1 ', ' 0']",1.85,3.8,4,1.8,2,Everton,9,11,14,11,11.78,14.08,11.18,9.23,5.22222222222222,6.77777777777778,1.22222222222222,Brighton,10,11,15,9,11.9,16.61,8.86,15.03,6.6,7.1,0.9
213,11/01/2020,Leicester,Southampton,"['1 ', ' 2']",1.6,4,5.5,1.66,2.2,Leicester,9,17,11,19,19.33,13.56,9.65,13.28,8.44444444444445,7.11111111111111,2.11111111111111,Southampton,9,14,9,17,15.88,8.01,7.86,10.06,6.11111111111111,4.88888888888889,1.88888888888889
214,11/01/2020,Manchester United,Norwich,"['4 ', ' 0']",1.33,5.25,8.5,1.57,2.37,Manchester United,10,19,14,18,17.77,11.82,8.91,10.45,6.9,5.8,1.8,Norwich,9,11,13,7,9.91,11.98,11.73,8.86,4.55555555555556,7.22222222222222,0.777777777777778
215,11/01/2020,Wolverhampton Wanderers,Newcastle United,"['1 ', ' 1']",1.44,4.5,7.5,2,1.8,Wolverhampton Wanderers,10,16,13,17,14.71,10.59,10.85,10.05,5.9,5.7,1.7,Newcastle United,9,9,15,10,7.81,17.81,22.32,6.04,3.44444444444444,9.88888888888889,1.11111111111111
216,11/01/2020,Tottenham,Liverpool,"['0 ', ' 1']",4.5,4.33,1.66,1.61,2.3,Tottenham,9,18,13,16,13.27,9.34,9.46,8.64,6.22222222222222,4.44444444444445,1.77777777777778,Liverpool,9,24,5,27,19.68,7.42,10.47,19.4,11.4444444444444,5.33333333333333,3
217,12/01/2020,Bournemouth,Watford,"['0 ', ' 3']",2.6,3.3,2.7,1.9,1.9,Bournemouth,9,5,17,4,6.5,14.61,14.85,10.68,5.33333333333333,8.77777777777778,0.444444444444444,Watford,9,9,11,11,10.7,14.11,12.69,8.61,6.33333333333333,6.44444444444445,1.22222222222222
218,12/01/2020,Aston Villa,Manchester City,"['1 ', ' 6']",13,8.5,1.16,1.28,3.75,Aston Villa,9,10,17,10,11,20.13,12.02,8.51,5.88888888888889,9.44444444444445,1.11111111111111,Manchester City,9,21,11,19,18,8.92,9.38,23.45,11.5555555555556,3.11111111111111,2.11111111111111
219,18/01/2020,Watford,Tottenham,"['0 ', ' 0']",3.25,3.5,2.2,1.8,2,Watford,10,12,11,14,13,14.43,12.55,8.97,6.4,6.3,1.4,Tottenham,10,18,14,16,14.38,11.08,10.85,8.89,6,6.1,1.6
220,18/01/2020,Arsenal,Sheffield United,"['1 ', ' 1']",1.83,3.6,4.33,2,1.8,Arsenal,10,13,14,11,13.05,11.74,10.49,10.73,6.4,6.1,1.1,Sheffield United,10,11,12,15,14.33,10.76,13.87,13.14,5.9,6.4,1.5
221,18/01/2020,Brighton,Aston Villa,"['1 ', ' 1']",1.66,4,5,1.66,2.2,Brighton,10,10,13,9,12.3,14.99,10,14.5,7,7.2,0.9,Aston Villa,10,11,23,10,12.13,23.88,13.83,8.39,5.4,10.5,1
222,18/01/2020,Manchester City,Crystal Palace,"['2 ', ' 2']",1.1,11,19,1.3,3.5,Manchester City,10,27,12,22,21.75,10.05,9.17,24.52,12.4,2.9,2.2,Crystal Palace,10,10,8,14,7.92,13.99,11.94,8.18,6.7,7.7,1.4
223,18/01/2020,Norwich,Bournemouth,"['1 ', ' 0']",2.2,3.5,3.25,1.8,2,Norwich,10,11,17,7,10.19,15.12,12.15,8.24,4.5,8.2,0.7,Bournemouth,10,5,20,4,6.82,16.91,14.7,10.77,5.3,8.6,0.4
224,18/01/2020,Southampton,Wolverhampton Wanderers,"['2 ', ' 3']",2.4,3.4,3,2,1.8,Southampton,10,16,10,20,18.28,8.79,7.84,10.16,5.8,4.6,2,Wolverhampton Wanderers,10,15,13,15,14.65,10.3,10.64,11.14,5.3,5.9,1.5
225,18/01/2020,West Ham,Everton,"['1 ', ' 1']",2.9,3.5,2.37,1.8,2,West Ham,9,11,13,9,8.52,16.87,11.64,10.26,5.66666666666667,6.22222222222222,1,Everton,10,12,14,14,13.8,15.62,10.9,9.89,5.7,6.7,1.4
226,18/01/2020,Newcastle United,Chelsea,"['1 ', ' 0']",6,4.5,1.5,1.72,2.1,Newcastle United,10,10,16,11,7.99,19.85,21.47,5.88,3.3,9.1,1.1,Chelsea,10,12,12,13,17.11,10.79,8.06,13.52,9.2,5.4,1.3
227,19/01/2020,Burnley,Leicester,"['2 ', ' 1']",4.33,3.75,1.83,1.9,1.9,Burnley,10,7,19,9,11.68,16.23,12.08,9.28,2.7,6.1,0.9,Leicester,10,18,13,19,20.11,15.97,9.77,12.52,7.8,6.7,1.9
228,19/01/2020,Liverpool,Manchester United,"['2 ', ' 0']",1.36,5.25,8,1.66,2.2,Liverpool,9,22,4,27,20.09,7.05,9.98,21.3,13.1111111111111,4.77777777777778,3,Manchester United,10,20,13,18,17.26,10.96,7.88,11.61,7.7,6,1.8
229,21/01/2020,Bournemouth,Brighton,"['3 ', ' 1']",2.87,3.4,2.45,2,1.8,Bournemouth,11,5,21,4,7.38,18.67,14.6,10.7,5.18181818181818,8.36363636363636,0.363636363636364,Brighton,11,11,14,10,13.6,16.01,9.69,14.06,7,6.90909090909091,0.909090909090909
230,21/01/2020,Aston Villa,Watford,"['2 ', ' 1']",2.8,3.5,2.45,1.9,1.9,Aston Villa,11,12,24,11,13.15,25.18,13.46,8.26,5.27272727272727,10.1818181818182,1,Watford,11,12,11,15,15.39,16.2,12.14,8.83,6.63636363636364,6.90909090909091,1.36363636363636
231,21/01/2020,Everton,Newcastle United,"['2 ', ' 2']",1.55,4.1,6,1.9,1.9,Everton,11,13,15,15,15.76,17.3,10.65,9.88,5.54545454545455,6.27272727272727,1.36363636363636,Newcastle United,11,11,16,14,8.89,21.91,21.59,5.71,3.27272727272727,9.27272727272727,1.27272727272727
232,21/01/2020,Sheffield United,Manchester City,"['0 ', ' 1']",7,5,1.4,1.61,2.3,Sheffield United,11,12,13,16,15.51,11.99,13.2,12.76,5.45454545454545,6.36363636363636,1.45454545454545,Manchester City,11,29,14,23,24.23,10.63,8.77,24.81,13.3636363636364,2.81818181818182,2.09090909090909
233,21/01/2020,Crystal Palace,Southampton,"['0 ', ' 2']",2.7,3.25,2.7,2.2,1.66,Crystal Palace,11,12,10,15,8.51,16.46,12.78,7.89,6.27272727272727,9.09090909090909,1.36363636363636,Southampton,11,18,13,20,19.07,10.97,7.55,10.49,5.45454545454545,4.63636363636364,1.81818181818182
234,21/01/2020,Chelsea,Arsenal,"['2 ', ' 2']",1.72,3.9,4.5,1.72,2.1,Chelsea,11,12,13,13,19.16,11.69,7.66,13.91,9.36363636363636,5.18181818181818,1.18181818181818,Arsenal,11,14,15,12,14.28,12.92,10.41,10.53,6.36363636363636,5.63636363636364,1.09090909090909
235,22/01/2020,Leicester,West Ham,"['4 ', ' 1']",1.53,4.33,6,1.57,2.37,Leicester,11,19,15,19,22.45,17.48,9.77,12.26,8.36363636363636,6.36363636363636,1.72727272727273,West Ham,10,12,14,10,10.2,18.83,11.47,10,5.3,6,1
236,22/01/2020,Tottenham,Norwich,"['2 ', ' 1']",1.4,5,7.5,1.53,2.5,Tottenham,11,18,14,17,16.14,13.47,10.61,8.92,6.63636363636364,6.36363636363636,1.54545454545455,Norwich,11,12,17,10,11.95,15.67,11.95,8.68,4.63636363636364,7.81818181818182,0.909090909090909
237,22/01/2020,Manchester United,Burnley,"['0 ', ' 2']",1.36,4.75,9,1.8,2,Manchester United,11,20,15,18,18.67,12.97,8.39,11.56,7.45454545454545,6.54545454545455,1.63636363636364,Burnley,11,9,20,12,13.19,18.56,11.84,9.34,2.72727272727273,6.81818181818182,1.09090909090909
238,23/01/2020,Wolverhampton Wanderers,Liverpool,"['1 ', ' 2']",5.75,3.8,1.61,1.8,2,Wolverhampton Wanderers,11,18,15,18,16.83,11.08,10.89,10.37,5.27272727272727,5.54545454545455,1.63636363636364,Liverpool,10,24,4,30,22.1,8.47,10.09,20.67,13,4.8,3
239,29/01/2020,West Ham,Liverpool,"['0 ', ' 2']",8.5,5.5,1.33,1.57,2.37,West Ham,10,11,15,10,10.71,19.53,11.81,9.65,4.9,7.5,1,Liverpool,10,24,4,30,22.04,9.3,10.31,20.72,12.1,4.4,3
240,01/02/2020,Leicester,Chelsea,"['2 ', ' 2']",2.5,3.6,2.7,1.72,2.1,Leicester,11,21,16,19,21.85,17.86,8.78,12.29,9.18181818181818,5.81818181818182,1.72727272727273,Chelsea,11,13,13,14,21.73,11.02,7.01,14.02,10.7272727272727,4.09090909090909,1.27272727272727
241,01/02/2020,Bournemouth,Aston Villa,"['2 ', ' 1']",2.1,3.6,3.3,1.8,2,Bournemouth,11,7,20,7,8.45,19.37,14.16,10.1,5.45454545454545,8.09090909090909,0.636363636363636,Aston Villa,11,12,25,11,11.52,26.29,13.29,7.86,4.54545454545455,10,1
242,01/02/2020,Crystal Palace,Sheffield United,"['0 ', ' 1']",3.1,3.1,2.5,2.62,1.5,Crystal Palace,11,11,10,15,8.16,15.95,11.7,7.34,6.36363636363636,8.81818181818182,1.36363636363636,Sheffield United,11,9,11,15,14.72,13.53,14.21,12.95,5.72727272727273,6.81818181818182,1.36363636363636
243,01/02/2020,Liverpool,Southampton,"['4 ', ' 0']",1.25,6,12,1.53,2.5,Liverpool,11,26,4,33,24.64,10.17,10,21.92,12,4.18181818181818,3,Southampton,11,18,11,22,17.6,10.04,7.2,10.7,5.27272727272727,5.18181818181818,2
244,01/02/2020,Newcastle United,Norwich,"['0 ', ' 0']",2.2,3.4,3.3,2,1.8,Newcastle United,11,13,16,15,8.76,21.26,21.07,6.11,3.18181818181818,8.45454545454546,1.36363636363636,Norwich,11,11,19,7,11.57,17.08,12.57,8.91,5.27272727272727,7.09090909090909,0.636363636363636
245,01/02/2020,Watford,Everton,"['2 ', ' 3']",2.75,3.3,2.62,2,1.8,Watford,11,13,10,15,16.3,14.61,12.23,8.33,6.27272727272727,7.27272727272727,1.36363636363636,Everton,11,15,15,16,17,16.06,11.12,10.58,4.63636363636364,6.09090909090909,1.45454545454545
246,01/02/2020,West Ham,Brighton,"['3 ', ' 3']",2.6,3.3,2.75,1.9,1.9,West Ham,11,11,17,10,11.58,22.13,13.13,9.4,4.63636363636364,7.81818181818182,0.909090909090909,Brighton,11,12,15,10,14.79,14.42,9.05,13.22,6.63636363636364,6.63636363636364,0.909090909090909
247,01/02/2020,Manchester United,Wolverhampton Wanderers,"['0 ', ' 0']",2.25,3.25,3.4,2.2,1.66,Manchester United,11,17,14,17,18.76,12.12,8.47,11.91,7.90909090909091,6.54545454545455,1.54545454545455,Wolverhampton Wanderers,11,17,16,15,17.41,11.83,11.43,10.22,5,5.45454545454545,1.36363636363636
248,02/02/2020,Burnley,Arsenal,"['0 ', ' 0']",3.6,3.6,2,1.9,1.9,Burnley,10,8,18,12,9.39,18.14,12.59,10.09,2.6,7.5,1.2,Arsenal,11,14,15,12,13.24,13.7,11.47,10.69,6.27272727272727,6.63636363636364,1.09090909090909
249,02/02/2020,Tottenham,Manchester City,"['2 ', ' 0']",5.5,4.6,1.53,1.5,2.62,Tottenham,10,14,11,14,13.23,13.21,10.75,9.07,6.8,6.9,1.4,Manchester City,10,26,11,22,23.42,10.38,8.42,24.58,13.2,2.9,2.2
250,08/02/2020,Everton,Crystal Palace,"['3 ', ' 1']",1.61,3.8,6,2.1,1.72,Everton,10,15,10,19,16.69,12.33,10.6,11.06,4.9,5,1.9,Crystal Palace,10,8,11,9,7.81,14.61,11.54,7.64,6.4,8.6,0.9
251,08/02/2020,Brighton,Watford,"['1 ', ' 1']",2.1,3.4,3.6,2,1.8,Brighton,10,12,15,8,14.42,13.4,8.41,13.37,7.5,6.1,0.8,Watford,10,14,9,15,16.52,13.05,11.64,8.52,6.2,6.8,1.5
252,09/02/2020,Sheffield United,Bournemouth,"['2 ', ' 1']",1.66,3.6,5.75,2.3,1.61,Sheffield United,10,9,8,17,13.02,12.69,15.24,11.67,4.6,7.4,1.7,Bournemouth,9,7,14,10,9.65,14.42,13.65,9.4,5.55555555555556,6.88888888888889,1.11111111111111
253,14/02/2020,Wolverhampton Wanderers,Leicester,"['0 ', ' 0']",2.5,3.3,2.87,2,1.8,Wolverhampton Wanderers,9,12,13,11,13.98,10.08,10.99,10.85,4.33333333333333,5.44444444444445,1.22222222222222,Leicester,9,15,16,11,14.95,15.97,9.75,12.25,7.88888888888889,6.11111111111111,1.22222222222222
254,15/02/2020,Southampton,Burnley,"['1 ', ' 2']",1.75,3.8,4.75,1.9,1.9,Southampton,9,13,11,16,12.45,11.25,7.63,9.29,4.66666666666667,6,1.77777777777778,Burnley,9,7,9,13,10.07,14.66,11.55,9.38,2.88888888888889,7,1.44444444444444
255,15/02/2020,Norwich,Liverpool,"['0 ', ' 1']",11,6.25,1.25,1.53,2.5,Norwich,9,7,13,7,11.67,13.34,11.06,8.96,6.11111111111111,6.55555555555556,0.777777777777778,Liverpool,9,20,1,27,21.54,8.1,9.12,22.54,11.1111111111111,4.66666666666667,3
256,16/02/2020,Aston Villa,Tottenham,"['2 ', ' 3']",4,3.8,1.85,1.72,2.1,Aston Villa,8,9,17,10,8.56,19.27,14.04,8.85,4.875,7.625,1.25,Tottenham,9,10,9,14,10.71,13.9,11.95,8.91,7.66666666666667,9.77777777777778,1.55555555555556
257,16/02/2020,Arsenal,Newcastle United,"['4 ', ' 0']",1.4,4.75,8,1.72,2.1,Arsenal,9,8,10,9,10,13.08,10.86,10.14,5.55555555555556,7.44444444444445,1,Newcastle United,8,7,12,9,6.76,16.8,19.1,6.5,3.375,8.625,1.125
258,17/02/2020,Chelsea,Manchester United,"['0 ', ' 2']",1.85,3.5,4.5,1.9,1.9,Chelsea,8,12,9,12,14.55,7.45,7.91,14.21,10.375,4.625,1.5,Manchester United,8,10,9,10,13.5,9.48,7.88,13.65,8.5,5.75,1.25
259,19/02/2020,Manchester City,West Ham,"['2 ', ' 0']",1.12,9.5,17,1.22,4.33,Manchester City,8,18,10,16,20.34,8.4,9.01,25.54,13.875,2.875,2,West Ham,8,11,15,5,9.84,17.01,14.75,8.58,4.625,8.75,0.625
260,22/02/2020,Chelsea,Tottenham,"['2 ', ' 1']",1.72,4,4.5,1.8,2,Chelsea,9,12,11,12,15.49,8.13,8.01,14.05,10.4444444444444,4.33333333333333,1.33333333333333,Tottenham,9,11,10,14,13.58,14.89,11.9,9.26,7.55555555555556,9.77777777777778,1.55555555555556
261,22/02/2020,Burnley,Bournemouth,"['3 ', ' 0']",2.1,3.3,3.7,2.2,1.66,Burnley,9,8,10,13,9.52,14.27,11.94,9.02,2.88888888888889,7.44444444444445,1.44444444444444,Bournemouth,9,7,16,7,9.51,14.44,12.86,10.15,6.11111111111111,7.33333333333333,0.777777777777778
262,22/02/2020,Crystal Palace,Newcastle United,"['1 ', ' 0']",1.95,3.4,4.2,2.5,1.53,Crystal Palace,9,8,13,7,7.98,13.35,10.67,7.75,7.22222222222222,7.77777777777778,0.777777777777778,Newcastle United,9,7,16,9,7.93,19.82,19.15,6.4,3.44444444444444,9.44444444444445,1
263,22/02/2020,Sheffield United,Brighton,"['1 ', ' 1']",1.95,3.4,4.2,2.2,1.66,Sheffield United,9,7,8,14,12.46,12.21,16.08,11.48,4.55555555555556,8.22222222222222,1.55555555555556,Brighton,9,10,13,7,11.75,11.32,9.17,12.47,7.22222222222222,5.33333333333333,0.777777777777778
264,22/02/2020,Southampton,Aston Villa,"['2 ', ' 0']",1.61,4.33,5,1.57,2.37,Southampton,9,14,12,16,12.34,11.24,7.61,9.08,4.55555555555556,5.33333333333333,1.77777777777778,Aston Villa,9,11,20,10,10.27,23.13,13.45,8.84,5.22222222222222,7.77777777777778,1.11111111111111
265,22/02/2020,Leicester,Manchester City,"['0 ', ' 1']",4.5,4.2,1.7,1.53,2.5,Leicester,9,14,15,11,14.41,15.95,9.7,12.59,7.66666666666667,6,1.22222222222222,Manchester City,9,20,10,19,22.48,8.49,9.09,25.57,13.7777777777778,2.66666666666667,2.11111111111111
266,23/02/2020,Manchester United,Watford,"['3 ', ' 0']",1.6,3.9,6,1.9,1.9,Manchester United,9,12,9,13,14.19,10.42,8.51,13.11,7.77777777777778,6.33333333333333,1.44444444444444,Watford,9,15,8,15,14.21,12.04,11.51,8.83,5.66666666666667,7,1.66666666666667
267,23/02/2020,Wolverhampton Wanderers,Norwich,"['3 ', ' 0']",1.5,4.2,7,1.9,1.9,Wolverhampton Wanderers,8,9,10,9,12.76,8.36,12.56,10.22,4.375,4.75,1.125,Norwich,8,5,11,6,9.63,12.7,12.15,9.06,5.875,8.125,0.75
268,23/02/2020,Arsenal,Everton,"['3 ', ' 2']",2,3.6,3.7,1.72,2.1,Arsenal,8,12,7,11,11.86,12.07,9.49,10.91,8,7.125,1.375,Everton,8,14,9,17,16.68,9.57,10.21,11.84,4.5,4.5,2.125
269,24/02/2020,Liverpool,West Ham,"['3 ', ' 2']",1.16,8,15,1.36,3.2,Liverpool,9,19,1,27,22.04,7.48,9.5,24.32,11.4444444444444,4.22222222222222,3,West Ham,9,11,17,5,9.93,19.15,15.68,8.69,4.22222222222222,9.22222222222222,0.555555555555556
270,28/02/2020,Norwich,Leicester,"['1 ', ' 0']",4.33,4.1,1.72,1.72,2.1,Norwich,8,5,13,6,8.54,15.3,12.14,9.04,6.125,8,0.75,Leicester,8,13,9,11,14,11.02,8.39,12.36,8.625,5.375,1.375
271,29/02/2020,Brighton,Crystal Palace,"['0 ', ' 1']",2.05,3.25,3.9,2.3,1.61,Brighton,8,10,11,8,11.29,10.29,9.7,11.58,7,5.875,1,Crystal Palace,8,7,11,7,6.61,12,10.13,7.12,5.875,7.25,0.875
272,29/02/2020,Bournemouth,Chelsea,"['2 ', ' 2']",4.75,3.8,1.72,1.8,2,Bournemouth,8,6,17,6,9.57,15.97,12.55,10.97,5.625,7.25,0.75,Chelsea,8,12,10,12,14.92,7.14,8.11,13.91,10.125,3.875,1.5
273,29/02/2020,Newcastle United,Burnley,"['0 ', ' 0']",2.62,3.1,2.9,2.3,1.61,Newcastle United,8,5,13,6,6.33,18.6,17.35,6.36,2.875,9.125,0.75,Burnley,8,10,9,13,11.91,14.41,12.24,10.22,3.75,8,1.625
274,29/02/2020,West Ham,Southampton,"['3 ', ' 1']",2.65,3.6,2.5,1.72,2.1,West Ham,9,12,18,5,9.78,19.49,17.75,7.69,3.66666666666667,9.44444444444445,0.555555555555556,Southampton,8,11,11,13,11.75,9.93,6.75,9.35,5.125,4.5,1.625
275,29/02/2020,Watford,Liverpool,"['3 ', ' 0']",8,4.75,1.4,1.66,2.2,Watford,8,12,10,11,12.32,10.97,10.91,8.99,5,7.125,1.375,Liverpool,9,18,3,27,20.75,7.99,8.32,25.44,12.3333333333333,4.22222222222222,3
276,01/03/2020,Everton,Manchester United,"['1 ', ' 1']",2.5,3.25,2.9,1.9,1.9,Everton,7,13,11,11,15.03,8.71,10.95,11.56,4.14285714285714,4.85714285714286,1.57142857142857,Manchester United,7,9,6,10,11.06,7.68,9.46,11.34,7.85714285714286,6.42857142857143,1.42857142857143
277,01/03/2020,Tottenham,Wolverhampton Wanderers,"['2 ', ' 3']",2.45,3.2,3,2.2,1.66,Tottenham,7,8,7,10,10.72,13.82,12.13,8.77,6.28571428571429,11.2857142857143,1.42857142857143,Wolverhampton Wanderers,8,9,8,9,13.61,7.2,12.12,9.57,4.25,5.25,1.125
278,07/03/2020,Liverpool,Bournemouth,"['2 ', ' 1']",1.22,6.5,13,1.44,2.75,Liverpool,8,15,6,21,16.42,9.71,8.43,25.62,11.625,4.25,2.625,Bournemouth,7,8,13,7,9.94,14.57,12.53,8.7,5.71428571428571,7.57142857142857,1
279,07/03/2020,Arsenal,West Ham,"['1 ', ' 0']",1.57,4.4,5.5,1.57,2.37,Arsenal,6,11,6,10,9.07,10.96,8.98,10.59,6.83333333333333,6,1.66666666666667,West Ham,8,10,17,5,9.45,17.01,18.78,6.73,2.875,10,0.625
280,07/03/2020,Crystal Palace,Watford,"['1 ', ' 0']",2.55,3.2,2.9,2.3,1.61,Crystal Palace,7,6,9,8,7.34,10.65,10.43,6.85,6.14285714285714,7.85714285714286,1.14285714285714,Watford,7,10,9,8,10.71,9.33,11.68,8.59,4.42857142857143,8,1.14285714285714
281,07/03/2020,Sheffield United,Norwich,"['1 ', ' 0']",1.65,3.75,5.75,2.1,1.72,Sheffield United,6,6,4,11,8.55,8.11,10.89,10.98,5.33333333333333,6,1.83333333333333,Norwich,7,3,10,7,7.2,13.6,12.27,8.92,6.14285714285714,8,1
282,07/03/2020,Southampton,Newcastle United,"['0 ', ' 1']",1.61,4.1,5.25,1.8,2,Southampton,7,10,13,9,9.63,11.5,6.8,9.54,5.71428571428571,5,1.28571428571429,Newcastle United,7,4,8,7,5.03,13.95,13.86,6.9,2.85714285714286,7.42857142857143,1
283,07/03/2020,Wolverhampton Wanderers,Brighton,"['0 ', ' 0']",1.61,3.9,5.75,2,1.8,Wolverhampton Wanderers,7,11,7,12,14.64,6.27,11.69,8.81,3.71428571428571,3.71428571428571,1.71428571428571,Brighton,7,7,11,4,10.45,10.39,8.76,12.22,6.14285714285714,5.71428571428571,0.571428571428571
284,07/03/2020,Burnley,Tottenham,"['1 ', ' 1']",2.7,3.3,2.62,2.1,1.72,Burnley,7,9,5,14,9.8,11.68,12.11,8.53,2.71428571428571,7.85714285714286,2,Tottenham,7,10,9,10,11.27,14.93,12.14,9.91,6.42857142857143,11,1.42857142857143
285,08/03/2020,Chelsea,Everton,"['4 ', ' 0']",1.8,3.9,4.2,1.72,2.1,Chelsea,7,11,10,9,13.83,6.37,7.92,14.78,11.4285714285714,2.57142857142857,1.28571428571429,Everton,7,13,10,12,16.59,8.03,9.16,11.5,4.57142857142857,4.57142857142857,1.71428571428571
286,08/03/2020,Manchester United,Manchester City,"['2 ', ' 0']",5,4.33,1.6,1.66,2.2,Manchester United,7,10,5,11,11.47,8.19,9.12,10.67,8.14285714285714,6,1.57142857142857,Manchester City,6,12,5,13,16.91,3.72,7.07,25.89,16.6666666666667,3.16666666666667,2.16666666666667
287,09/03/2020,Leicester,Aston Villa,"['4 ', ' 0']",1.36,5.25,8,1.53,2.5,Leicester,7,8,9,5,10.36,10.05,9.43,10.29,7.85714285714286,5.57142857142857,0.714285714285714,Aston Villa,6,7,15,4,6.81,16.47,11.4,8.33,5,8.66666666666667,0.666666666666667
288,17/06/2020,Aston Villa,Sheffield United,"['0 ', ' 0']",3.2,3.4,2.25,2.1,1.72,Aston Villa,28,34,56,25,34.81,61.47,11.69,7.98,5.21428571428571,10.0714285714286,0.892857142857143,Sheffield United,28,30,25,43,36.65,36.88,12.9,11.59,5.53571428571429,6.25,1.53571428571429
289,17/06/2020,Manchester City,Arsenal,"['3 ', ' 0']",1.36,5.25,7.5,1.36,3.2,Manchester City,28,68,31,57,73.08,27.87,8.18,23.23,13.9285714285714,3.32142857142857,2.03571428571429,Arsenal,28,40,36,40,38.41,42.43,10.27,11.07,7.57142857142857,6.46428571428571,1.42857142857143
290,19/06/2020,Norwich,Southampton,"['0 ', ' 3']",2.8,3.5,2.45,1.9,1.9,Norwich,29,25,52,21,32.32,53.44,11.5,9.51,6.06896551724138,8.41379310344828,0.724137931034483,Southampton,29,35,52,34,41.59,45.15,8.28,9.57,5.37931034482759,6.3448275862069,1.17241379310345
291,19/06/2020,Tottenham,Manchester United,"['1 ', ' 1']",3,3.4,2.37,1.9,1.9,Tottenham,29,47,40,41,39.59,44.62,10.8,9.67,6.31034482758621,7.3448275862069,1.41379310344828,Manchester United,29,44,30,45,49.06,30.56,9.69,10.07,6.75862068965517,5.20689655172414,1.55172413793103
292,20/06/2020,Watford,Leicester,"['1 ', ' 1']",3.6,3.5,2.05,1.9,1.9,Watford,29,27,44,27,37.15,44.24,12.29,9.99,5.93103448275862,7.13793103448276,0.931034482758621,Leicester,29,58,28,53,47.77,37.43,8.02,12.3,8,5.79310344827586,1.82758620689655
293,20/06/2020,Brighton,Arsenal,"['2 ', ' 1']",3.1,3.25,2.37,1.9,1.9,Brighton,29,32,40,29,39.03,44.62,8.82,13.59,6.86206896551724,6.41379310344828,1,Arsenal,29,40,39,40,38.91,45.17,10.69,11.02,7.3448275862069,6.68965517241379,1.37931034482759
294,20/06/2020,West Ham,Wolverhampton Wanderers,"['0 ', ' 2']",3.6,3.4,2.1,2,1.8,West Ham,29,35,50,27,34.95,57.28,12.94,8.99,6.17241379310345,8.03448275862069,0.931034482758621,Wolverhampton Wanderers,29,41,34,43,44.62,31.31,12.84,9.73,4.6551724137931,5.62068965517241,1.48275862068966
295,20/06/2020,Bournemouth,Crystal Palace,"['0 ', ' 2']",2.45,3.2,3,2.1,1.72,Bournemouth,29,29,47,27,34.23,49.96,13.16,9.22,5.41379310344828,8.51724137931035,0.931034482758621,Crystal Palace,29,26,32,39,27.76,43.84,12.79,7.89,6.31034482758621,7.75862068965517,1.3448275862069
296,21/06/2020,Newcastle United,Sheffield United,"['3 ', ' 0']",3.3,3.1,2.37,2.5,1.53,Newcastle United,29,25,41,35,25.92,52.33,19.16,7.01,3.20689655172414,9.17241379310345,1.20689655172414,Sheffield United,29,30,25,44,36.88,37.89,12.71,11.73,5.41379310344828,6.20689655172414,1.51724137931034
297,21/06/2020,Aston Villa,Chelsea,"['1 ', ' 2']",6,4.5,1.5,1.57,2.37,Aston Villa,29,34,56,26,35.82,61.7,11.8,7.98,5.20689655172414,9.79310344827586,0.896551724137931,Chelsea,29,51,39,48,56.09,31.14,8.8,13.39,9.03448275862069,4.48275862068966,1.6551724137931
298,21/06/2020,Everton,Liverpool,"['0 ', ' 0']",6,4.2,1.55,1.66,2.2,Everton,29,37,46,37,46.58,37.24,9.62,10.51,5.75862068965517,5.31034482758621,1.27586206896552,Liverpool,29,66,21,82,61.03,28.69,8.29,21.04,11.2068965517241,4.10344827586207,2.82758620689655
299,22/06/2020,Manchester City,Burnley,"['5 ', ' 0']",1.12,9,15,1.33,3.4,Manchester City,29,71,31,60,75.82,28.36,8.23,23.34,13.8965517241379,3.24137931034483,2.06896551724138,Burnley,29,34,40,39,40.37,40.53,11.75,8.52,3.3448275862069,6.68965517241379,1.3448275862069
300,23/06/2020,Leicester,Brighton,"['0 ', ' 0']",1.6,4,5.75,1.9,1.9,Leicester,1,1,1,1,1.05,1.01,3.8,13.38,3,5,1,Brighton,1,2,1,3,0.67,0.7,17.17,9.56,7,4,3
301,23/06/2020,Tottenham,West Ham,"['2 ', ' 0']",1.66,4,5,1.8,2,Tottenham,1,1,1,1,0.53,1.77,16.05,5.55,1,7,1,West Ham,1,0,2,0,0.44,1.06,17.24,16.08,1,8,0
302,24/06/2020,Manchester United,Sheffield United,"['3 ', ' 0']",1.4,4.5,8.5,2,1.8,Manchester United,1,1,1,1,1.77,0.53,5.55,16.05,7,1,1,Sheffield United,2,0,3,1,0.81,3.16,11,21,3,4.5,0.5
303,24/06/2020,Newcastle United,Aston Villa,"['1 ', ' 1']",2.3,3.3,3.2,2.1,1.72,Newcastle United,1,3,0,3,2.15,0.57,27.7,15.61,4,4,3,Aston Villa,2,1,2,1,2.58,1.38,19.41,7.26,2.5,6,0.5
304,24/06/2020,Norwich,Everton,"['0 ', ' 1']",3.9,3.6,1.9,1.8,2,Norwich,1,0,3,0,0.65,1.87,7.93,5.61,2,8,0,Everton,1,0,0,1,0.62,0.66,18.47,3.97,1,10,1
305,24/06/2020,Wolverhampton Wanderers,Bournemouth,"['1 ', ' 0']",1.55,4,6,2.1,1.72,Wolverhampton Wanderers,1,2,0,3,1.06,0.44,16.08,17.24,8,1,3,Bournemouth,1,0,2,0,0.36,0.79,9,9.79,6,4,0
306,24/06/2020,Liverpool,Crystal Palace,"['4 ', ' 0']",1.22,6.5,13,1.66,2.2,Liverpool,1,0,0,1,0.66,0.62,3.97,18.47,10,1,1,Crystal Palace,1,2,0,3,0.79,0.36,9.79,9,4,6,3
307,25/06/2020,Burnley,Watford,"['1 ', ' 0']",3,3.25,2.45,2.2,1.66,Burnley,1,0,5,0,0.03,2.71,45.82,12.5,0,13,0,Watford,1,1,1,1,1.01,1.05,13.38,3.8,5,3,1
308,25/06/2020,Southampton,Arsenal,"['0 ', ' 2']",2.6,3.5,2.62,1.8,2,Southampton,1,3,0,3,1.87,0.65,5.61,7.93,8,2,3,Arsenal,2,1,5,0,1.19,3.41,17.77,12.7,2.5,10,0
309,25/06/2020,Chelsea,Manchester City,"['2 ', ' 1']",4,4,1.8,1.61,2.3,Chelsea,1,2,1,3,1.14,1.57,6.12,22.4,10,0,3,Manchester City,2,8,0,6,5.45,0.53,10.66,34.69,13,0.5,3
310,27/06/2020,Aston Villa,Wolverhampton Wanderers,"['0 ', ' 1']",4.6,3.7,1.75,2.1,1.72,Aston Villa,3,2,3,2,3.81,2.04,15.21,7.88,4.33333333333333,5,0.666666666666667,Wolverhampton Wanderers,2,3,0,6,1.78,0.5,13.79,15.91,4.5,1,3
311,28/06/2020,Watford,Southampton,"['1 ', ' 3']",2.5,3.3,2.87,2,1.8,Watford,2,1,2,1,1.5,2.02,11.88,5.18,4,4,0.5,Southampton,2,3,2,3,2.61,2.84,6.64,8.64,7,4,1.5
312,29/06/2020,Crystal Palace,Burnley,"['0 ', ' 1']",2.25,3.2,3.4,2.5,1.53,Crystal Palace,2,2,4,3,0.85,2.93,23.67,6.47,2,10,1.5,Burnley,2,1,5,3,1,3.21,21.55,11.28,2.5,8,1.5
313,30/06/2020,Brighton,Manchester United,"['0 ', ' 3']",6,3.8,1.61,2.1,1.72,Brighton,2,2,1,4,1.77,1.2,15.9,8.47,4,6,2,Manchester United,2,4,1,4,4.61,0.64,7.66,20.25,9,1.5,2
314,01/07/2020,Bournemouth,Newcastle United,"['1 ', ' 4']",2.4,3.1,3.2,2.37,1.57,Bournemouth,2,0,3,0,0.43,1.5,11.83,10.7,3.5,2.5,0,Newcastle United,2,4,1,4,2.81,1.8,16.22,12.41,3.5,6,2
315,01/07/2020,Arsenal,Norwich,"['4 ', ' 0']",1.44,4.75,7,1.72,2.1,Arsenal,3,3,5,3,3.38,4.15,13.98,10.71,3.66666666666667,8.66666666666667,1,Norwich,2,0,4,0,1.04,2.53,11.59,7.57,2,4.5,0
316,01/07/2020,Everton,Leicester,"['2 ', ' 1']",2.5,3.3,2.9,2.1,1.72,Everton,2,1,0,4,1.28,1.04,13.8,7.95,1,6,2,Leicester,2,1,1,2,1.56,2.11,5.55,14.18,5.5,3,1
317,01/07/2020,West Ham,Chelsea,"['3 ', ' 2']",5.5,4.33,1.57,1.72,2.1,West Ham,2,0,4,0,1.27,3.31,17.13,13.69,2,8,0,Chelsea,2,4,2,6,5.35,2.26,16.86,22.54,8.5,5,3
318,02/07/2020,Sheffield United,Tottenham,"['3 ', ' 1']",4.2,3.4,1.95,2.2,1.66,Sheffield United,3,0,6,1,0.92,6,14.82,17.92,2.66666666666667,6.66666666666667,0.333333333333333,Tottenham,2,3,1,4,2.78,2.6,14.18,10.15,4.5,5,2
319,02/07/2020,Manchester City,Liverpool,"['4 ', ' 0']",2.05,3.9,3.3,1.57,2.37,Manchester City,3,9,2,6,6.14,4.73,13.21,33.15,12,2.66666666666667,2,Liverpool,2,4,0,4,3.23,0.69,4.58,34.3,12,0.5,2
320,04/07/2020,Norwich,Brighton,"['0 ', ' 1']",3.3,3.4,2.2,2.1,1.72,Norwich,3,0,8,0,1.19,4.29,14.06,8.62,2,5,0,Brighton,3,2,4,4,2.08,2.41,16.82,10.44,3,7,1.33333333333333
321,04/07/2020,Leicester,Crystal Palace,"['3 ', ' 0']",1.66,3.6,5.75,2.2,1.66,Leicester,3,2,3,2,3.36,3.29,5.67,14.66,7.33333333333333,3.33333333333333,0.666666666666667,Crystal Palace,3,2,5,3,1.92,3.29,17.27,8.14,5.33333333333333,7.66666666666667,1
322,04/07/2020,Manchester United,Bournemouth,"['5 ', ' 2']",1.16,7.5,17,1.53,2.5,Manchester United,3,7,1,7,5.82,0.95,9.39,19.75,9,1.33333333333333,2.33333333333333,Bournemouth,3,1,7,0,1.7,3.74,11.27,12.84,5.66666666666667,4.66666666666667,0
323,04/07/2020,Wolverhampton Wanderers,Arsenal,"['0 ', ' 2']",2.25,3.4,3.25,2.1,1.72,Wolverhampton Wanderers,3,4,0,9,2.48,0.91,14.79,13.07,4.66666666666667,1.66666666666667,3,Arsenal,4,7,5,6,5.14,4.3,13.27,12.26,4.25,7,1.5
324,04/07/2020,Chelsea,Watford,"['3 ', ' 0']",1.4,4.75,8,1.72,2.1,Chelsea,3,6,5,6,6.92,4.37,12.75,21.93,8.33333333333333,5.66666666666667,2,Watford,3,2,5,1,1.87,3.35,10.84,6.63,4.66666666666667,4.33333333333333,0.333333333333333
325,05/07/2020,Burnley,Sheffield United,"['1 ', ' 1']",2.9,3,2.7,2.62,1.5,Burnley,3,2,5,6,1.36,4.27,18.3,10.24,2.66666666666667,9.33333333333333,2,Sheffield United,4,3,7,4,2.52,7.02,15.21,13.27,4.25,7,1
326,05/07/2020,Newcastle United,West Ham,"['2 ', ' 2']",2.6,3.3,2.75,2,1.8,Newcastle United,3,8,2,7,5.05,3.08,16.86,11.69,5.33333333333333,7.33333333333333,2.33333333333333,West Ham,3,3,6,3,3.38,4.88,18.3,10.64,3.66666666666667,8,1
327,05/07/2020,Liverpool,Aston Villa,"['2 ', ' 0']",1.33,5.5,8.5,1.5,2.62,Liverpool,3,4,4,4,4.05,3.34,7.22,33.29,11.6666666666667,2.66666666666667,1.33333333333333,Aston Villa,4,2,4,2,4.21,2.74,13.23,9.57,4,5,0.5
328,05/07/2020,Southampton,Manchester City,"['1 ', ' 0']",8.5,6,1.3,1.53,2.5,Southampton,3,6,3,6,3.95,3.21,7.26,8.77,6.33333333333333,4.66666666666667,2,Manchester City,4,13,2,9,8.79,5.55,16.35,26.79,10.75,4.75,2.25
329,06/07/2020,Tottenham,Everton,"['1 ', ' 0']",2.1,3.5,3.4,1.9,1.9,Tottenham,3,4,4,4,3.79,4.2,10.6,11.91,5.66666666666667,6.33333333333333,1.33333333333333,Everton,3,3,1,7,2.45,2.85,14.44,7.3,2,7.66666666666667,2.33333333333333
330,07/07/2020,Crystal Palace,Chelsea,"['2 ', ' 3']",8.5,4.5,1.4,1.86,2.04,Crystal Palace,4,2,8,3,2.43,5.5,16.85,8.22,4.5,7.25,0.75,Chelsea,4,9,5,9,9.71,4.98,12.36,22.87,8.5,5,2.25
331,07/07/2020,Watford,Norwich,"['2 ', ' 1']",1.7,3.75,5,2,1.8,Watford,4,2,8,1,2.48,6.14,13.86,7.6,4.25,5.5,0.25,Norwich,4,0,9,0,1.74,5.19,14.52,10.59,3.75,5.75,0
332,07/07/2020,Arsenal,Leicester,"['1 ', ' 1']",2.3,3.5,3,1.9,1.9,Arsenal,5,9,5,9,6.43,5.29,13.06,14.16,3.6,7.2,1.8,Leicester,4,5,3,5,5.57,3.79,6.59,14.89,7,3,1.25
333,08/07/2020,Manchester City,Newcastle United,"['5 ', ' 0']",1.12,9,21,1.36,3.2,Manchester City,5,13,3,9,12.19,6.18,13.96,23.15,13.2,4.2,1.8,Newcastle United,4,10,4,8,6.54,5.11,16.89,12.04,7.25,6.5,2
334,08/07/2020,Sheffield United,Wolverhampton Wanderers,"['1 ', ' 0']",3.8,3.2,2.1,2.75,1.44,Sheffield United,5,4,8,5,4.15,8.34,15,12.2,4.8,6.4,1,Wolverhampton Wanderers,4,4,2,9,3.47,2.19,17.77,12.87,5.5,1.5,2.25
335,08/07/2020,West Ham,Burnley,"['0 ', ' 1']",2,3.4,3.9,2,1.8,West Ham,4,5,8,4,5.41,6.37,16.65,11.89,3.75,9.25,1,Burnley,4,3,6,7,2.67,5.91,15.47,10.97,3,8.75,1.75
336,08/07/2020,Brighton,Liverpool,"['1 ', ' 3']",6,4.33,1.53,1.72,2.1,Brighton,4,3,4,7,2.99,2.96,17.45,11.81,4.25,7.5,1.75,Liverpool,4,6,4,7,5.13,4.03,6.38,29.14,11.5,3,1.75
337,09/07/2020,Bournemouth,Tottenham,"['0 ', ' 0']",5.25,3.8,1.66,1.72,2.1,Bournemouth,4,3,12,0,3.22,6.37,13.64,12.04,4.5,7.25,0,Tottenham,4,5,4,7,4.3,4.61,10.59,11.97,5,5.5,1.75
338,09/07/2020,Everton,Southampton,"['1 ', ' 1']",2.05,3.5,3.6,1.9,1.9,Everton,4,3,2,7,2.86,3.36,13.89,8.05,2.25,6.5,1.75,Southampton,4,7,3,9,4.57,6.6,9.2,8.28,5.25,9.25,2.25
339,09/07/2020,Aston Villa,Manchester United,"['0 ', ' 3']",9,5.25,1.33,1.66,2.2,Aston Villa,5,2,6,2,4.9,3.83,14.63,7.92,4,6.2,0.4,Manchester United,4,12,3,10,8.46,2.47,9.32,20.43,10.5,1.25,2.5
340,11/07/2020,Norwich,West Ham,"['0 ', ' 4']",3.75,3.75,1.95,1.8,2,Norwich,5,1,11,0,2.87,5.92,13.27,10.72,4.4,5.8,0,West Ham,5,5,9,4,7.41,7.43,15.66,13.42,4.6,8.6,0.8
341,11/07/2020,Watford,Newcastle United,"['2 ', ' 1']",1.8,3.6,4.5,2.1,1.72,Watford,5,4,9,4,3.2,7.28,13.22,7.88,4.6,5.8,0.8,Newcastle United,5,10,9,8,6.76,8.39,20.41,10.77,6,9.8,1.6
342,11/07/2020,Liverpool,Burnley,"['1 ', ' 1']",1.22,6.5,12,1.53,2.5,Liverpool,5,9,5,10,7.75,6.39,6.78,27.57,12.2,3.4,2,Burnley,5,4,6,10,3.73,7.9,16.38,10.97,3.6,8.6,2
343,11/07/2020,Sheffield United,Chelsea,"['3 ', ' 0']",6,3.8,1.6,2,1.8,Sheffield United,6,5,8,8,4.62,8.66,15.6,12.15,5.16666666666667,5.66666666666667,1.33333333333333,Chelsea,5,12,7,12,12.37,6.26,10.92,20.33,8.4,5.4,2.4
344,11/07/2020,Brighton,Manchester City,"['0 ', ' 5']",10,5.5,1.28,1.53,2.5,Brighton,5,4,7,7,5.35,5.57,17.91,10.9,4.4,9,1.4,Manchester City,6,18,3,12,15.48,6.4,12.17,24.62,14.8333333333333,3.66666666666667,2
345,12/07/2020,Wolverhampton Wanderers,Everton,"['3 ', ' 0']",2.05,3.3,3.8,2.5,1.53,Wolverhampton Wanderers,5,4,3,9,3.79,2.66,16.58,13.93,4.8,2.6,1.8,Everton,5,4,3,8,3.53,5.65,13.98,7.81,2.2,7.8,1.6
346,12/07/2020,Aston Villa,Crystal Palace,"['2 ', ' 0']",2.25,3.3,3.3,2,1.8,Aston Villa,6,2,9,2,5.5,6.69,15.66,7.93,3.66666666666667,7.33333333333333,0.333333333333333,Crystal Palace,5,4,11,3,3.71,8.16,16.13,8.05,5,7.4,0.6
347,12/07/2020,Tottenham,Arsenal,"['2 ', ' 1']",2.62,3.4,2.7,1.8,2,Tottenham,5,5,4,8,4.78,5.57,9.8,12.03,5,5.6,1.6,Arsenal,6,10,6,10,7.72,6.29,13.66,13.13,4.33333333333333,6.83333333333333,1.66666666666667
348,12/07/2020,Bournemouth,Leicester,"['4 ', ' 1']",5.25,3.8,1.66,1.9,1.9,Bournemouth,5,3,12,1,4.18,6.85,13.34,10.88,4.8,6.8,0.2,Leicester,5,6,4,6,6.57,5.08,6.82,15.28,6.6,4,1.2
349,13/07/2020,Manchester United,Southampton,"['2 ', ' 2']",1.3,5.5,10,1.61,2.3,Manchester United,5,15,3,13,11.32,3.07,9.04,20.59,11,1.4,2.6,Southampton,5,8,4,10,6.87,7.27,8.76,9.32,6.8,7.8,2
350,14/07/2020,Chelsea,Norwich,"['1 ', ' 0']",1.12,9.5,17,1.36,3.2,Chelsea,6,12,10,12,13.54,8.27,10.04,23.29,7.5,5.33333333333333,2,Norwich,6,1,15,0,3.48,9.73,13.42,11.87,4.83333333333333,6.33333333333333,0
351,15/07/2020,Burnley,Wolverhampton Wanderers,"['1 ', ' 1']",4.5,3.3,1.9,2.5,1.53,Burnley,6,5,7,11,4.18,10.08,17.55,10.68,3.33333333333333,10.3333333333333,1.83333333333333,Wolverhampton Wanderers,6,7,3,12,6.66,2.95,16.06,14.67,4.66666666666667,2.66666666666667,2
352,15/07/2020,Manchester City,Bournemouth,"['2 ', ' 1']",1.14,8.5,17,1.28,3.75,Manchester City,7,23,3,15,20.99,6.55,11.78,24.98,14.7142857142857,3.85714285714286,2.14285714285714,Bournemouth,6,7,13,4,6.73,8.51,14.12,10.57,4.5,8,0.666666666666667
353,15/07/2020,Newcastle United,Tottenham,"['1 ', ' 3']",4.6,3.8,1.75,1.9,1.9,Newcastle United,6,11,11,8,8.25,11.52,19.2,9.88,5.16666666666667,10,1.33333333333333,Tottenham,6,7,5,11,6.6,6.26,11.31,12.15,4.83333333333333,5.66666666666667,1.83333333333333
354,15/07/2020,Arsenal,Liverpool,"['2 ', ' 1']",3.8,3.8,1.9,1.57,2.37,Arsenal,7,11,8,10,8.41,8.11,13.59,13.86,4.57142857142857,6.42857142857143,1.42857142857143,Liverpool,6,10,6,11,9.92,6.85,6.94,26.78,13.3333333333333,3.16666666666667,1.83333333333333
355,16/07/2020,Everton,Aston Villa,"['1 ', ' 1']",2,3.5,3.75,1.9,1.9,Everton,6,4,6,8,3.81,8.52,14.73,8.67,2.33333333333333,7.16666666666667,1.33333333333333,Aston Villa,7,4,9,5,7.2,7.66,14.36,7.87,3.71428571428571,6.71428571428571,0.714285714285714
356,16/07/2020,Leicester,Sheffield United,"['2 ', ' 0']",2.05,3.25,3.9,2.2,1.66,Leicester,6,7,8,6,8.23,7.63,7.25,15.74,7.83333333333333,3.83333333333333,1,Sheffield United,7,8,8,11,6.63,9.84,18.2,11.13,5.14285714285714,5.28571428571429,1.57142857142857
357,16/07/2020,Crystal Palace,Manchester United,"['0 ', ' 2']",9.5,4.75,1.36,1.72,2.1,Crystal Palace,6,4,13,3,4.69,9.85,14.62,8.2,4.66666666666667,6.83333333333333,0.5,Manchester United,6,17,5,14,12.82,4.88,9.79,17.57,10.6666666666667,2.66666666666667,2.33333333333333
358,16/07/2020,Southampton,Brighton,"['1 ', ' 1']",2.15,3.3,3.5,2.1,1.72,Southampton,6,10,6,11,8.68,8.78,8.77,10,7.16666666666667,8,1.83333333333333,Brighton,6,4,12,7,5.5,11.09,19.44,10.66,4.5,9.83333333333333,1.16666666666667
359,17/07/2020,West Ham,Watford,"['3 ', ' 1']",2.4,3,3.3,2,1.8,West Ham,6,9,9,7,11.22,8.04,16.39,13.57,5.33333333333333,8.33333333333333,1.16666666666667,Watford,6,6,10,7,6.33,8.77,11.78,8.36,5.66666666666667,5,1.16666666666667
360,18/07/2020,Norwich,Burnley,"['0 ', ' 2']",3.2,3.4,2.25,2,1.8,Norwich,7,1,16,0,3.55,12.78,15.36,11.19,4.14285714285714,6.71428571428571,0,Burnley,7,6,8,12,5.71,11.37,15.37,11.53,3.71428571428571,9.28571428571429,1.71428571428571
361,19/07/2020,Bournemouth,Southampton,"['0 ', ' 2']",2.4,3.6,2.8,1.72,2.1,Bournemouth,7,8,15,4,8.39,9.34,15.83,9.72,5.42857142857143,8,0.571428571428571,Southampton,7,11,7,12,11.01,9.45,8.41,11.09,7.71428571428571,8,1.71428571428571
362,19/07/2020,Tottenham,Leicester,"['3 ', ' 0']",2.25,3.3,3.25,1.9,1.9,Tottenham,7,10,6,14,8.35,7.32,11.39,12.71,5.14285714285714,5.57142857142857,2,Leicester,7,9,8,9,11.29,8.29,7.5,14.84,7.57142857142857,3.42857142857143,1.28571428571429
363,20/07/2020,Brighton,Newcastle United,"['0 ', ' 0']",1.9,3.4,4.33,2.1,1.72,Brighton,7,5,13,8,6.17,13.43,19.47,9.83,5,10,1.14285714285714,Newcastle United,7,12,14,8,9.3,13.27,18.97,10.18,5.14285714285714,9.57142857142857,1.14285714285714
364,20/07/2020,Sheffield United,Everton,"['0 ', ' 1']",2.2,3.25,3.5,2.3,1.61,Sheffield United,8,8,10,11,7.29,12.9,16.98,10.84,4.625,5.375,1.375,Everton,7,5,7,9,4.76,10.04,13.44,9.19,2.85714285714286,7,1.28571428571429
365,20/07/2020,Wolverhampton Wanderers,Crystal Palace,"['2 ', ' 0']",1.5,4,7.5,2.3,1.61,Wolverhampton Wanderers,7,8,4,13,7.95,4.48,16.61,13.44,4.42857142857143,3.14285714285714,1.85714285714286,Crystal Palace,7,4,15,3,5.26,11.76,13.97,8.16,5,7,0.428571428571429
366,21/07/2020,Watford,Manchester City,"['0 ', ' 4']",8.5,5.5,1.33,1.5,2.62,Watford,7,7,13,7,7.37,9.6,10.97,8.58,6,4.57142857142857,1,Manchester City,8,25,4,18,21.82,8.21,10.86,25.3,13.875,4.75,2.25
367,21/07/2020,Aston Villa,Arsenal,"['1 ', ' 0']",3.3,3.6,2.1,1.66,2.2,Aston Villa,8,5,10,6,8.72,8.61,14.15,7.79,4,6.625,0.75,Arsenal,8,13,9,13,9.72,10.33,13.99,12.3,4.5,7.125,1.625
368,22/07/2020,Manchester United,West Ham,"['1 ', ' 1']",1.22,6.5,11,1.5,2.62,Manchester United,7,19,5,17,14.73,5.45,9.45,16.3,10.2857142857143,3.28571428571429,2.42857142857143,West Ham,7,12,10,10,12.05,9.07,15.36,12,4.85714285714286,8.28571428571429,1.42857142857143
369,22/07/2020,Liverpool,Chelsea,"['5 ', ' 3']",2,3.75,3.5,1.57,2.37,Liverpool,7,11,8,11,12.15,8.16,6.61,24.95,13.1428571428571,3.28571428571429,1.57142857142857,Chelsea,7,13,10,15,16.59,8.33,9.58,23.93,7.71428571428571,4.57142857142857,2.14285714285714
370,26/07/2020,Arsenal,Watford,"['3 ', ' 2']",1.9,3.8,3.8,1.61,2.3,Arsenal,9,13,10,13,10.46,10.9,13.07,12.94,4.66666666666667,6.77777777777778,1.44444444444444,Watford,8,7,17,7,7.5,13.34,11.96,7.86,5.5,5.125,0.875
371,26/07/2020,Burnley,Brighton,"['1 ', ' 2']",2.37,3.4,3,1.9,1.9,Burnley,8,8,8,15,7.54,11.94,13.57,12.4,5.375,8.125,1.875,Brighton,8,5,13,9,7.03,14.36,17.25,10.61,4.875,9.125,1.125
372,26/07/2020,Chelsea,Wolverhampton Wanderers,"['2 ', ' 0']",1.85,3.8,4,1.9,1.9,Chelsea,8,16,15,15,18.98,9.79,10.36,21.41,7.125,4.625,1.875,Wolverhampton Wanderers,8,10,4,16,9.43,4.92,16.23,13.21,4.375,2.875,2
373,26/07/2020,Crystal Palace,Tottenham,"['1 ', ' 1']",6,4.2,1.55,1.72,2.1,Crystal Palace,8,4,17,3,5.7,13.24,13.67,8.67,4.5,6.625,0.375,Tottenham,8,13,6,17,9.12,8.52,12.43,11.79,4.75,5.625,2.125
374,26/07/2020,Everton,Bournemouth,"['1 ', ' 3']",2.25,3.7,3,1.57,2.37,Everton,8,6,7,12,5.38,10.51,13.4,9.47,2.875,6.75,1.5,Bournemouth,8,8,17,4,8.98,11.58,14.19,9.4,5.75,8.25,0.5
375,26/07/2020,Leicester,Manchester United,"['0 ', ' 2']",3.25,3.5,2.2,1.9,1.9,Leicester,8,9,11,9,12.49,9.05,7.37,15.55,7.375,3.25,1.125,Manchester United,8,20,6,18,15.71,6.74,9.75,15.99,10.625,3.125,2.25
376,26/07/2020,Manchester City,Norwich,"['5 ', ' 0']",1.08,11,26,1.22,4.33,Manchester City,9,29,4,21,25.56,8.35,9.89,24.83,13.3333333333333,4.44444444444445,2.33333333333333,Norwich,8,1,18,0,4.12,14.6,15.94,10.52,3.625,8,0
377,26/07/2020,Newcastle United,Liverpool,"['1 ', ' 3']",7.5,5.25,1.36,1.53,2.5,Newcastle United,8,12,14,9,10.23,14.13,18.34,9.72,4.875,8.875,1.125,Liverpool,8,16,11,14,13.6,10.54,7.36,22.91,12.125,3.25,1.75
378,26/07/2020,Southampton,Sheffield United,"['3 ', ' 1']",2.15,3.5,3.3,1.9,1.9,Southampton,8,13,7,15,13.26,10.03,8.29,10.3,8,8,1.875,Sheffield United,9,8,11,11,7.75,13.52,16.19,11.08,4.66666666666667,5.11111111111111,1.22222222222222
379,26/07/2020,West Ham,Aston Villa,"['1 ', ' 1']",3,3.6,2.3,1.66,2.2,West Ham,8,13,11,11,13.34,10.06,15.12,11.98,4.5,8.875,1.375,Aston Villa,9,6,10,9,9.29,9.35,14.64,7.62,4,6.55555555555556,1
