,Date,HomeTeam,AwayTeam,Result,B365H,B365D,B365A,B365>2.5,B365<2.5,HTeam,HM,HG,HGA,HPTS,HxG,HxGA,HPPDA,HOPPDA,HDC,HODC,HPTS/M,ATeam,AM,AG,AGA,APTS,AxG,AxGA,APPDA,AOPPDA,ADC,AODC,APTS/M
0,05/08/2022,Crystal Palace,Arsenal,"['0 ', ' 2']",4.2,3.6,1.85,2.1,1.72,Crystal Palace,0,0,0,0,0.0,0.0,0.0,0.0,0.0,0.0,0.0,Arsenal,0,0,0,0,0.0,0.0,0.0,0.0,0.0,0.0,0.0
1,06/08/2022,Fulham,Liverpool,"['2 ', ' 2']",11.0,6.0,1.25,1.5,2.62,Fulham,0,0,0,0,0.0,0.0,0.0,0.0,0.0,0.0,0.0,Liverpool,0,0,0,0,0.0,0.0,0.0,0.0,0.0,0.0,0.0
2,06/08/2022,Bournemouth,Aston Villa,"['2 ', ' 0']",3.75,3.5,2.0,2.0,1.8,Bournemouth,0,0,0,0,0.0,0.0,0.0,0.0,0.0,0.0,0.0,Aston Villa,0,0,0,0,0.0,0.0,0.0,0.0,0.0,0.0,0.0
3,06/08/2022,Leeds,Wolverhampton Wanderers,"['2 ', ' 1']",2.25,3.4,3.2,2.05,1.85,Leeds,0,0,0,0,0.0,0.0,0.0,0.0,0.0,0.0,0.0,Wolverhampton Wanderers,0,0,0,0,0.0,0.0,0.0,0.0,0.0,0.0,0.0
4,06/08/2022,Newcastle United,Nottingham Forest,"['2 ', ' 0']",1.66,3.8,5.25,2.05,1.85,Newcastle United,0,0,0,0,0.0,0.0,0.0,0.0,0.0,0.0,0.0,Nottingham Forest,0,0,0,0,0.0,0.0,0.0,0.0,0.0,0.0,0.0
5,06/08/2022,Tottenham,Southampton,"['4 ', ' 1']",1.33,5.5,8.5,1.61,2.3,Tottenham,0,0,0,0,0.0,0.0,0.0,0.0,0.0,0.0,0.0,Southampton,0,0,0,0,0.0,0.0,0.0,0.0,0.0,0.0,0.0
6,06/08/2022,Everton,Chelsea,"['0 ', ' 1']",5.5,4.0,1.61,2.02,1.88,Everton,0,0,0,0,0.0,0.0,0.0,0.0,0.0,0.0,0.0,Chelsea,0,0,0,0,0.0,0.0,0.0,0.0,0.0,0.0,0.0
7,07/08/2022,Leicester,Brentford,"['2 ', ' 2']",2.0,3.75,3.5,1.72,2.1,Leicester,0,0,0,0,0.0,0.0,0.0,0.0,0.0,0.0,0.0,Brentford,0,0,0,0,0.0,0.0,0.0,0.0,0.0,0.0,0.0
8,07/08/2022,Manchester United,Brighton,"['1 ', ' 2']",1.6,4.2,5.25,1.92,1.98,Manchester United,0,0,0,0,0.0,0.0,0.0,0.0,0.0,0.0,0.0,Brighton,0,0,0,0,0.0,0.0,0.0,0.0,0.0,0.0,0.0
9,07/08/2022,West Ham,Manchester City,"['0 ', ' 2']",8.0,5.0,1.36,1.53,2.5,West Ham,0,0,0,0,0.0,0.0,0.0,0.0,0.0,0.0,0.0,Manchester City,0,0,0,0,0.0,0.0,0.0,0.0,0.0,0.0,0.0
10,13/08/2022,Aston Villa,Everton,"['2 ', ' 1']",1.8,3.5,4.75,2.1,1.72,Aston Villa,1,0,2,0,0.49,0.59,6.61,11.68,11.0,3.0,0.0,Everton,1,0,1,0,0.54,1.92,12.0,6.19,3.0,7.0,0.0
11,13/08/2022,Arsenal,Leicester,"['4 ', ' 2']",1.53,4.33,5.75,1.66,2.2,Arsenal,1,2,0,3,1.44,1.21,12.68,10.25,13.0,8.0,3.0,Leicester,1,2,2,1,0.46,0.93,17.71,22.21,5.0,3.0,1.0
12,13/08/2022,Brighton,Newcastle United,"['0 ', ' 0']",2.45,3.2,3.0,2.1,1.72,Brighton,1,2,1,3,1.73,1.42,9.96,10.09,5.0,7.0,3.0,Newcastle United,1,2,0,3,1.86,0.24,6.08,13.33,24.0,2.0,3.0
13,13/08/2022,Manchester City,Bournemouth,"['4 ', ' 0']",1.06,13.0,29.0,1.33,3.4,Manchester City,1,2,0,3,2.59,0.25,25.5,26.0,11.0,2.0,3.0,Bournemouth,1,2,0,3,0.59,0.49,11.68,6.61,3.0,11.0,3.0
14,13/08/2022,Southampton,Leeds,"['2 ', ' 2']",2.25,3.5,3.1,1.72,2.1,Southampton,1,1,4,0,0.39,1.62,15.55,5.7,7.0,12.0,0.0,Leeds,1,2,1,3,0.89,1.1,9.29,10.65,5.0,9.0,3.0
15,13/08/2022,Wolverhampton Wanderers,Fulham,"['0 ', ' 0']",2.3,3.3,3.2,2.1,1.72,Wolverhampton Wanderers,1,1,2,0,1.1,0.89,10.65,9.29,9.0,5.0,0.0,Fulham,1,2,2,1,1.27,2.34,18.47,6.33,4.0,11.0,1.0
16,13/08/2022,Brentford,Manchester United,"['4 ', ' 0']",3.75,3.5,2.0,1.8,2.0,Brentford,1,2,2,1,0.93,0.46,22.21,17.71,3.0,5.0,1.0,Manchester United,1,1,2,0,1.42,1.73,10.09,9.96,7.0,5.0,0.0
17,14/08/2022,Nottingham Forest,West Ham,"['1 ', ' 0']",4.2,3.6,1.85,1.92,1.98,Nottingham Forest,1,0,2,0,0.24,1.86,13.33,6.08,2.0,24.0,0.0,West Ham,1,0,2,0,0.25,2.59,26.0,25.5,2.0,11.0,0.0
18,14/08/2022,Chelsea,Tottenham,"['2 ', ' 2']",2.25,3.4,3.2,1.98,1.92,Chelsea,1,1,0,3,1.92,0.54,6.19,12.0,7.0,3.0,3.0,Tottenham,1,4,1,3,1.62,0.39,5.7,15.55,12.0,7.0,3.0
19,15/08/2022,Liverpool,Crystal Palace,"['1 ', ' 1']",1.18,6.75,16.0,1.57,2.37,Liverpool,1,2,2,1,2.34,1.27,6.33,18.47,11.0,4.0,1.0,Crystal Palace,1,0,2,0,1.21,1.44,10.25,12.68,8.0,13.0,0.0
20,20/08/2022,Tottenham,Wolverhampton Wanderers,"['1 ', ' 0']",1.4,4.75,7.5,1.72,2.1,Tottenham,2,6,3,4,3.2,2.23,8.41,10.49,7.0,9.5,2.0,Wolverhampton Wanderers,2,1,2,1,2.08,1.98,11.16,11.32,5.0,3.5,0.5
21,20/08/2022,Crystal Palace,Aston Villa,"['3 ', ' 1']",2.5,3.25,2.9,2.2,1.66,Crystal Palace,2,1,3,1,2.85,3.67,20.0,7.17,5.0,16.5,0.5,Aston Villa,2,2,3,3,3.16,1.96,7.96,14.05,12.0,3.5,1.5
22,20/08/2022,Everton,Nottingham Forest,"['1 ', ' 1']",1.9,3.6,4.0,2.1,1.72,Everton,2,1,3,0,1.92,4.59,14.46,7.65,3.5,10.0,0.0,Nottingham Forest,2,1,2,3,2.21,3.95,12.03,6.88,3.0,15.5,1.5
23,20/08/2022,Fulham,Brentford,"['3 ', ' 2']",2.45,3.4,2.9,1.96,1.94,Fulham,2,2,2,2,2.36,3.32,16.5,8.79,3.0,6.0,1.0,Brentford,2,6,2,4,2.32,1.35,21.46,12.93,3.0,8.0,2.0
24,20/08/2022,Leicester,Southampton,"['1 ', ' 2']",1.83,4.0,4.0,1.61,2.3,Leicester,2,4,6,1,1.15,3.94,16.03,14.39,5.0,6.5,0.5,Southampton,2,3,6,1,1.8,3.61,14.49,5.25,5.5,10.5,0.5
25,20/08/2022,Bournemouth,Arsenal,"['0 ', ' 3']",8.0,4.75,1.4,1.72,2.1,Bournemouth,2,2,4,3,0.71,2.18,19.32,9.12,1.5,11.0,1.5,Arsenal,2,6,2,6,4.45,1.9,11.53,11.63,11.5,6.5,3.0
26,21/08/2022,Leeds,Chelsea,"['3 ', ' 0']",5.75,4.5,1.53,1.66,2.2,Leeds,2,4,3,4,2.89,2.51,7.1,12.03,7.0,6.5,2.0,Chelsea,2,3,2,4,3.76,2.13,6.44,12.14,9.5,2.5,2.0
27,21/08/2022,West Ham,Brighton,"['0 ', ' 2']",2.3,3.4,3.1,1.99,1.91,West Ham,2,0,3,0,2.33,4.56,18.37,14.82,4.5,7.5,0.0,Brighton,2,2,1,4,3.34,1.6,8.2,9.61,10.0,4.5,2.0
28,21/08/2022,Newcastle United,Manchester City,"['3 ', ' 3']",7.5,5.0,1.36,1.66,2.2,Newcastle United,2,2,0,4,2.04,1.84,7.38,9.0,13.0,8.5,2.0,Manchester City,2,6,0,6,4.28,0.37,15.36,31.81,11.0,1.0,3.0
29,22/08/2022,Manchester United,Liverpool,"['2 ', ' 1']",5.25,4.33,1.6,1.5,2.62,Manchester United,2,1,6,0,2.32,3.12,8.25,12.86,9.0,4.0,0.0,Liverpool,2,3,3,2,4.58,2.91,4.31,26.83,15.5,3.0,1.0
30,27/08/2022,Southampton,Manchester United,"['0 ', ' 1']",4.2,4.0,1.8,1.57,2.37,Southampton,3,5,7,4,3.04,3.86,14.92,5.11,5.0,8.666666666666666,1.3333333333333333,Manchester United,3,3,7,3,4.33,4.64,12.55,10.69,8.666666666666666,8.0,1.0
31,27/08/2022,Brentford,Everton,"['1 ', ' 1']",2.0,3.5,3.75,2.06,1.84,Brentford,3,8,5,4,3.91,4.25,17.84,11.46,4.666666666666667,7.666666666666667,1.3333333333333333,Everton,3,2,4,1,3.35,5.51,15.58,9.46,5.0,7.0,0.3333333333333333
32,27/08/2022,Brighton,Leeds,"['1 ', ' 0']",1.9,3.8,3.8,1.88,2.02,Brighton,3,4,1,7,5.16,2.37,10.53,13.95,7.333333333333333,5.0,2.3333333333333335,Leeds,3,7,3,7,5.1,3.2,7.56,8.67,5.0,6.666666666666667,2.3333333333333335
33,27/08/2022,Chelsea,Leicester,"['2 ', ' 1']",1.4,5.0,7.0,1.61,2.3,Chelsea,3,3,5,4,4.46,4.34,5.8,10.61,8.666666666666666,2.0,1.3333333333333333,Leicester,3,5,8,1,1.39,5.18,10.42,14.85,5.0,5.666666666666667,0.3333333333333333
34,27/08/2022,Liverpool,Bournemouth,"['9 ', ' 0']",1.1,10.0,26.0,1.36,3.2,Liverpool,3,4,5,2,6.1,4.93,4.86,23.18,15.666666666666666,4.666666666666667,0.6666666666666666,Bournemouth,3,2,7,3,0.92,3.89,17.76,8.97,1.3333333333333333,10.0,1.0
35,27/08/2022,Manchester City,Crystal Palace,"['4 ', ' 2']",1.18,7.5,13.0,1.44,2.75,Manchester City,3,9,3,7,7.95,2.58,11.77,21.4,10.333333333333334,3.6666666666666665,2.3333333333333335,Crystal Palace,3,4,4,4,5.76,4.48,17.94,7.25,6.0,12.0,1.3333333333333333
36,27/08/2022,Arsenal,Fulham,"['2 ', ' 1']",1.3,5.75,9.0,1.5,2.62,Arsenal,3,9,2,9,6.16,2.11,10.65,13.15,10.333333333333334,4.666666666666667,3.0,Fulham,3,5,4,5,5.26,4.91,13.92,9.46,4.333333333333333,6.666666666666667,1.6666666666666667
37,28/08/2022,Aston Villa,West Ham,"['0 ', ' 1']",2.3,3.4,3.1,1.91,1.99,Aston Villa,3,3,6,3,3.96,4.87,7.72,14.02,9.0,5.0,1.0,West Ham,3,0,5,0,3.1,6.39,20.09,16.39,5.0,5.666666666666667,0.0
38,28/08/2022,Wolverhampton Wanderers,Newcastle United,"['1 ', ' 1']",2.7,3.3,2.7,2.1,1.72,Wolverhampton Wanderers,3,1,3,1,2.76,3.44,14.04,11.39,5.333333333333333,5.0,0.3333333333333333,Newcastle United,3,5,3,5,4.26,5.52,9.3,8.3,11.666666666666666,8.666666666666666,1.6666666666666667
39,28/08/2022,Nottingham Forest,Tottenham,"['0 ', ' 2']",7.0,4.6,1.44,1.72,2.1,Nottingham Forest,3,2,3,4,3.13,5.38,13.2,9.75,2.3333333333333335,13.0,1.3333333333333333,Tottenham,3,7,3,7,4.67,2.91,9.31,12.68,7.333333333333333,8.333333333333334,2.3333333333333335
40,30/08/2022,Crystal Palace,Brentford,"['1 ', ' 1']",2.05,3.4,3.6,2.1,1.72,Crystal Palace,4,6,8,4,5.85,6.86,21.81,7.19,4.75,13.5,1.0,Brentford,4,9,6,5,6.2,5.91,15.76,12.75,5.75,7.5,1.25
41,30/08/2022,Fulham,Brighton,"['2 ', ' 1']",3.1,3.3,2.3,2.01,1.89,Fulham,4,6,6,5,6.18,7.38,14.16,8.28,3.5,9.25,1.25,Brighton,4,5,1,10,6.77,3.52,10.96,10.22,7.0,5.0,2.5
42,30/08/2022,Southampton,Chelsea,"['2 ', ' 1']",5.25,4.0,1.61,1.72,2.1,Southampton,4,5,8,4,4.4,5.2,14.44,5.62,6.5,9.25,1.0,Chelsea,4,5,6,7,6.2,6.3,7.04,12.11,7.25,4.0,1.75
43,30/08/2022,Leeds,Everton,"['1 ', ' 1']",2.15,3.5,3.3,1.87,2.03,Leeds,4,7,4,7,6.24,4.81,7.09,9.52,5.0,6.5,1.75,Everton,4,3,5,2,5.01,7.79,16.02,9.91,5.5,7.5,0.5
44,31/08/2022,Arsenal,Aston Villa,"['2 ', ' 1']",1.45,4.5,6.0,1.72,2.1,Arsenal,4,11,3,12,8.63,3.03,9.65,13.6,12.0,3.75,3.0,Aston Villa,4,3,7,3,4.26,5.21,8.79,14.95,7.75,4.5,0.75
45,31/08/2022,Bournemouth,Wolverhampton Wanderers,"['0 ', ' 0']",3.5,3.3,2.15,2.1,1.72,Bournemouth,4,2,16,3,1.1,8.75,19.91,8.95,2.0,12.0,0.75,Wolverhampton Wanderers,4,2,4,2,3.9,5.38,15.12,11.11,4.75,7.0,0.5
46,31/08/2022,Manchester City,Nottingham Forest,"['6 ', ' 0']",1.06,13.0,29.0,1.22,4.33,Manchester City,4,13,5,10,10.34,2.67,10.17,24.8,12.25,3.0,2.5,Nottingham Forest,4,2,5,4,3.93,7.82,11.84,11.11,4.5,11.25,1.0
47,31/08/2022,West Ham,Tottenham,"['1 ', ' 1']",3.6,3.8,1.95,1.72,2.1,West Ham,4,1,5,3,3.44,6.69,19.31,15.43,4.5,5.25,0.75,Tottenham,4,9,3,10,7.12,3.71,10.48,11.77,7.0,9.0,2.5
48,31/08/2022,Liverpool,Newcastle United,"['2 ', ' 1']",1.33,5.25,9.0,1.5,2.62,Liverpool,4,13,5,5,10.96,5.11,5.61,24.42,16.25,4.5,1.25,Newcastle United,4,6,4,6,6.19,6.65,9.32,10.27,12.0,7.25,1.5
49,01/09/2022,Leicester,Manchester United,"['0 ', ' 1']",3.4,3.75,2.05,1.66,2.2,Leicester,4,6,10,1,3.35,6.93,12.22,13.82,6.25,5.0,0.25,Manchester United,4,4,7,6,5.68,6.0,11.32,11.11,9.25,8.75,1.5
50,03/09/2022,Everton,Liverpool,"['0 ', ' 0']",7.0,4.75,1.4,1.57,2.37,Everton,5,4,6,3,6.18,8.84,15.34,8.87,5.0,7.8,0.6,Liverpool,5,15,6,8,12.72,5.76,6.09,23.73,15.6,4.0,1.6
51,03/09/2022,Brentford,Leeds,"['5 ', ' 2']",2.1,3.5,3.4,1.72,2.1,Brentford,5,10,7,6,7.81,6.68,15.43,12.81,6.2,6.2,1.2,Leeds,5,8,5,8,7.29,5.98,6.87,10.45,5.8,5.8,1.6
52,03/09/2022,Chelsea,West Ham,"['2 ', ' 1']",1.55,4.5,5.5,1.72,2.1,Chelsea,5,6,8,7,7.71,7.74,6.32,12.12,7.2,3.8,1.4,West Ham,5,2,6,4,4.96,7.41,21.07,15.97,4.2,5.4,0.8
53,03/09/2022,Newcastle United,Crystal Palace,"['0 ', ' 0']",2.0,3.5,3.75,2.0,1.8,Newcastle United,5,7,6,6,6.83,8.41,11.33,10.22,10.0,8.4,1.2,Crystal Palace,5,7,9,5,6.63,8.48,19.5,8.16,4.0,12.4,1.0
54,03/09/2022,Nottingham Forest,Bournemouth,"['2 ', ' 3']",1.95,3.5,3.8,2.1,1.72,Nottingham Forest,5,2,11,4,4.66,11.66,15.95,9.96,3.8,11.6,0.8,Bournemouth,5,2,16,4,1.47,10.28,19.42,8.49,3.0,12.4,0.8
55,03/09/2022,Tottenham,Fulham,"['2 ', ' 1']",1.5,4.5,6.5,1.61,2.3,Tottenham,5,10,4,11,7.84,5.24,11.33,14.16,6.8,7.8,2.2,Fulham,5,8,7,8,7.25,9.14,14.15,7.75,4.2,8.2,1.6
56,03/09/2022,Wolverhampton Wanderers,Southampton,"['1 ', ' 0']",2.2,3.4,3.25,2.04,1.86,Wolverhampton Wanderers,5,2,4,3,5.43,5.74,12.72,12.21,6.6,7.0,0.6,Southampton,5,7,9,7,5.84,6.71,13.89,5.19,5.8,8.8,1.4
57,03/09/2022,Aston Villa,Manchester City,"['1 ', ' 1']",8.0,5.5,1.33,1.53,2.5,Aston Villa,5,4,9,3,4.56,8.01,9.74,14.02,6.8,7.2,0.6,Manchester City,5,19,5,13,14.17,3.4,9.17,27.85,12.4,2.6,2.6
58,04/09/2022,Brighton,Leicester,"['5 ', ' 2']",1.83,3.5,4.5,2.01,1.89,Brighton,5,6,3,10,8.53,4.59,9.82,11.17,6.4,5.4,2.0,Leicester,5,6,11,1,3.96,8.03,12.16,15.31,5.4,6.2,0.2
59,04/09/2022,Manchester United,Arsenal,"['3 ', ' 1']",2.5,3.5,2.7,1.66,2.2,Manchester United,5,5,7,9,6.78,6.61,13.82,11.33,9.6,7.4,1.8,Arsenal,5,13,4,15,11.43,3.33,9.68,13.79,13.2,3.6,3.0
60,16/09/2022,Aston Villa,Southampton,"['1 ', ' 0']",2.1,3.5,3.5,1.88,2.02,Aston Villa,6,5,10,4,4.84,9.93,12.67,13.97,6.0,8.0,0.6666666666666666,Southampton,6,7,10,7,7.05,7.81,12.48,5.69,6.833333333333333,8.666666666666666,1.1666666666666667
61,16/09/2022,Nottingham Forest,Fulham,"['2 ', ' 3']",2.75,3.3,2.62,1.93,1.97,Nottingham Forest,6,4,14,4,5.99,12.57,15.56,10.79,4.166666666666667,11.333333333333334,0.6666666666666666,Fulham,6,9,9,8,7.63,11.82,14.44,8.46,3.6666666666666665,9.5,1.3333333333333333
62,17/09/2022,Wolverhampton Wanderers,Manchester City,"['0 ', ' 3']",9.5,5.0,1.33,1.57,2.37,Wolverhampton Wanderers,6,3,4,6,6.53,6.95,12.1,11.21,6.833333333333333,7.833333333333333,1.0,Manchester City,6,20,6,14,16.1,3.68,9.66,30.0,12.333333333333334,2.5,2.3333333333333335
63,17/09/2022,Newcastle United,Bournemouth,"['1 ', ' 1']",1.44,4.4,7.5,1.87,2.03,Newcastle United,6,7,6,7,9.74,9.33,10.09,10.47,10.0,7.666666666666667,1.1666666666666667,Bournemouth,6,5,18,7,2.37,11.61,18.82,9.18,4.166666666666667,11.333333333333334,1.1666666666666667
64,17/09/2022,Tottenham,Leicester,"['6 ', ' 2']",1.45,4.5,7.0,1.57,2.37,Tottenham,6,12,5,14,10.52,5.62,11.45,14.45,8.333333333333334,6.666666666666667,2.3333333333333335,Leicester,6,8,16,1,5.03,10.76,14.08,14.64,5.166666666666667,6.833333333333333,0.16666666666666666
65,18/09/2022,Brentford,Arsenal,"['0 ', ' 3']",4.2,3.8,1.8,1.66,2.2,Brentford,6,15,9,9,10.56,8.48,12.91,10.39,6.0,6.666666666666667,1.5,Arsenal,6,14,7,15,12.85,5.36,9.51,14.09,13.666666666666666,3.8333333333333335,2.5
66,18/09/2022,Everton,West Ham,"['1 ', ' 0']",2.9,3.25,2.5,2.06,1.84,Everton,6,4,6,4,7.57,10.22,16.2,8.37,5.833333333333333,8.5,0.6666666666666666,West Ham,6,3,8,4,6.38,8.12,21.41,14.64,3.6666666666666665,5.166666666666667,0.6666666666666666
67,01/10/2022,Arsenal,Tottenham,"['3 ', ' 1']",2.05,3.75,3.3,1.72,2.1,Arsenal,7,17,7,18,14.17,5.9,9.58,13.65,13.0,3.7142857142857144,2.5714285714285716,Tottenham,7,18,7,17,12.5,7.21,12.48,14.78,8.0,7.142857142857143,2.4285714285714284
68,01/10/2022,Bournemouth,Brentford,"['0 ', ' 0']",3.3,3.4,2.2,2.02,1.88,Bournemouth,7,6,19,8,3.35,13.16,19.01,8.26,4.285714285714286,12.285714285714286,1.1428571428571428,Brentford,7,15,12,9,11.1,9.8,12.66,10.35,5.571428571428571,7.0,1.2857142857142858
69,01/10/2022,Crystal Palace,Chelsea,"['1 ', ' 2']",4.2,3.6,1.85,2.1,1.72,Crystal Palace,6,7,9,6,7.55,11.39,18.29,7.81,4.0,12.0,1.0,Chelsea,6,8,9,10,8.42,9.16,6.69,13.38,6.666666666666667,3.3333333333333335,1.6666666666666667
70,01/10/2022,Fulham,Newcastle United,"['1 ', ' 4']",3.0,3.4,2.37,1.91,1.99,Fulham,7,12,11,11,8.98,13.23,14.15,9.56,3.4285714285714284,8.428571428571429,1.5714285714285714,Newcastle United,7,8,7,8,11.29,10.31,9.05,11.72,11.142857142857142,7.285714285714286,1.1428571428571428
71,01/10/2022,Liverpool,Brighton,"['3 ', ' 3']",1.33,5.25,8.5,1.53,2.5,Liverpool,6,15,6,9,14.11,7.15,6.09,23.66,15.0,5.0,1.5,Brighton,6,11,5,13,11.26,5.66,10.18,13.28,7.0,5.166666666666667,2.1666666666666665
72,01/10/2022,Southampton,Everton,"['1 ', ' 2']",2.15,3.4,3.4,2.04,1.86,Southampton,7,7,11,7,7.26,9.15,11.77,5.74,6.142857142857143,8.285714285714286,1.0,Everton,7,5,6,7,7.97,10.88,16.12,8.78,5.428571428571429,7.571428571428571,1.0
73,01/10/2022,West Ham,Wolverhampton Wanderers,"['2 ', ' 0']",1.95,3.5,4.2,2.2,1.66,West Ham,7,3,9,4,7.03,8.52,19.59,14.76,3.4285714285714284,4.857142857142857,0.5714285714285714,Wolverhampton Wanderers,7,3,7,6,6.84,8.37,13.22,11.62,6.428571428571429,7.857142857142857,0.8571428571428571
74,02/10/2022,Manchester City,Manchester United,"['6 ', ' 3']",1.33,5.75,7.5,1.44,2.75,Manchester City,7,23,6,17,17.52,3.99,10.49,27.42,11.714285714285714,2.7142857142857144,2.4285714285714284,Manchester United,6,8,8,12,8.81,8.04,14.18,10.87,8.833333333333334,8.833333333333334,2.0
75,02/10/2022,Leeds,Aston Villa,"['0 ', ' 0']",2.35,3.4,3.0,1.8,2.0,Leeds,6,10,10,8,9.09,8.73,6.3,9.65,6.333333333333333,5.666666666666667,1.3333333333333333,Aston Villa,7,6,10,7,6.18,10.15,11.1,12.82,6.0,7.142857142857143,1.0
76,03/10/2022,Leicester,Nottingham Forest,"['4 ', ' 0']",1.75,4.0,4.33,1.66,2.2,Leicester,7,10,22,1,6.62,12.75,14.53,15.28,5.857142857142857,6.714285714285714,0.14285714285714285,Nottingham Forest,7,6,17,4,7.4,13.92,15.65,10.98,3.857142857142857,10.0,0.5714285714285714
77,08/10/2022,Bournemouth,Leicester,"['2 ', ' 1']",3.6,3.4,2.05,1.8,2.0,Bournemouth,8,6,19,9,4.11,14.21,19.02,8.17,4.5,11.875,1.125,Leicester,8,14,22,4,7.87,13.97,13.66,15.8,6.0,6.375,0.5
78,08/10/2022,Chelsea,Wolverhampton Wanderers,"['3 ', ' 0']",1.4,4.5,8.0,1.87,2.03,Chelsea,7,10,10,13,9.67,9.87,6.85,13.9,7.428571428571429,3.142857142857143,1.8571428571428572,Wolverhampton Wanderers,8,3,9,6,7.42,9.41,13.74,12.37,6.875,7.375,0.75
79,08/10/2022,Manchester City,Southampton,"['4 ', ' 0']",1.11,10.0,17.0,1.25,4.0,Manchester City,8,29,9,20,20.53,5.71,11.13,26.22,12.375,3.0,2.5,Southampton,8,8,13,7,9.22,11.15,11.47,6.39,6.875,7.75,0.875
80,08/10/2022,Newcastle United,Brentford,"['5 ', ' 1']",1.83,3.8,4.2,1.72,2.1,Newcastle United,8,12,8,11,15.96,10.99,8.96,13.57,11.875,7.0,1.375,Brentford,8,15,12,10,12.15,10.56,11.84,11.25,6.0,6.875,1.25
81,08/10/2022,Brighton,Tottenham,"['0 ', ' 1']",2.8,3.4,2.5,1.88,2.02,Brighton,7,14,8,14,13.62,7.81,10.88,13.22,7.0,6.285714285714286,2.0,Tottenham,8,19,10,17,14.01,9.7,13.02,14.3,7.25,7.75,2.125
82,09/10/2022,Crystal Palace,Leeds,"['2 ', ' 1']",2.05,3.5,3.6,1.86,2.04,Crystal Palace,7,8,11,6,8.26,12.64,18.06,7.81,3.7142857142857144,12.0,0.8571428571428571,Leeds,7,10,10,9,9.38,10.63,6.91,9.64,6.285714285714286,6.571428571428571,1.2857142857142858
83,09/10/2022,West Ham,Fulham,"['3 ', ' 1']",1.72,3.8,4.75,1.8,2.0,West Ham,8,5,9,7,8.07,9.09,19.78,15.28,3.5,5.5,0.875,Fulham,8,13,15,11,9.67,17.9,15.43,9.39,3.625,9.5,1.375
84,09/10/2022,Arsenal,Liverpool,"['3 ', ' 2']",2.5,3.6,2.62,1.57,2.37,Arsenal,8,20,8,21,16.66,7.4,9.66,14.06,12.875,3.5,2.625,Liverpool,7,18,9,10,16.26,9.51,6.99,22.75,14.714285714285714,5.285714285714286,1.4285714285714286
85,09/10/2022,Everton,Manchester United,"['1 ', ' 2']",3.6,3.5,2.05,1.88,2.02,Everton,8,7,7,10,9.97,12.84,15.91,8.83,5.25,8.125,1.25,Manchester United,7,11,14,12,10.52,11.05,15.09,11.49,8.285714285714286,10.0,1.7142857142857142
86,10/10/2022,Nottingham Forest,Aston Villa,"['1 ', ' 1']",3.3,3.4,2.2,2.03,1.87,Nottingham Forest,8,6,21,4,8.62,15.17,16.23,10.8,3.875,9.625,0.5,Aston Villa,8,6,10,8,8.08,10.45,10.91,12.88,6.75,7.0,1.0
87,14/10/2022,Brentford,Brighton,"['2 ', ' 0']",3.1,3.4,2.3,1.97,1.93,Brentford,9,16,17,10,13.28,13.0,11.53,10.81,5.777777777777778,7.111111111111111,1.1111111111111112,Brighton,8,14,9,14,14.52,8.58,11.29,13.39,8.0,6.25,1.75
88,15/10/2022,Leicester,Crystal Palace,"['0 ', ' 0']",2.3,3.4,3.1,1.89,2.01,Leicester,9,15,24,4,9.06,15.12,12.88,16.99,6.222222222222222,6.444444444444445,0.4444444444444444,Crystal Palace,8,10,12,9,9.91,13.71,16.52,7.58,3.875,11.75,1.125
89,15/10/2022,Fulham,Bournemouth,"['2 ', ' 2']",1.85,3.75,4.0,1.96,1.94,Fulham,9,14,18,11,10.22,21.34,15.65,10.59,3.7777777777777777,9.222222222222221,1.2222222222222223,Bournemouth,9,8,20,12,5.26,15.39,20.22,8.24,4.777777777777778,11.444444444444445,1.3333333333333333
90,15/10/2022,Wolverhampton Wanderers,Nottingham Forest,"['1 ', ' 0']",1.7,3.75,5.0,2.06,1.84,Wolverhampton Wanderers,9,3,12,6,8.16,11.84,15.16,12.24,6.555555555555555,7.777777777777778,0.6666666666666666,Nottingham Forest,9,7,22,5,8.84,15.82,16.92,10.35,3.4444444444444446,9.555555555555555,0.5555555555555556
91,15/10/2022,Tottenham,Everton,"['2 ', ' 0']",1.5,4.5,6.5,1.72,2.1,Tottenham,9,20,10,20,14.78,10.6,13.18,14.3,7.111111111111111,8.555555555555555,2.2222222222222223,Everton,9,8,9,10,10.33,14.67,16.37,8.83,5.444444444444445,8.11111111111111,1.1111111111111112
92,16/10/2022,Aston Villa,Chelsea,"['0 ', ' 2']",4.33,3.75,1.8,2.03,1.87,Aston Villa,9,7,11,9,8.74,10.67,10.52,13.75,7.0,6.222222222222222,1.0,Chelsea,8,13,10,16,12.1,10.62,7.37,15.21,7.875,3.25,2.0
93,16/10/2022,Leeds,Arsenal,"['0 ', ' 1']",6.0,4.2,1.55,1.61,2.3,Leeds,8,11,12,9,10.45,12.28,6.83,9.38,6.75,6.375,1.125,Arsenal,9,23,10,24,19.48,8.17,10.31,13.76,13.0,3.5555555555555554,2.6666666666666665
94,16/10/2022,Manchester United,Newcastle United,"['0 ', ' 0']",1.95,3.8,3.5,1.72,2.1,Manchester United,8,13,15,15,12.35,11.41,14.02,12.45,8.25,9.625,1.875,Newcastle United,9,17,9,14,18.41,12.13,8.83,12.94,11.555555555555555,6.666666666666667,1.5555555555555556
95,16/10/2022,Southampton,West Ham,"['1 ', ' 1']",2.9,3.4,2.4,2.0,1.9,Southampton,9,8,17,7,9.32,13.88,12.95,6.97,6.111111111111111,8.222222222222221,0.7777777777777778,West Ham,9,8,10,10,11.51,9.64,20.49,15.61,3.888888888888889,5.444444444444445,1.1111111111111112
96,16/10/2022,Liverpool,Manchester City,"['1 ', ' 0']",3.6,4.0,1.9,1.44,2.75,Liverpool,8,20,12,10,17.02,12.33,7.36,21.92,13.375,6.375,1.25,Manchester City,9,33,9,23,23.27,5.81,11.52,26.29,12.333333333333334,2.6666666666666665,2.5555555555555554
97,18/10/2022,Brighton,Nottingham Forest,"['0 ', ' 0']",1.4,4.75,7.0,1.72,2.1,Brighton,9,14,11,14,16.68,10.49,10.38,13.34,8.666666666666666,6.444444444444445,1.5555555555555556,Nottingham Forest,10,7,23,5,10.09,17.05,15.83,10.36,3.4,9.1,0.5
98,18/10/2022,Crystal Palace,Wolverhampton Wanderers,"['2 ', ' 1']",2.25,3.1,3.4,2.5,1.53,Crystal Palace,9,10,12,10,10.26,14.68,17.26,7.6,3.5555555555555554,11.88888888888889,1.1111111111111112,Wolverhampton Wanderers,10,4,12,9,9.39,13.09,14.69,11.94,6.4,7.3,0.9
99,19/10/2022,Bournemouth,Southampton,"['0 ', ' 1']",2.62,3.3,2.62,2.0,1.8,Bournemouth,10,10,22,13,6.88,17.0,19.55,8.24,4.7,11.1,1.3,Southampton,10,9,18,8,9.85,15.59,13.26,7.19,5.7,8.2,0.8
100,19/10/2022,Brentford,Chelsea,"['0 ', ' 0']",4.75,3.8,1.72,1.88,2.02,Brentford,10,18,17,13,15.19,15.16,11.68,9.96,6.0,7.8,1.3,Chelsea,9,15,10,19,13.34,13.06,7.79,15.03,7.555555555555555,3.5555555555555554,2.111111111111111
101,19/10/2022,Liverpool,West Ham,"['1 ', ' 0']",1.4,5.0,7.0,1.5,2.62,Liverpool,9,21,12,13,19.02,13.24,9.2,20.66,12.555555555555555,7.555555555555555,1.4444444444444444,West Ham,10,9,11,11,13.22,10.17,19.7,15.85,4.3,5.1,1.1
102,19/10/2022,Newcastle United,Everton,"['1 ', ' 0']",1.6,3.8,5.75,1.92,1.98,Newcastle United,10,17,9,15,19.19,13.54,9.19,12.52,11.3,6.8,1.5,Everton,10,8,11,10,10.89,17.16,17.14,9.17,4.9,8.1,1.0
103,19/10/2022,Manchester United,Tottenham,"['2 ', ' 0']",2.45,3.5,2.75,1.72,2.1,Manchester United,9,13,15,16,13.76,12.2,13.46,12.54,8.222222222222221,9.555555555555555,1.7777777777777777,Tottenham,10,22,10,23,17.27,11.16,13.11,15.06,7.2,7.7,2.3
104,20/10/2022,Fulham,Aston Villa,"['3 ', ' 0']",2.9,3.3,2.5,2.0,1.9,Fulham,10,16,20,12,11.83,22.97,15.02,11.08,4.2,8.7,1.2,Aston Villa,10,7,13,9,11.18,11.91,10.92,13.73,6.9,6.1,0.9
105,20/10/2022,Leicester,Leeds,"['2 ', ' 0']",2.25,3.6,3.0,1.72,2.1,Leicester,10,15,24,5,10.03,15.47,11.97,17.56,6.9,5.9,0.5,Leeds,9,11,13,9,12.47,13.1,7.37,9.48,6.888888888888889,6.222222222222222,1.0
106,22/10/2022,Nottingham Forest,Liverpool,"['1 ', ' 0']",11.0,6.0,1.25,1.5,2.62,Nottingham Forest,11,7,23,6,10.29,19.15,16.19,10.16,3.1818181818181817,9.636363636363637,0.5454545454545454,Liverpool,10,22,12,16,21.26,15.73,9.63,21.21,12.1,7.2,1.6
107,22/10/2022,Everton,Crystal Palace,"['3 ', ' 0']",2.6,3.2,2.87,2.2,1.66,Everton,11,8,12,10,10.95,18.29,16.44,9.21,4.909090909090909,8.090909090909092,0.9090909090909091,Crystal Palace,10,12,13,13,11.52,15.54,15.53,7.68,4.0,11.5,1.3
108,22/10/2022,Manchester City,Brighton,"['3 ', ' 1']",1.2,7.0,13.0,1.44,2.75,Manchester City,10,33,10,23,24.18,7.81,11.64,26.51,12.8,3.0,2.3,Brighton,10,14,11,15,18.78,10.68,10.17,13.94,9.3,5.9,1.5
109,22/10/2022,Chelsea,Manchester United,"['1 ', ' 1']",2.05,3.5,3.5,1.91,1.99,Chelsea,10,15,10,20,13.9,14.52,7.96,15.18,8.2,3.9,2.0,Manchester United,10,15,15,19,15.47,12.86,13.96,12.99,8.4,9.3,1.9
110,23/10/2022,Aston Villa,Brentford,"['4 ', ' 0']",2.1,3.5,3.5,1.94,1.96,Aston Villa,11,7,16,9,11.89,14.8,11.37,13.53,6.454545454545454,6.2727272727272725,0.8181818181818182,Brentford,11,18,17,14,16.64,15.72,12.09,10.0,6.090909090909091,8.363636363636363,1.2727272727272727
111,23/10/2022,Leeds,Fulham,"['2 ', ' 3']",2.05,3.5,3.6,1.72,2.1,Leeds,10,11,15,9,13.67,13.76,7.5,9.63,6.7,6.0,0.9,Fulham,11,19,20,15,14.73,23.68,14.74,11.66,4.545454545454546,8.090909090909092,1.3636363636363635
112,23/10/2022,Southampton,Arsenal,"['1 ', ' 1']",6.0,4.0,1.57,1.66,2.2,Southampton,11,10,18,11,11.09,16.4,13.3,7.56,5.7272727272727275,8.181818181818182,1.0,Arsenal,10,24,10,27,20.3,10.19,10.33,13.53,12.2,4.0,2.7
113,23/10/2022,Wolverhampton Wanderers,Leicester,"['0 ', ' 4']",2.25,3.25,3.25,2.0,1.9,Wolverhampton Wanderers,11,5,14,9,10.24,14.35,13.69,11.38,6.545454545454546,7.363636363636363,0.8181818181818182,Leicester,11,17,24,8,10.68,16.66,11.82,16.29,6.636363636363637,5.818181818181818,0.7272727272727273
114,23/10/2022,Tottenham,Newcastle United,"['1 ', ' 2']",2.05,3.5,3.5,1.92,1.98,Tottenham,11,22,12,23,17.93,12.87,13.47,15.32,7.181818181818182,7.909090909090909,2.090909090909091,Newcastle United,11,18,9,18,20.33,13.6,9.23,12.34,11.0,6.636363636363637,1.6363636363636365
115,24/10/2022,West Ham,Bournemouth,"['2 ', ' 0']",1.55,4.0,6.0,2.01,1.89,West Ham,11,9,12,11,15.7,12.41,20.29,15.36,4.2727272727272725,5.363636363636363,1.0,Bournemouth,11,10,23,13,7.69,18.24,18.64,8.68,5.0,10.636363636363637,1.1818181818181819
116,29/10/2022,Leicester,Manchester City,"['0 ', ' 1']",10.0,6.5,1.25,1.44,2.75,Leicester,12,21,24,11,11.67,18.28,12.32,16.56,6.5,6.25,0.9166666666666666,Manchester City,11,36,11,26,26.04,8.34,11.68,25.26,12.909090909090908,3.1818181818181817,2.3636363636363638
117,29/10/2022,Bournemouth,Tottenham,"['2 ', ' 3']",5.0,3.8,1.7,1.96,1.94,Bournemouth,12,10,25,13,8.42,20.22,18.36,8.9,4.916666666666667,10.333333333333334,1.0833333333333333,Tottenham,12,23,14,23,19.49,14.0,12.95,15.3,7.166666666666667,8.166666666666666,1.9166666666666667
118,29/10/2022,Brentford,Wolverhampton Wanderers,"['1 ', ' 1']",2.2,3.4,3.3,2.01,1.89,Brentford,12,18,21,14,17.65,19.17,11.64,9.66,5.833333333333333,8.416666666666666,1.1666666666666667,Wolverhampton Wanderers,12,5,18,9,11.86,15.33,14.08,11.9,6.916666666666667,7.166666666666667,0.75
119,29/10/2022,Brighton,Chelsea,"['4 ', ' 1']",3.0,3.3,2.4,2.1,1.72,Brighton,11,15,14,15,19.31,12.55,10.42,13.72,8.909090909090908,6.636363636363637,1.3636363636363635,Chelsea,11,16,11,21,15.1,15.25,8.44,15.25,7.7272727272727275,4.2727272727272725,1.9090909090909092
120,29/10/2022,Crystal Palace,Southampton,"['1 ', ' 0']",1.9,3.6,4.0,2.06,1.84,Crystal Palace,11,12,16,13,12.11,17.47,14.72,7.85,4.0,10.909090909090908,1.1818181818181819,Southampton,12,11,19,12,11.71,17.98,13.77,7.72,5.833333333333333,8.166666666666666,1.0
121,29/10/2022,Newcastle United,Aston Villa,"['4 ', ' 0']",1.8,3.75,4.5,1.94,1.96,Newcastle United,12,20,10,21,21.46,15.17,9.63,11.89,11.0,6.666666666666667,1.75,Aston Villa,12,11,16,12,15.35,15.8,10.94,12.89,6.666666666666667,6.0,1.0
122,29/10/2022,Fulham,Everton,"['0 ', ' 0']",2.37,3.4,3.0,1.87,2.03,Fulham,12,22,22,18,17.2,25.64,14.73,10.91,4.416666666666667,8.083333333333334,1.5,Everton,12,11,12,13,12.89,18.89,15.5,9.15,4.916666666666667,7.75,1.0833333333333333
123,29/10/2022,Liverpool,Leeds,"['1 ', ' 2']",1.3,6.0,9.0,1.36,3.2,Liverpool,11,22,13,16,23.46,18.23,9.26,21.52,12.181818181818182,7.090909090909091,1.4545454545454546,Leeds,11,13,18,9,15.63,16.23,7.37,10.01,6.818181818181818,5.7272727272727275,0.8181818181818182
124,30/10/2022,Arsenal,Nottingham Forest,"['5 ', ' 0']",1.2,7.0,12.0,1.5,2.62,Arsenal,11,25,11,28,21.88,10.81,10.25,14.06,11.818181818181818,4.2727272727272725,2.5454545454545454,Nottingham Forest,12,8,23,9,12.79,21.35,16.84,9.75,3.4166666666666665,9.916666666666666,0.75
125,30/10/2022,Manchester United,West Ham,"['1 ', ' 0']",1.66,4.0,4.8,1.86,2.04,Manchester United,11,16,16,20,16.2,14.06,14.13,13.23,8.363636363636363,8.727272727272727,1.8181818181818181,West Ham,12,11,12,14,17.68,13.14,19.24,15.39,4.5,5.25,1.1666666666666667
126,05/11/2022,Leeds,Bournemouth,"['4 ', ' 3']",1.72,3.8,4.75,1.8,2.0,Leeds,12,15,19,12,17.24,18.14,8.25,10.05,6.75,6.416666666666667,1.0,Bournemouth,13,12,28,13,9.31,22.41,18.53,9.25,4.769230769230769,10.307692307692308,1.0
127,05/11/2022,Manchester City,Fulham,"['2 ', ' 1']",1.11,9.5,19.0,1.28,3.75,Manchester City,12,37,11,29,26.74,9.03,11.94,25.55,13.0,3.0833333333333335,2.4166666666666665,Fulham,13,22,22,19,18.97,26.84,14.43,11.45,4.923076923076923,7.615384615384615,1.4615384615384615
128,05/11/2022,Nottingham Forest,Brentford,"['2 ', ' 2']",2.75,3.3,2.6,2.03,1.87,Nottingham Forest,13,8,28,9,12.99,24.35,17.37,9.6,3.3076923076923075,10.76923076923077,0.6923076923076923,Brentford,13,19,22,15,18.94,19.73,11.07,9.87,5.846153846153846,7.923076923076923,1.1538461538461537
129,05/11/2022,Wolverhampton Wanderers,Brighton,"['2 ', ' 3']",3.3,3.3,2.25,2.1,1.72,Wolverhampton Wanderers,13,6,19,10,12.42,16.63,13.97,11.38,6.538461538461538,7.076923076923077,0.7692307692307693,Brighton,12,19,15,18,22.19,13.62,11.06,13.63,8.583333333333334,6.75,1.5
130,05/11/2022,Everton,Leicester,"['0 ', ' 2']",2.4,3.3,3.0,2.0,1.8,Everton,13,11,12,14,14.08,20.65,15.85,9.29,4.6923076923076925,8.0,1.0769230769230769,Leicester,13,21,25,11,12.37,18.98,12.9,16.45,6.153846153846154,6.846153846153846,0.8461538461538461
131,06/11/2022,Chelsea,Arsenal,"['0 ', ' 1']",2.55,3.4,2.7,1.93,1.97,Chelsea,12,17,15,21,16.17,18.13,8.69,15.68,7.75,4.333333333333333,1.75,Arsenal,12,30,11,31,24.89,11.02,10.06,14.71,12.583333333333334,4.083333333333333,2.5833333333333335
132,06/11/2022,Aston Villa,Manchester United,"['3 ', ' 1']",3.3,3.8,2.1,1.94,1.96,Aston Villa,13,11,20,12,15.62,19.99,11.29,12.71,6.3076923076923075,6.6923076923076925,0.9230769230769231,Manchester United,12,17,16,23,17.95,15.06,14.07,13.46,8.166666666666666,8.416666666666666,1.9166666666666667
133,06/11/2022,Southampton,Newcastle United,"['1 ', ' 4']",4.0,3.6,1.9,1.95,1.95,Southampton,13,11,20,12,13.07,18.99,13.28,8.01,6.0,8.076923076923077,0.9230769230769231,Newcastle United,13,24,10,24,25.65,15.44,9.7,12.3,11.307692307692308,6.3076923076923075,1.8461538461538463
134,06/11/2022,West Ham,Crystal Palace,"['1 ', ' 2']",1.9,3.4,4.2,2.1,1.72,West Ham,13,11,13,14,18.68,14.89,19.03,15.22,4.538461538461538,5.3076923076923075,1.0769230769230769,Crystal Palace,12,13,16,16,13.12,18.83,14.41,7.82,4.25,10.666666666666666,1.3333333333333333
135,06/11/2022,Tottenham,Liverpool,"['1 ', ' 2']",3.3,3.6,2.1,1.66,2.2,Tottenham,13,26,16,26,21.69,14.88,13.18,15.64,7.384615384615385,7.769230769230769,2.0,Liverpool,12,23,15,16,25.37,19.84,9.34,22.11,12.333333333333334,7.0,1.3333333333333333
136,12/11/2022,Manchester City,Brentford,"['1 ', ' 2']",1.14,8.0,17.0,1.36,3.2,Manchester City,13,39,12,32,29.14,9.87,11.95,26.2,12.846153846153847,2.923076923076923,2.4615384615384617,Brentford,14,21,24,16,20.16,21.03,11.19,10.26,5.857142857142857,8.071428571428571,1.1428571428571428
137,12/11/2022,Bournemouth,Everton,"['3 ', ' 0']",2.8,3.25,2.6,2.1,1.72,Bournemouth,14,15,32,13,10.87,24.64,18.35,8.77,4.785714285714286,10.142857142857142,0.9285714285714286,Everton,14,11,14,14,15.45,22.92,16.28,9.61,5.214285714285714,8.214285714285714,1.0
138,12/11/2022,Liverpool,Southampton,"['3 ', ' 1']",1.25,6.5,11.0,1.4,3.0,Liverpool,13,25,16,19,26.84,21.66,9.85,21.35,11.923076923076923,6.769230769230769,1.4615384615384615,Southampton,14,12,24,12,14.72,20.41,12.96,8.3,6.0,7.785714285714286,0.8571428571428571
139,12/11/2022,Nottingham Forest,Crystal Palace,"['1 ', ' 0']",3.1,3.1,2.45,2.2,1.66,Nottingham Forest,14,10,30,10,14.29,25.57,17.29,9.8,3.7857142857142856,10.428571428571429,0.7142857142857143,Crystal Palace,13,15,17,19,14.15,19.02,15.05,8.31,4.615384615384615,9.923076923076923,1.4615384615384615
140,12/11/2022,Tottenham,Leeds,"['4 ', ' 3']",1.65,4.2,4.75,1.61,2.3,Tottenham,14,27,18,26,23.51,16.35,13.39,15.73,7.142857142857143,7.714285714285714,1.8571428571428572,Leeds,13,19,22,15,19.47,19.7,7.95,10.31,6.846153846153846,6.3076923076923075,1.1538461538461537
141,12/11/2022,West Ham,Leicester,"['0 ', ' 2']",2.05,3.4,3.75,1.99,1.91,West Ham,14,12,15,14,18.87,15.92,18.95,15.93,4.285714285714286,5.571428571428571,1.0,Leicester,14,23,25,14,14.63,20.36,13.05,16.81,6.5,7.214285714285714,1.0
142,12/11/2022,Newcastle United,Chelsea,"['1 ', ' 0']",2.35,3.4,3.0,1.98,1.92,Newcastle United,14,28,11,27,27.07,17.09,9.93,12.0,10.785714285714286,6.285714285714286,1.9285714285714286,Chelsea,13,17,16,21,16.45,20.51,8.68,14.5,7.538461538461538,4.230769230769231,1.6153846153846154
143,12/11/2022,Wolverhampton Wanderers,Arsenal,"['0 ', ' 2']",6.0,4.2,1.55,1.8,2.0,Wolverhampton Wanderers,14,8,22,10,13.71,18.5,14.59,11.27,6.214285714285714,7.857142857142857,0.7142857142857143,Arsenal,13,31,11,34,27.26,11.3,9.61,14.01,11.846153846153847,4.153846153846154,2.6153846153846154
144,13/11/2022,Brighton,Aston Villa,"['1 ', ' 2']",1.83,3.75,4.2,1.96,1.94,Brighton,13,22,17,21,24.07,14.91,10.95,14.27,9.307692307692308,6.384615384615385,1.6153846153846154,Aston Villa,14,14,21,15,16.2,20.51,11.61,12.55,6.214285714285714,6.928571428571429,1.0714285714285714
145,13/11/2022,Fulham,Manchester United,"['1 ', ' 2']",3.8,3.8,1.9,1.61,2.3,Fulham,14,23,24,19,19.81,29.23,15.51,11.49,4.642857142857143,7.857142857142857,1.3571428571428572,Manchester United,13,18,19,23,18.47,15.64,13.75,13.76,8.307692307692308,8.153846153846153,1.7692307692307692
146,26/12/2022,Brentford,Tottenham,"['2 ', ' 2']",4.0,3.6,1.91,1.8,2.0,Brentford,15,23,25,19,23.45,22.63,11.43,9.95,5.866666666666666,9.266666666666667,1.2666666666666666,Tottenham,15,31,21,29,26.09,18.07,13.52,16.04,7.133333333333334,7.6,1.9333333333333333
147,26/12/2022,Crystal Palace,Fulham,"['0 ', ' 3']",2.05,3.6,3.5,2.02,1.88,Crystal Palace,14,15,18,19,15.3,20.26,14.52,8.97,4.5,9.5,1.3571428571428572,Fulham,15,24,26,19,21.51,32.61,15.23,11.9,4.733333333333333,7.733333333333333,1.2666666666666666
148,26/12/2022,Everton,Wolverhampton Wanderers,"['1 ', ' 2']",2.3,3.25,3.2,2.2,1.67,Everton,15,11,17,14,16.22,25.38,15.2,10.18,5.333333333333333,8.2,0.9333333333333333,Wolverhampton Wanderers,15,8,24,10,14.23,20.78,14.83,11.35,6.066666666666666,7.6,0.6666666666666666
149,26/12/2022,Leicester,Newcastle United,"['0 ', ' 3']",3.25,3.5,2.2,1.86,2.04,Leicester,15,25,25,17,16.24,21.08,12.95,16.46,6.4,7.133333333333334,1.1333333333333333,Newcastle United,15,29,11,30,28.43,17.45,9.77,11.89,10.533333333333333,6.0,2.0
150,26/12/2022,Southampton,Brighton,"['1 ', ' 3']",3.3,3.5,2.15,1.94,1.96,Southampton,15,13,27,12,16.15,23.15,13.54,8.72,6.2,7.933333333333334,0.8,Brighton,14,23,19,21,24.9,16.07,10.3,14.42,9.142857142857142,6.357142857142857,1.5
151,26/12/2022,Aston Villa,Liverpool,"['1 ', ' 3']",4.75,4.0,1.7,1.67,2.2,Aston Villa,15,16,22,18,17.35,21.34,11.87,11.7,6.2,6.933333333333334,1.2,Liverpool,14,28,17,22,29.58,23.1,10.3,21.39,11.785714285714286,6.928571428571429,1.5714285714285714
152,26/12/2022,Arsenal,West Ham,"['3 ', ' 1']",1.5,4.33,6.5,1.73,2.1,Arsenal,14,33,11,37,29.54,11.81,9.77,14.27,11.285714285714286,4.142857142857143,2.642857142857143,West Ham,15,12,17,14,19.59,17.53,18.37,15.5,4.4,5.533333333333333,0.9333333333333333
153,27/12/2022,Chelsea,Bournemouth,"['2 ', ' 0']",1.3,5.5,10.0,1.67,2.2,Chelsea,14,17,17,21,16.81,21.87,8.82,13.77,7.142857142857143,4.428571428571429,1.5,Bournemouth,15,18,32,16,13.32,25.41,18.58,8.51,5.0,9.933333333333334,1.0666666666666667
154,27/12/2022,Manchester United,Nottingham Forest,"['3 ', ' 0']",1.29,5.5,11.0,1.67,2.2,Manchester United,14,20,20,26,21.85,17.34,14.09,13.6,8.142857142857142,8.0,1.8571428571428572,Nottingham Forest,15,11,30,13,15.53,26.72,17.8,9.69,3.8,9.933333333333334,0.8666666666666667
155,28/12/2022,Leeds,Manchester City,"['1 ', ' 3']",9.5,6.0,1.29,1.44,2.75,Leeds,14,22,26,15,21.19,22.28,8.46,10.55,6.785714285714286,6.357142857142857,1.0714285714285714,Manchester City,14,40,14,32,30.74,13.16,11.47,25.6,13.785714285714286,3.142857142857143,2.2857142857142856
156,30/12/2022,West Ham,Brentford,"['0 ', ' 2']",2.0,3.6,3.6,1.98,1.95,West Ham,16,13,20,14,20.62,19.42,18.45,14.68,4.1875,6.0625,0.875,Brentford,16,25,27,20,25.7,23.52,11.44,9.89,5.9375,9.0,1.25
157,30/12/2022,Liverpool,Leicester,"['2 ', ' 1']",1.29,6.0,9.5,1.44,2.75,Liverpool,15,31,18,25,33.09,24.79,10.46,21.78,11.533333333333333,6.8,1.6666666666666667,Leicester,16,25,28,17,16.55,22.84,12.42,16.81,6.25,7.0,1.0625
158,31/12/2022,Wolverhampton Wanderers,Manchester United,"['0 ', ' 1']",4.0,3.6,1.91,2.03,1.9,Wolverhampton Wanderers,16,10,25,13,15.45,22.01,14.16,11.18,6.0625,7.375,0.8125,Manchester United,15,23,20,29,23.99,17.82,13.34,14.48,9.066666666666666,7.6,1.9333333333333333
159,31/12/2022,Bournemouth,Crystal Palace,"['0 ', ' 2']",2.8,3.3,2.5,2.1,1.73,Bournemouth,16,18,34,16,13.77,27.32,18.29,8.61,4.9375,9.75,1.0,Crystal Palace,15,15,21,19,15.72,22.96,14.75,8.95,4.333333333333333,9.733333333333333,1.2666666666666666
160,31/12/2022,Fulham,Southampton,"['2 ', ' 1']",1.95,3.6,3.75,1.73,2.1,Fulham,16,27,26,22,24.21,33.03,14.63,12.29,5.25,7.375,1.375,Southampton,16,14,30,12,17.86,24.16,13.98,8.82,6.125,8.0625,0.75
161,31/12/2022,Manchester City,Everton,"['1 ', ' 1']",1.13,9.0,19.0,1.36,3.2,Manchester City,15,43,15,35,34.91,13.77,11.2,25.7,13.733333333333333,3.4,2.3333333333333335,Everton,16,12,19,14,17.45,26.6,14.69,10.1,5.25,8.0625,0.875
162,31/12/2022,Newcastle United,Leeds,"['0 ', ' 0']",1.45,4.5,7.0,1.62,2.3,Newcastle United,16,32,11,33,30.19,17.76,10.35,11.39,10.1875,5.875,2.0625,Leeds,15,23,29,15,21.79,26.44,9.23,10.38,6.8,6.8,1.0
163,31/12/2022,Brighton,Arsenal,"['2 ', ' 4']",3.4,3.5,2.1,1.89,2.04,Brighton,15,26,20,24,25.9,17.78,10.34,14.89,9.2,6.266666666666667,1.6,Arsenal,15,36,12,40,31.43,12.84,9.6,14.61,11.466666666666667,3.933333333333333,2.6666666666666665
164,01/01/2023,Tottenham,Aston Villa,"['0 ', ' 2']",1.67,4.0,5.0,1.8,2.0,Tottenham,16,33,23,30,26.97,20.32,13.26,15.69,7.0,7.5625,1.875,Aston Villa,16,17,25,18,19.05,24.84,12.45,11.74,6.125,7.0,1.125
165,01/01/2023,Nottingham Forest,Chelsea,"['1 ', ' 1']",5.0,3.8,1.7,2.02,1.91,Nottingham Forest,16,11,33,13,16.01,28.86,18.56,9.39,3.6875,10.6875,0.8125,Chelsea,15,19,17,24,18.73,22.31,8.9,13.89,7.133333333333334,4.4,1.6
166,02/01/2023,Brentford,Liverpool,"['3 ', ' 1']",5.5,4.33,1.55,1.57,2.38,Brentford,17,27,27,23,27.22,24.66,11.98,9.9,6.0,8.764705882352942,1.3529411764705883,Liverpool,16,33,19,28,35.11,25.65,10.72,21.8,11.1875,6.5625,1.75
167,03/01/2023,Arsenal,Newcastle United,"['0 ', ' 0']",1.8,3.8,4.33,1.8,2.0,Arsenal,16,40,14,43,34.65,13.99,10.01,14.27,11.25,4.25,2.6875,Newcastle United,17,32,11,34,32.98,18.28,10.11,11.22,10.117647058823529,5.764705882352941,2.0
168,03/01/2023,Everton,Brighton,"['1 ', ' 4']",3.5,3.5,2.1,2.02,1.88,Everton,17,13,20,15,17.52,28.96,15.35,9.71,5.0588235294117645,8.352941176470589,0.8823529411764706,Brighton,16,28,24,24,27.06,21.0,10.23,14.94,9.1875,6.375,1.5
169,03/01/2023,Leicester,Fulham,"['0 ', ' 1']",2.2,3.6,3.1,1.73,2.1,Leicester,17,26,30,17,17.41,24.87,12.85,16.67,6.0588235294117645,6.9411764705882355,1.0,Fulham,17,29,27,25,25.7,33.73,14.16,12.39,5.294117647058823,7.0588235294117645,1.4705882352941178
170,03/01/2023,Manchester United,Bournemouth,"['3 ', ' 0']",1.29,5.5,11.0,1.53,2.5,Manchester United,16,24,20,32,26.43,18.41,12.92,14.22,9.3125,7.25,2.0,Bournemouth,17,18,36,16,14.66,29.08,17.5,8.69,5.117647058823529,9.647058823529411,0.9411764705882353
171,04/01/2023,Southampton,Nottingham Forest,"['0 ', ' 1']",2.0,3.5,3.8,2.06,1.84,Southampton,17,15,32,12,18.56,25.65,13.96,8.75,5.882352941176471,7.9411764705882355,0.7058823529411765,Nottingham Forest,17,12,34,14,16.99,30.23,18.62,9.17,4.0588235294117645,10.411764705882353,0.8235294117647058
172,04/01/2023,Leeds,West Ham,"['2 ', ' 2']",2.6,3.5,2.6,1.8,2.0,Leeds,16,23,29,16,22.31,29.23,9.22,10.1,6.625,6.9375,1.0,West Ham,17,13,22,14,21.76,20.93,17.85,15.22,4.235294117647059,6.117647058823529,0.8235294117647058
173,04/01/2023,Aston Villa,Wolverhampton Wanderers,"['1 ', ' 1']",1.95,3.6,4.0,2.08,1.82,Aston Villa,17,19,25,21,20.26,25.41,12.69,11.64,6.176470588235294,6.9411764705882355,1.2352941176470589,Wolverhampton Wanderers,17,10,26,13,16.03,24.45,13.94,11.01,5.823529411764706,7.705882352941177,0.7647058823529411
174,04/01/2023,Crystal Palace,Tottenham,"['0 ', ' 4']",3.4,3.5,2.15,1.92,1.98,Crystal Palace,16,17,21,22,17.47,23.86,14.32,8.87,4.5625,9.625,1.375,Tottenham,17,33,25,30,27.54,21.54,13.05,15.78,6.9411764705882355,7.529411764705882,1.7647058823529411
175,05/01/2023,Chelsea,Manchester City,"['0 ', ' 1']",5.0,4.0,1.67,1.8,2.0,Chelsea,16,20,18,25,20.1,23.29,8.73,14.27,7.0625,4.75,1.5625,Manchester City,16,44,16,36,37.27,13.84,10.59,26.05,13.6875,3.3125,2.25
176,12/01/2023,Fulham,Chelsea,"['2 ', ' 1']",3.3,3.5,2.15,1.87,2.03,Fulham,18,30,27,28,27.04,35.18,14.23,11.87,5.222222222222222,7.0,1.5555555555555556,Chelsea,17,20,19,25,20.59,25.01,9.04,14.16,6.9411764705882355,5.0588235294117645,1.4705882352941178
177,13/01/2023,Aston Villa,Leeds,"['2 ', ' 1']",1.91,3.6,4.0,1.8,2.0,Aston Villa,18,20,26,22,21.3,26.25,12.9,11.76,6.055555555555555,6.666666666666667,1.2222222222222223,Leeds,17,25,31,17,23.57,30.52,8.97,10.06,6.647058823529412,6.705882352941177,1.0
178,14/01/2023,Manchester United,Manchester City,"['2 ', ' 1']",4.2,3.6,1.85,1.73,2.1,Manchester United,17,27,20,35,29.41,19.09,12.77,14.69,9.529411764705882,6.9411764705882355,2.0588235294117645,Manchester City,17,45,16,39,38.99,14.34,10.76,24.9,13.470588235294118,3.411764705882353,2.2941176470588234
179,14/01/2023,Brighton,Liverpool,"['3 ', ' 0']",3.4,3.6,2.1,1.57,2.38,Brighton,17,32,25,27,29.57,22.17,10.71,15.29,8.882352941176471,6.235294117647059,1.588235294117647,Liverpool,17,34,22,28,37.22,27.75,10.4,21.44,11.647058823529411,6.176470588235294,1.6470588235294117
180,14/01/2023,Everton,Southampton,"['1 ', ' 2']",2.25,3.25,3.3,2.1,1.73,Everton,18,14,24,15,18.69,31.47,15.69,10.15,5.0,8.11111111111111,0.8333333333333334,Southampton,18,15,33,12,19.19,26.87,13.44,8.91,5.777777777777778,7.722222222222222,0.6666666666666666
181,14/01/2023,Nottingham Forest,Leicester,"['2 ', ' 0']",2.7,3.3,2.63,2.03,1.87,Nottingham Forest,18,13,34,17,18.21,30.86,18.16,8.94,4.055555555555555,10.055555555555555,0.9444444444444444,Leicester,18,26,31,17,18.87,26.2,12.37,16.57,6.055555555555555,6.777777777777778,0.9444444444444444
182,14/01/2023,Wolverhampton Wanderers,West Ham,"['1 ', ' 0']",2.63,3.3,2.7,2.2,1.67,Wolverhampton Wanderers,18,11,27,14,16.87,25.49,13.93,11.27,5.611111111111111,7.5,0.7777777777777778,West Ham,18,15,24,15,23.05,22.19,17.12,14.33,4.166666666666667,6.166666666666667,0.8333333333333334
183,14/01/2023,Brentford,Bournemouth,"['2 ', ' 0']",1.65,4.0,5.25,1.8,2.0,Brentford,18,30,28,26,29.32,26.76,12.19,9.63,5.666666666666667,9.333333333333334,1.4444444444444444,Bournemouth,18,18,39,16,15.34,32.05,17.81,8.79,4.944444444444445,9.833333333333334,0.8888888888888888
184,15/01/2023,Chelsea,Crystal Palace,"['1 ', ' 0']",1.62,4.0,5.25,2.02,1.88,Chelsea,18,21,21,25,22.99,25.73,9.02,14.19,6.944444444444445,4.888888888888889,1.3888888888888888,Crystal Palace,17,17,25,22,18.26,25.52,14.35,9.07,4.764705882352941,9.588235294117647,1.2941176470588236
185,15/01/2023,Newcastle United,Fulham,"['1 ', ' 0']",1.5,4.33,6.5,1.73,2.1,Newcastle United,18,32,11,35,33.94,19.25,10.21,11.05,9.777777777777779,5.944444444444445,1.9444444444444444,Fulham,19,32,28,31,27.75,37.58,14.25,11.64,5.052631578947368,7.0,1.631578947368421
186,15/01/2023,Tottenham,Arsenal,"['0 ', ' 2']",3.1,3.6,2.2,1.8,2.0,Tottenham,18,37,25,33,29.21,22.32,13.11,15.71,7.055555555555555,7.555555555555555,1.8333333333333333,Arsenal,17,40,14,44,35.62,14.95,9.9,14.11,11.117647058823529,4.235294117647059,2.588235294117647
187,18/01/2023,Crystal Palace,Manchester United,"['1 ', ' 1']",4.5,3.6,1.8,1.97,1.93,Crystal Palace,18,17,26,22,19.1,27.65,14.12,8.91,4.666666666666667,9.555555555555555,1.2222222222222223,Manchester United,18,29,21,38,31.39,19.82,13.57,14.76,9.5,7.111111111111111,2.111111111111111
188,19/01/2023,Manchester City,Tottenham,"['4 ', ' 2']",1.36,5.0,8.5,1.53,2.5,Manchester City,18,46,18,39,39.73,16.32,10.96,25.13,13.277777777777779,3.7222222222222223,2.1666666666666665,Tottenham,19,37,27,33,30.92,24.37,13.26,15.46,7.105263157894737,7.578947368421052,1.736842105263158
189,21/01/2023,Liverpool,Chelsea,"['0 ', ' 0']",1.85,3.75,4.0,1.73,2.1,Liverpool,18,34,25,28,38.51,30.15,10.78,20.87,11.277777777777779,6.555555555555555,1.5555555555555556,Chelsea,19,22,21,28,25.12,26.56,8.84,14.01,7.052631578947368,4.7894736842105265,1.4736842105263157
190,21/01/2023,Bournemouth,Nottingham Forest,"['1 ', ' 1']",2.75,3.1,2.75,2.3,1.62,Bournemouth,19,18,41,16,15.61,33.35,17.31,8.97,4.7894736842105265,9.473684210526315,0.8421052631578947,Nottingham Forest,19,15,34,20,19.97,31.66,18.1,9.05,4.157894736842105,9.68421052631579,1.0526315789473684
191,21/01/2023,Leicester,Brighton,"['2 ', ' 2']",3.6,3.5,2.05,1.86,2.04,Leicester,19,26,33,17,19.67,27.95,12.34,16.6,5.894736842105263,6.7368421052631575,0.8947368421052632,Brighton,18,35,25,30,31.97,23.45,10.84,15.31,9.11111111111111,6.166666666666667,1.6666666666666667
192,21/01/2023,Southampton,Aston Villa,"['0 ', ' 1']",2.88,3.25,2.55,2.1,1.73,Southampton,19,17,34,15,20.27,28.06,13.03,9.05,5.894736842105263,7.526315789473684,0.7894736842105263,Aston Villa,19,22,27,25,22.94,28.71,12.62,11.18,6.0,6.368421052631579,1.3157894736842106
193,21/01/2023,West Ham,Everton,"['2 ', ' 0']",1.8,3.75,4.75,2.1,1.73,West Ham,19,15,25,15,23.79,23.0,16.97,14.38,4.315789473684211,6.105263157894737,0.7894736842105263,Everton,19,15,26,15,19.87,32.55,15.57,9.95,4.947368421052632,8.105263157894736,0.7894736842105263
194,21/01/2023,Crystal Palace,Newcastle United,"['0 ', ' 0']",4.4,3.5,1.85,2.1,1.73,Crystal Palace,19,18,27,23,19.51,29.04,14.04,8.86,4.578947368421052,9.68421052631579,1.2105263157894737,Newcastle United,19,33,11,38,35.9,20.24,9.98,11.21,9.947368421052632,5.7894736842105265,2.0
195,22/01/2023,Leeds,Brentford,"['0 ', ' 0']",2.38,3.6,2.88,1.67,2.2,Leeds,18,26,33,17,26.03,32.17,8.74,9.92,6.333333333333333,6.611111111111111,0.9444444444444444,Brentford,19,32,28,29,30.61,27.03,12.23,9.66,5.526315789473684,8.947368421052632,1.5263157894736843
196,22/01/2023,Manchester City,Wolverhampton Wanderers,"['3 ', ' 0']",1.2,8.0,11.0,1.5,2.63,Manchester City,19,50,20,42,42.07,17.49,11.06,24.81,13.157894736842104,3.9473684210526314,2.210526315789474,Wolverhampton Wanderers,19,12,27,17,17.67,26.22,13.98,11.45,5.578947368421052,7.473684210526316,0.8947368421052632
197,22/01/2023,Arsenal,Manchester United,"['3 ', ' 2']",1.8,3.8,4.2,1.73,2.1,Arsenal,18,42,14,47,37.67,16.66,9.99,14.22,10.944444444444445,4.444444444444445,2.611111111111111,Manchester United,19,30,22,39,32.78,20.24,13.18,14.61,9.631578947368421,6.894736842105263,2.0526315789473686
198,23/01/2023,Fulham,Tottenham,"['0 ', ' 1']",3.3,3.6,2.1,1.73,2.1,Fulham,20,32,29,31,28.74,39.54,14.27,11.3,4.95,7.3,1.55,Tottenham,20,39,31,33,32.08,26.71,13.56,15.3,7.15,7.75,1.65
199,03/02/2023,Chelsea,Fulham,"['0 ', ' 0']",1.62,4.0,5.25,1.91,1.99,Chelsea,20,22,21,29,26.97,27.86,8.9,13.76,7.05,4.9,1.45,Fulham,21,32,30,31,29.83,40.53,13.92,11.38,5.0476190476190474,7.285714285714286,1.4761904761904763
200,04/02/2023,Everton,Arsenal,"['1 ', ' 0']",8.5,4.5,1.4,1.87,2.03,Everton,20,15,28,15,20.16,35.02,15.29,10.46,4.9,7.85,0.75,Arsenal,19,45,16,50,40.57,16.94,10.08,14.2,11.157894736842104,4.2631578947368425,2.6315789473684212
201,04/02/2023,Aston Villa,Leicester,"['2 ', ' 4']",1.95,3.6,3.8,1.94,1.96,Aston Villa,20,23,27,28,24.11,29.38,12.37,11.23,6.1,6.25,1.4,Leicester,20,28,35,18,21.03,29.9,12.89,16.21,5.7,7.0,0.9
202,04/02/2023,Brentford,Southampton,"['3 ', ' 0']",1.85,3.6,4.2,2.04,1.86,Brentford,20,32,28,30,30.79,27.41,11.86,9.52,5.5,8.85,1.5,Southampton,20,17,35,15,20.95,29.22,12.96,8.98,5.8,7.55,0.75
203,04/02/2023,Brighton,Bournemouth,"['1 ', ' 0']",1.33,5.25,8.5,1.73,2.1,Brighton,19,37,27,31,33.91,24.81,10.78,15.86,9.263157894736842,5.947368421052632,1.631578947368421,Bournemouth,20,19,42,17,17.42,34.92,17.4,9.01,5.05,9.25,0.85
204,04/02/2023,Manchester United,Crystal Palace,"['2 ', ' 1']",1.4,4.75,8.0,1.88,2.02,Manchester United,20,32,25,39,33.06,23.14,13.21,14.47,9.2,7.3,1.95,Crystal Palace,20,18,27,24,19.84,30.49,13.58,8.79,4.5,9.85,1.2
205,04/02/2023,Wolverhampton Wanderers,Liverpool,"['3 ', ' 0']",4.0,3.8,1.85,1.8,2.0,Wolverhampton Wanderers,20,12,30,17,18.14,29.55,14.22,11.76,5.5,7.55,0.85,Liverpool,19,34,25,29,39.81,32.0,10.77,19.93,11.052631578947368,6.578947368421052,1.5263157894736843
206,04/02/2023,Newcastle United,West Ham,"['1 ', ' 1']",1.6,3.8,6.0,2.0,1.8,Newcastle United,20,33,11,39,37.34,20.57,9.84,10.93,10.1,5.65,1.95,West Ham,20,17,25,18,26.26,23.28,17.22,14.15,4.25,6.0,0.9
207,05/02/2023,Nottingham Forest,Leeds,"['1 ', ' 0']",2.63,3.3,2.7,1.94,1.96,Nottingham Forest,20,16,35,21,21.54,33.47,17.68,9.44,4.2,9.7,1.05,Leeds,19,26,33,18,26.4,32.34,8.68,9.73,6.368421052631579,6.526315789473684,0.9473684210526315
208,05/02/2023,Tottenham,Manchester City,"['1 ', ' 0']",4.33,4.2,1.73,1.67,2.2,Tottenham,21,40,31,36,33.07,27.8,13.52,14.89,7.142857142857143,7.714285714285714,1.7142857142857142,Manchester City,20,53,20,45,45.39,17.95,11.43,24.49,12.95,3.95,2.25
209,08/02/2023,Manchester United,Leeds,"['2 ', ' 2']",1.45,5.0,6.0,1.57,2.38,Manchester United,21,34,26,42,35.13,24.52,13.24,14.55,9.285714285714286,7.142857142857143,2.0,Leeds,20,26,34,18,27.53,32.67,8.39,9.96,6.4,6.25,0.9
210,11/02/2023,West Ham,Chelsea,"['1 ', ' 1']",3.3,3.3,2.25,2.2,1.67,West Ham,21,18,26,19,27.53,24.51,16.75,13.78,4.238095238095238,6.0,0.9047619047619048,Chelsea,21,22,21,30,28.38,28.36,8.59,14.04,6.9523809523809526,4.904761904761905,1.4285714285714286
211,11/02/2023,Arsenal,Brentford,"['1 ', ' 1']",1.44,4.75,7.0,1.73,2.1,Arsenal,20,45,17,50,41.26,19.03,9.89,14.41,11.15,4.25,2.5,Brentford,21,35,28,33,33.15,28.05,11.87,9.48,5.809523809523809,8.666666666666666,1.5714285714285714
212,11/02/2023,Crystal Palace,Brighton,"['1 ', ' 1']",3.8,3.5,2.0,2.0,1.8,Crystal Palace,21,19,29,24,21.22,32.56,13.68,8.95,4.476190476190476,9.904761904761905,1.1428571428571428,Brighton,20,38,27,34,36.47,25.72,10.6,16.16,9.55,5.75,1.7
213,11/02/2023,Fulham,Nottingham Forest,"['2 ', ' 0']",1.91,3.5,4.33,2.1,1.73,Fulham,22,32,30,32,30.33,41.95,14.21,10.85,5.045454545454546,7.181818181818182,1.4545454545454546,Nottingham Forest,21,17,35,24,21.88,34.59,17.49,8.99,4.0476190476190474,9.571428571428571,1.1428571428571428
214,11/02/2023,Leicester,Tottenham,"['4 ', ' 1']",3.4,3.6,2.1,1.73,2.1,Leicester,21,32,37,21,23.53,31.4,12.92,15.67,5.666666666666667,7.380952380952381,1.0,Tottenham,22,41,31,39,34.5,28.57,13.76,14.28,6.954545454545454,7.590909090909091,1.7727272727272727
215,11/02/2023,Southampton,Wolverhampton Wanderers,"['1 ', ' 2']",2.9,3.2,2.55,2.3,1.62,Southampton,21,17,38,15,21.59,31.59,12.78,9.1,5.761904761904762,7.761904761904762,0.7142857142857143,Wolverhampton Wanderers,21,15,30,20,20.78,30.85,14.63,11.76,5.476190476190476,7.857142857142857,0.9523809523809523
216,11/02/2023,Bournemouth,Newcastle United,"['1 ', ' 1']",6.5,4.0,1.53,2.04,1.86,Bournemouth,21,19,43,17,18.33,37.48,17.65,8.92,4.904761904761905,9.523809523809524,0.8095238095238095,Newcastle United,21,34,12,40,38.57,21.85,9.76,10.91,9.904761904761905,5.571428571428571,1.9047619047619047
217,12/02/2023,Leeds,Manchester United,"['0 ', ' 2']",3.75,3.8,1.91,1.67,2.2,Leeds,21,28,36,19,28.08,34.67,8.57,9.77,6.285714285714286,6.476190476190476,0.9047619047619048,Manchester United,22,36,28,43,37.13,25.07,12.86,14.39,9.363636363636363,7.0,1.9545454545454546
218,12/02/2023,Manchester City,Aston Villa,"['3 ', ' 1']",1.25,6.5,11.0,1.5,2.63,Manchester City,21,53,21,45,46.17,19.38,11.0,24.31,12.571428571428571,3.9047619047619047,2.142857142857143,Aston Villa,21,25,31,28,25.61,31.88,12.1,11.36,6.523809523809524,6.190476190476191,1.3333333333333333
219,13/02/2023,Liverpool,Everton,"['2 ', ' 0']",1.5,4.33,6.5,1.73,2.1,Liverpool,20,34,28,29,41.11,34.63,10.81,20.19,11.2,6.5,1.45,Everton,21,16,28,18,22.25,35.71,15.45,10.28,4.857142857142857,8.0,0.8571428571428571
220,15/02/2023,Arsenal,Manchester City,"['1 ', ' 3']",2.9,3.5,2.35,1.88,2.02,Arsenal,21,46,18,51,42.63,21.2,9.77,14.31,11.619047619047619,4.761904761904762,2.4285714285714284,Manchester City,22,56,22,48,49.78,19.65,10.85,24.28,12.318181818181818,3.909090909090909,2.1818181818181817
221,18/02/2023,Aston Villa,Arsenal,"['2 ', ' 4']",4.5,3.6,1.5,2.02,1.88,Aston Villa,22,26,34,28,25.88,35.49,12.48,11.21,6.409090909090909,6.2272727272727275,1.2727272727272727,Arsenal,22,47,21,51,44.33,23.21,9.73,14.19,11.5,4.863636363636363,2.3181818181818183
222,18/02/2023,Brentford,Crystal Palace,"['1 ', ' 1']",1.83,3.5,4.5,2.1,1.73,Brentford,22,36,29,34,35.33,29.42,11.88,9.37,6.2272727272727275,9.227272727272727,1.5454545454545454,Crystal Palace,22,20,30,25,22.15,35.21,14.05,8.67,4.363636363636363,9.818181818181818,1.1363636363636365
223,18/02/2023,Brighton,Fulham,"['0 ', ' 1']",1.65,3.8,5.5,1.73,2.1,Brighton,21,39,28,35,39.12,26.65,10.11,16.46,9.476190476190476,5.571428571428571,1.6666666666666667,Fulham,23,34,30,35,32.02,42.64,14.06,10.87,5.086956521739131,7.130434782608695,1.5217391304347827
224,18/02/2023,Chelsea,Southampton,"['0 ', ' 1']",1.4,4.75,8.5,1.98,1.92,Chelsea,22,23,22,31,29.28,29.43,8.47,14.31,7.090909090909091,4.954545454545454,1.4090909090909092,Southampton,22,18,40,15,22.89,32.2,12.47,8.97,5.818181818181818,7.5,0.6818181818181818
225,18/02/2023,Everton,Leeds,"['1 ', ' 0']",2.4,3.3,3.0,2.1,1.73,Everton,22,16,30,18,22.66,37.95,15.38,10.31,4.7727272727272725,7.954545454545454,0.8181818181818182,Leeds,22,28,38,19,29.97,35.98,8.7,9.59,6.2272727272727275,6.409090909090909,0.8636363636363636
226,18/02/2023,Nottingham Forest,Manchester City,"['1 ', ' 1']",8.5,5.5,1.3,1.62,2.3,Nottingham Forest,22,17,37,24,22.56,36.29,17.16,9.11,4.136363636363637,9.409090909090908,1.0909090909090908,Manchester City,23,59,23,51,51.79,21.35,10.94,23.5,12.08695652173913,4.130434782608695,2.217391304347826
227,18/02/2023,Wolverhampton Wanderers,Bournemouth,"['0 ', ' 1']",1.67,3.6,6.0,2.1,1.73,Wolverhampton Wanderers,22,17,31,23,21.39,32.15,14.2,11.52,5.318181818181818,7.818181818181818,1.0454545454545454,Bournemouth,22,20,44,18,19.87,39.03,17.53,8.68,4.863636363636363,9.363636363636363,0.8181818181818182
228,18/02/2023,Newcastle United,Liverpool,"['0 ', ' 2']",2.5,3.5,2.7,1.8,2.0,Newcastle United,22,35,13,41,40.12,23.4,9.47,11.13,9.727272727272727,5.5,1.8636363636363635,Liverpool,21,36,28,32,43.34,35.03,10.82,19.76,11.0,6.333333333333333,1.5238095238095237
229,19/02/2023,Manchester United,Leicester,"['3 ', ' 0']",1.62,4.33,5.25,1.62,2.3,Manchester United,23,38,28,46,38.43,26.97,12.52,14.17,9.173913043478262,6.913043478260869,2.0,Leicester,22,36,38,24,24.94,32.51,12.41,15.69,5.681818181818182,7.2272727272727275,1.0909090909090908
230,19/02/2023,Tottenham,West Ham,"['2 ', ' 0']",1.75,3.6,4.75,1.88,2.02,Tottenham,23,42,35,39,35.61,29.99,13.86,13.68,6.826086956521739,7.521739130434782,1.6956521739130435,West Ham,22,19,27,20,28.61,25.41,16.96,13.33,4.318181818181818,6.181818181818182,0.9090909090909091
231,24/02/2023,Fulham,Wolverhampton Wanderers,"['1 ', ' 1']",2.5,3.2,3.0,2.2,1.67,Fulham,24,35,30,38,32.25,45.35,14.35,10.58,4.875,7.25,1.5833333333333333,Wolverhampton Wanderers,23,17,32,23,22.3,33.31,13.83,11.86,5.565217391304348,7.6521739130434785,1.0
232,25/02/2023,Everton,Aston Villa,"['0 ', ' 2']",2.5,3.2,3.0,2.3,1.62,Everton,23,17,30,21,24.19,38.54,15.13,10.37,4.869565217391305,7.869565217391305,0.9130434782608695,Aston Villa,23,28,38,28,26.22,38.35,12.57,11.13,6.217391304347826,6.565217391304348,1.2173913043478262
233,25/02/2023,Leeds,Southampton,"['1 ', ' 0']",1.95,3.5,4.0,2.05,1.85,Leeds,23,28,39,19,30.57,37.51,8.79,9.62,6.217391304347826,6.434782608695652,0.8260869565217391,Southampton,23,19,40,18,23.51,33.82,12.04,8.78,5.695652173913044,7.6521739130434785,0.782608695652174
234,25/02/2023,Leicester,Arsenal,"['0 ', ' 1']",4.75,4.0,1.7,1.67,2.2,Leicester,23,36,41,24,26.34,36.76,12.37,15.42,5.739130434782608,7.434782608695652,1.0434782608695652,Arsenal,23,51,23,54,47.19,23.55,9.71,14.21,11.608695652173912,4.739130434782608,2.347826086956522
235,25/02/2023,West Ham,Nottingham Forest,"['4 ', ' 0']",1.75,3.6,5.0,2.2,1.67,West Ham,23,19,29,20,28.98,26.84,16.55,12.85,4.260869565217392,6.260869565217392,0.8695652173913043,Nottingham Forest,23,18,38,25,23.69,39.1,17.64,9.05,4.0,9.695652173913043,1.0869565217391304
236,25/02/2023,Bournemouth,Manchester City,"['1 ', ' 4']",10.0,5.75,1.29,1.57,2.38,Bournemouth,23,21,44,21,21.02,39.94,17.7,8.59,4.826086956521739,9.434782608695652,0.9130434782608695,Manchester City,24,60,24,52,54.6,22.48,10.81,23.85,12.25,4.0,2.1666666666666665
237,25/02/2023,Crystal Palace,Liverpool,"['0 ', ' 0']",4.75,3.8,1.73,1.85,2.05,Crystal Palace,23,21,31,26,23.27,35.82,14.24,8.61,4.304347826086956,9.91304347826087,1.1304347826086956,Liverpool,22,38,28,35,45.51,36.78,10.61,20.34,10.818181818181818,6.2727272727272725,1.5909090909090908
238,26/02/2023,Tottenham,Chelsea,"['2 ', ' 0']",2.55,3.25,2.9,2.08,1.82,Tottenham,24,44,35,42,37.04,30.35,13.41,13.53,6.875,7.333333333333333,1.75,Chelsea,23,23,23,31,30.9,30.05,8.33,13.74,7.260869565217392,4.869565217391305,1.3478260869565217
239,01/03/2023,Arsenal,Everton,"['4 ', ' 0']",1.36,4.75,10.0,1.85,2.05,Arsenal,24,52,23,57,47.91,23.57,9.64,14.27,11.541666666666666,4.625,2.375,Everton,24,17,32,21,25.73,40.6,14.45,10.39,5.041666666666667,7.75,0.875
240,01/03/2023,Liverpool,Wolverhampton Wanderers,"['2 ', ' 0']",1.5,4.75,6.0,1.73,2.1,Liverpool,23,38,28,36,46.86,37.77,10.51,20.25,10.565217391304348,6.043478260869565,1.565217391304348,Wolverhampton Wanderers,24,18,33,24,23.3,34.22,13.48,11.73,5.583333333333333,7.583333333333333,1.0
241,04/03/2023,Manchester City,Newcastle United,"['2 ', ' 0']",1.45,4.5,7.0,1.73,2.1,Manchester City,25,64,25,55,57.58,23.57,10.62,24.16,12.36,4.0,2.2,Newcastle United,23,35,15,41,41.87,25.56,10.12,10.89,9.521739130434783,5.565217391304348,1.7826086956521738
242,04/03/2023,Arsenal,Bournemouth,"['3 ', ' 2']",1.22,7.0,12.0,1.57,2.38,Arsenal,25,56,23,60,50.98,25.17,9.57,14.58,11.6,4.64,2.4,Bournemouth,24,22,48,21,22.11,42.92,18.21,8.54,4.791666666666667,9.666666666666666,0.875
243,04/03/2023,Aston Villa,Crystal Palace,"['1 ', ' 0']",2.05,3.3,3.8,2.3,1.62,Aston Villa,24,30,38,31,28.28,39.89,12.52,10.83,6.166666666666667,6.666666666666667,1.2916666666666667,Crystal Palace,24,21,31,27,24.26,37.17,14.44,8.6,4.166666666666667,9.708333333333334,1.125
244,04/03/2023,Brighton,West Ham,"['4 ', ' 0']",1.8,3.6,4.5,1.95,1.95,Brighton,22,39,29,35,41.83,26.87,9.86,16.7,9.5,5.318181818181818,1.5909090909090908,West Ham,24,23,29,23,32.03,27.19,16.25,12.91,4.625,6.125,0.9583333333333334
245,04/03/2023,Chelsea,Leeds,"['1 ', ' 0']",1.62,4.0,5.5,1.95,1.95,Chelsea,24,23,25,31,31.16,30.98,8.31,13.64,7.166666666666667,4.875,1.2916666666666667,Leeds,24,29,39,22,31.29,37.9,8.61,9.69,6.375,6.25,0.9166666666666666
246,04/03/2023,Wolverhampton Wanderers,Tottenham,"['1 ', ' 0']",3.3,3.4,2.2,2.1,1.73,Wolverhampton Wanderers,25,18,35,24,24.09,36.92,13.07,11.47,5.52,7.72,0.96,Tottenham,25,46,35,45,37.97,30.61,13.3,13.23,6.8,7.24,1.8
247,04/03/2023,Southampton,Leicester,"['1 ', ' 0']",2.75,3.3,2.6,2.06,1.84,Southampton,24,19,41,18,23.9,34.54,11.99,8.56,5.541666666666667,7.75,0.75,Leicester,24,36,42,24,26.36,37.48,12.48,15.11,5.583333333333333,7.541666666666667,1.0
248,05/03/2023,Nottingham Forest,Everton,"['2 ', ' 2']",2.7,3.0,2.88,2.5,1.53,Nottingham Forest,24,18,42,25,24.04,42.15,17.54,9.11,3.9583333333333335,9.833333333333334,1.0416666666666667,Everton,25,17,36,21,27.34,43.67,14.76,10.3,5.04,7.96,0.84
249,05/03/2023,Liverpool,Manchester United,"['7 ', ' 0']",2.38,3.6,2.88,1.67,2.2,Liverpool,24,40,28,39,49.56,38.56,10.32,19.17,10.583333333333334,5.958333333333333,1.625,Manchester United,24,41,28,49,42.68,28.36,12.42,14.0,9.291666666666666,6.916666666666667,2.0416666666666665
250,06/03/2023,Brentford,Fulham,"['3 ', ' 2']",1.95,3.6,3.75,1.94,1.96,Brentford,23,37,30,35,35.94,30.54,11.61,9.72,6.478260869565218,8.956521739130435,1.5217391304347827,Fulham,25,36,31,39,33.16,46.35,14.09,10.48,4.92,7.2,1.56
251,11/03/2023,Bournemouth,Liverpool,"['1 ', ' 0']",7.5,5.0,1.4,1.62,2.3,Bournemouth,25,24,51,21,23.85,45.38,18.06,8.37,4.72,10.52,0.84,Liverpool,25,47,28,42,53.0,39.39,10.13,18.92,10.72,5.84,1.68
252,11/03/2023,Everton,Brentford,"['1 ', ' 0']",2.7,3.25,2.7,2.2,1.67,Everton,26,19,38,22,29.05,44.47,14.3,10.17,5.3076923076923075,7.846153846153846,0.8461538461538461,Brentford,24,40,32,38,38.38,32.21,11.18,9.47,6.5,8.708333333333334,1.5833333333333333
253,11/03/2023,Leeds,Brighton,"['2 ', ' 2']",3.75,3.6,1.95,1.89,2.04,Leeds,25,29,40,22,31.92,39.77,8.87,9.63,6.28,6.32,0.88,Brighton,23,43,29,38,45.33,27.12,9.88,16.84,9.478260869565217,5.217391304347826,1.6521739130434783
254,11/03/2023,Leicester,Chelsea,"['1 ', ' 3']",3.75,3.5,1.95,2.02,1.91,Leicester,25,36,43,24,28.03,38.83,12.15,15.0,5.84,7.28,0.96,Chelsea,25,24,25,34,33.03,31.61,8.32,13.78,7.2,4.84,1.36
255,11/03/2023,Tottenham,Nottingham Forest,"['3 ', ' 1']",1.44,4.75,7.0,1.88,2.05,Tottenham,26,46,36,45,39.23,31.18,13.17,13.38,6.8076923076923075,7.076923076923077,1.7307692307692308,Nottingham Forest,25,20,44,26,24.84,43.86,17.0,9.03,4.0,9.92,1.04
256,11/03/2023,Crystal Palace,Manchester City,"['0 ', ' 1']",9.0,4.75,1.36,1.8,2.0,Crystal Palace,25,21,32,27,24.41,38.06,14.08,8.6,4.0,9.64,1.08,Manchester City,26,66,25,58,58.92,23.93,10.62,23.64,12.346153846153847,4.115384615384615,2.230769230769231
257,12/03/2023,Fulham,Arsenal,"['0 ', ' 3']",6.0,4.0,1.57,1.85,2.08,Fulham,26,38,34,39,34.84,48.79,13.67,10.18,4.846153846153846,7.1923076923076925,1.5,Arsenal,26,59,25,63,53.44,26.91,9.36,14.57,12.346153846153847,4.576923076923077,2.423076923076923
258,12/03/2023,Manchester United,Southampton,"['0 ', ' 0']",1.36,5.0,9.0,1.62,2.3,Manchester United,25,41,35,49,43.51,31.81,12.46,13.61,9.04,7.2,1.96,Southampton,25,20,41,21,25.25,36.21,12.04,8.43,5.36,7.92,0.84
259,12/03/2023,West Ham,Aston Villa,"['1 ', ' 1']",2.2,3.3,3.4,2.08,1.85,West Ham,25,23,33,23,32.28,30.69,16.4,12.8,4.56,6.24,0.92,Aston Villa,25,31,38,34,29.17,40.04,12.32,10.74,6.24,6.4,1.36
260,12/03/2023,Newcastle United,Wolverhampton Wanderers,"['2 ', ' 1']",1.65,3.75,5.5,2.2,1.67,Newcastle United,24,35,17,41,42.23,26.9,10.3,10.88,9.416666666666666,5.833333333333333,1.7083333333333333,Wolverhampton Wanderers,26,19,35,27,24.65,38.18,13.25,11.43,5.423076923076923,7.6923076923076925,1.0384615384615385
261,15/03/2023,Brighton,Crystal Palace,"['1 ', ' 0']",1.44,4.2,8.0,1.93,1.97,Brighton,24,45,31,39,46.85,27.72,9.78,16.51,9.5,5.375,1.625,Crystal Palace,26,21,33,27,24.6,40.25,14.19,8.46,3.8461538461538463,9.576923076923077,1.0384615384615385
262,15/03/2023,Southampton,Brentford,"['0 ', ' 2']",2.88,3.25,2.5,2.1,1.73,Southampton,26,20,41,22,26.43,37.12,11.91,8.46,5.3076923076923075,7.923076923076923,0.8461538461538461,Brentford,25,40,33,38,40.33,33.93,10.99,9.57,6.52,8.36,1.52
